Gene,Chromosome
AHNAK,14
BSCL2,2
HNRNPUL2-BSCL2,3
C15ORF57,4
CBX3,8
DHRS1,1
RABGGTA,1
MYO5A,3
IGF2,23
TNNT1,2
CALR,21
ARHGEF17,2
MCAM,9
BZW1,2
LAMA5,18
CCM2,3
SEC31A,5
DYNC1H1,11
EIF3A,9
ENAH,5
ARID1B,7
FAM120A,4
CFAP20,2
GSE1,5
SF1,13
ILF3,12
SFPQ,16
IMPAD1,2
MAPK8IP3,3
KDM2B,3
CDKN2C,2
LRRC47,5
MALT1,3
MAP3K3,2
NCL,22
MCC,3
RABL6,7
METTL13,2
POLR2E,5
MYEOV,6
UNC13A,3
PGAM5,3
GFRA2,2
PGM3,2
FGD5-AS1,5
PKNOX2,2
GSN,13
POLR2J4,2
TUBB6,4
RGS12,3
MPHOSPH8,2
SDK2,4
EHBP1L1,3
SLC1A5,15
HDAC4,2
SNX32,5
FLNB,12
SPEN,4
ELF1,3
SRSF5,2
MLEC,5
STK11,4
IGF2R,6
TCF7L2,2
UBE2D3,2
TMEFF1,2
VAT1,10
UBA5,2
FNBP1,3
VCP,4
VGF,13
ZYX,7
MORC2,2
C11ORF30,1
PRKRIR,1
PHACTR4,2
SMPDL3B,1
ARHGAP32,2
KCNJ1,1
GRM5,1
DAP3,2
YY1AP1,1
HN1,6
NT5C,1
SUMO1,1
AC079354.5,1
ADORA2B,1
TTC19,1
EYA3,1
ZBTB8A,1
ZC3H7A,3
BCAR4,1
POLA2,2
CDC42EP2,1
APP,21
CCAT1,2
CASC19,1
DPP8,3
RPL24P4,2
ABALON,5
TPX2,2
ANP32B,11
PTMA,14
NRL,2
DHRS4-AS1,2
NXPH4,1
SHMT2,5
SMG1P3,1
EEF2K,2
CCND3,9
PKM,22
FTH1,23
S100A11,6
KRT19,16
KRT18,6
LMNA,14
KRT8,21
PABPC1,17
TUBB4B,12
PCK2,2
PHLDA1,18
EGR1,11
SLC2A1,9
ACTB,22
UBE2G1,2
ANKFY1,2
ZNF718,1
ZNF876P,1
DNMT1,6
KEAP1,1
PSMD3,5
PPP1R1B,14
SMYD3,3
ZNF670-ZNF695,1
ZNF695,1
PRRC2B,7
PLPP7,1
RANBP1,1
TANGO2,2
ASCC1,1
MICU1,1
RBM14,4
PACS1,2
CDCA4,1
JAG2,4
CORO7,2
VPS13D,2
PRMT7,1
SLC7A6,1
RRBP1,7
OVOL2,1
LHFPL2,2
ARSB,2
CORO7-PAM16,2
NAP1L4,2
GPBP1,2
RASA2,4
PXYLP1,1
SMG5,3
PAQR6,1
RAB11FIP3,1
TUBB3,4
AXIN1,2
LMF1,4
PSPC1,3
FAM179A,2
NUDT3,3
BRPF3,3
GRHL2,2
NCALD,1
CLTB,1
NOP16,2
ZNF236,1
ZNF516,2
AZGP1,1
GJC3,1
ARFIP1,2
FHDC1,1
NAA40,1
C11ORF84,1
THRAP3,4
AGO3,3
PPP1R16A,2
ADGRB1,1
C11ORF80,2
CCS,1
GNAI2,7
RBM6,1
FRYL,1
OCIAD2,3
GMDS,6
PDE8B,2
IL6R,2
ATP8B2,3
RGS3,2
SLC31A2,1
STYXL1,1
GTF2IP7,1
DNAJB6,2
AC006372.4,1
DSCC1,1
TAF2,2
EZH2,6
PSD3,2
CENPI,1
TMEM35,1
INTS4,1
GAB2,3
CTPS1,2
SLFNL1-AS1,1
LHX6,1
NDUFA8,1
MIR646HG,1
CDH26,1
NDRG4,1
SETD6,2
PDZRN3,2
DCSTAMP,2
SETD7,1
NDUFC1,2
SNX6,1
BAZ1A,3
CSNK1E,8
ZBTB25,2
EEF2,22
KRT23,1
LINC00665,2
HKR1,2
NDUFB8,1
SEC31B,1
PUS10,1
AC010733.5,1
SIDT2,2
TAGLN,9
SNX30,1
KIAA1958,1
TTC39A,1
NRD1,3
UBE2J2,2
FAM132A,2
AARD,2
LRRC75A,18
FOXRED2,3
TXN2,2
GNAI3,3
GNAS,17
LY6E,10
ODF2,1
DNM1,2
PKN1,4
STARD3,5
SFXN1,2
ATP5C1,2
TMED4,2
MYO1G,2
TSC2,2
XX-DJ76P10__A.2,1
WRB,1
SH3BGR,1
ZNF620,1
PBRM1,2
MARS,5
AVIL,1
MET,8
CAV2,4
LRP1,13
INVS,1
HSD17B3,1
LINC00545,1
MEDAG,2
FOXO1,2
PAX3,2
SEPT9,19
VMP1,5
PEMT,1
IFT20,2
USP32,1
PTRH2,1
MAD1L1,5
MROH3P,3
LINC01134,1
LINC01346,1
FITM1,1
PSME1,2
RAPSN,1
PSMC3,5
XRCC2,4
C8ORF76,2
ZHX1-C8ORF76,2
ZNF841,2
AC006272.1,1
AGAP2,2
METTL21B,1
GATAD2B,1
NUP210L,1
ACYP1,1
MLH3,2
BCKDK,1
KAT8,2
ZNF432,1
CDK4,5
MYH9,21
LINC00619,1
LINC00840,1
AP000320.7,2
NPIPB1P,2
STAC3,1
MRPS6,2
OS9,14
SLC5A3,3
CTBS,1
GNG5,1
EEF1D,8
NAPRT,1
EEF1DP3,1
FRY,2
LINC00415,1
SHISA2,1
METTL23,1
MFSD11,3
RPS5,6
VIM,22
TBC1D22A,2
SLCO3A1,4
AC133528.2,1
ING5,1
ACACA,4
MED1,1
RPL3,7
MFSD3,1
LRRC14,1
AGAP2-AS1,1
RPL27,2
IFI35,1
RPSAP52,1
HMGA2,3
UBA52,7
AC099535.4,2
MIR4435-2HG,1
AC093616.4,1
APOL2,2
CREBBP,4
TRAP1,2
CDK1,2
EBF1,5
SMARCA4,10
C19ORF44,1
AKT3,6
DNAH14,3
CLTC,5
GOLT1A,2
KISS1,1
MT2A,16
NCKIPSD,1
CELSR3,1
SLC25A6,19
HDGF,13
TM4SF19,1
PCYT1A,2
YIPF5,4
IL3RA,2
AP1M2,4
CDKN2D,1
MB21D2,1
FGF12,1
SLC7A5,19
SNTB2,1
VPS4A,2
ACTN1,10
ANP32E,11
APLP2,18
CENPB,6
CMIP,4
EIF4G1,13
HNRNPU,11
LARP1,9
CNOT8,1
MAGIX,1
PLP2,2
MVD,2
TTC7B,4
NFATC3,2
PLA2G15,1
PIGX,1
PAK2,1
PTGES2,1
SLC25A25-AS1,2
ANAPC7,3
KDSR,2
ARNT,1
CTSK,1
DVL3,5
AP2M1,6
ENO1,19
H1F0,5
ETS1,4
SQSTM1,16
GCHFR,3
HSP90B1,10
IRAK1,15
SURF4,8
LMNB2,8
AP000318.2,1
POLR2A,10
COTL1,7
PRR11,3
SMG8,2
RPTOR,5
CHMP6,1
RTN4,18
SEH1L,1
CEP192,1
LDLR,7
TGM2,13
GANAB,13
TRMT12,1
RNF139,3
WDR35,1
TTC32,1
ZNF570,1
ZNF793,1
SLC29A1,1
HSP90AB1,17
CDK2,1
RAB5B,2
SLC22A18AS,1
USP47,3
DEXI,2
PPP6R3,5
STIM1,5
C16ORF62,2
AARS2,4
CA5A,2
CHKA,3
KIAA1549L,1
MIR34AHG,2
GPR157,1
PMEL,20
SCARB1,3
UBC,9
DDOST,11
MOG,2
DLX5,1
DLX6-AS1,2
PINK1-AS,6
ANKLE2,2
AC006129.1,1
LINC01480,1
CD63,12
ALDOA,19
SBF2,3
RBBP6,2
SLC22A18,2
TPT1,11
CTSD,19
RAB7A,15
DCT,3
MESDC1,1
CFAP161,1
NCKAP5L,2
PSMB2,3
LINC00887,2
ZNF544,1
AC010642.1,1
ZNF8,1
PTPN11,2
TRPM8,2
PPFIBP1,2
SMCO2,1
C19ORF38,1
RWDD1,1
FAM26D,1
LAMA3,3
RBBP8,1
PPP2R2A,3
SNX14,2
MXRA8,3
SMUG1,2
BCAR3,3
ALG14,2
RAPGEF6,3
BCL2L1,4
TTC39C,1
CABYR,1
HIST1H2AC,2
HIST1H2BD,1
CDK5RAP2,3
C5,1
CAPN2,7
RAB40C,2
WDR90,2
EBF4,2
TMEM50B,3
MAP4,9
CBFA2T3,3
RAPGEF3,1
NFE2,1
TTC27,1
BIRC6,2
ERP27,2
MGP,2
AMOTL1,2
C11ORF97,1
CASC3,6
THRA,2
SYT14,1
DIEXF,1
GMCL1,2
ANXA4,4
HEPHL1,2
PANX1,1
NDOR1,2
NELFA,4
ARHGAP26,2
BOP1,5
MGAT3,1
TAB1,2
PARL,1
MAP6D1,1
ADGRF3,1
OTOF,1
PRIM2,4
TRPC4AP,7
SPRTN,1
DISC1,1
TSNAX-DISC1,1
AC004549.6,1
HIBADH,1
C1GALT1,1
AC005532.5,1
PSMD2,3
CRK,2
YWHAE,4
PCCA,3
UBAC2,3
PXMP4,2
E2F1,2
SHOC2,1
RBM20,1
THAP11,6
ATXN3,2
ACTN4,18
PRKCSH,16
BAIAP2L2,1
SLC16A8,1
CCDC91,4
LMO3,2
CCL28,1
C5ORF28,1
COMMD1,1
B3GNT2,1
EP400,6
NCOR2,14
HOXC10,1
FLJ12825,1
MFSD7,2
ATP5I,2
ANP32A,7
NOP9,1
LTB4R,2
NR2F1,4
CAST,4
PLA2R1,2
SLCO1B7,2
L1CAM,10
PWWP2B,2
LRRC27,1
IGFBP3,19
SH3BP1,4
LGALS1,9
XK,1
CYBB,1
ZNF836,1
ZNF616,1
CHCHD10,1
VPREB3,1
CASC8,7
MIA2,1
CTAGE5,1
AC013463.2,1
SCN2A,1
POLR1A,3
REEP1,1
AL121578.2,1
SYTL5,1
TMC5,1
CCP110,1
IGFBP1,6
S100A6,20
AC004967.7,1
OR7E38P,1
ARPC1B,8
TXNIP,2
TECR,2
CXCL16,2
AC004066.3,1
PPA2,1
ALPP,5
CEACAM5,9
MSLN,2
PSAP,18
BAIAP2L1,4
CTSB,16
CLDN4,11
LYZ,20
GNB2L1,15
GLYCTK,1
DNAH1,1
GPRC5A,15
ITGB4,15
ARPC1A,5
HMGA1,16
PPIA,3
STAT6,6
TM2D2,1
ADAM9,9
AC012668.2,1
LINC01614,1
MTMR8,1
ASB12,1
CADM3-AS1,1
AIM2,1
TMEM141,1
CCDC183,2
CADM4,2
ZNF428,2
MED15,8
SRP14,8
LGR4,1
CCDC34,1
MSMB,1
NCOA4,1
TRB@,11
FTL,19
ACE2,1
PIR,1
ARNTL2,2
PDIA4,10
CRKL,3
XXBAC-B135H6.15,1
HSPE1,1
MOB4,1
LZTR1,3
MATR3,2
PAIP2,2
NCOA3,10
MN1,2
TPD52,5
MRPS28,1
AC007308.7,2
CTBP1,8
KATNAL1,2
CDH12,2
SNAP29,3
TRADD,1
B3GNT9,2
VPS45,2
PLEKHO1,2
RNASEH2A,1
ASNA1,1
CAPZB,7
TMCO4,1
EPCAM,1
MSH2,1
KLK4,1
KLKP1,1
AC156455.1,1
MLXIP,6
TBP,4
MISP,2
SRRM2,18
FASN,17
FBRSL1,5
HDAC8,1
CITED1,1
HMGB2,13
HSD17B10,1
SMC1A,3
JSRP1,9
RPS28,17
LRRC75A-AS1,11
DOCK1,6
SHPRH,1
FBXO30,1
FAM175A,1
HELQ,2
EYA2,2
C4ORF45,2
KIAA1217,3
RNF17,2
TMEM259,1
SBNO2,5
AAK1,2
AC092431.3,1
PARP4,2
CNTNAP2,2
NFAT5,2
CYB5B,1
SPIDR,5
XKR4,1
AC015849.16,1
CCL5,1
CWC25,1
FBXO47,1
LINC01429,1
SALL4,2
ASAP2,2
TONSL,5
SLMAP,3
ASAP3,2
TCEA3,1
NSL1,2
BATF3,1
P2RY6,1
TMED7,1
TICAM2,1
ZNF765,1
TPM3P9,1
AIM1L,1
UBXN11,1
ASNSD1,1
ANKAR,1
CUL5,3
ACAT1,1
HM13,7
ID1,1
IMMP2L,1
AC003088.1,1
PPFIA1,3
ANO1,5
TMED3,1
KIAA1024,1
BLMH,3
NF1,4
CD27-AS1,1
NOP2,1
ERBB2,22
GRB7,2
NDFIP2,1
LINC01068,1
RHNO1,1
ITFG2,1
SND1,11
KL,2
TACSTD2,5
OMA1,2
H19,6
GCSH,1
C16ORF46,1
RASSF8,1
SSPN,2
BAG6,8
SLC44A4,1
BCR,2
ABL1,8
NUP214,2
XKR3,2
LINC01169,1
SMAD6,1
C10ORF76,2
KCNIP2,1
AC023590.1,2
NQO2,2
C16ORF87,1
ORC6,2
DOCK4,1
C20ORF203,1
NOL4L,2
AC108488.4,1
ADI1,2
CRELD1,1
PRRT3-AS1,1
DUS4L,1
BCAP29,1
CCDC26,2
LINC00977,1
EIF1,15
PRKCB,3
AC079466.1,10
CD46,3
MAPK1,4
FAM126A,2
STK4,3
FUS,12
EWSR1,13
GCAT,1
GALR3,1
GS1-124K5.2,1
GTF2IP23,1
HAUS5,2
C7ORF43,2
C10ORF54,2
RPS6,5
B2M,10
SARS,4
CYP20A1,2
SNX10,1
AC004540.5,1
KANSL1,3
ARL17A,1
KCNH6,1
ACE,1
CCDC57,3
CCNE1,3
GOLPH3L,2
HACD3,12
JAGN1,1
TTLL3,2
ARPC4-TTLL3,1
VSTM2B,2
CRLF3,2
SUZ12P1,1
ADARB2,2
CFAP61,2
CGGBP1,2
TBC1D5,1
TBC1D24,1
ATP6V0C,6
C1QTNF3,1
AMACR,1
CAPN15,2
ZNF747,1
ZNF768,1
HN1L,3
PELI3,1
DPP3,3
PLA2G12A,1
CASP6,2
BICD2,2
IPPK,1
DHRS7B,2
PKHD1,2
RAB3B,2
PMF1,1
BGLAP,1
SIX3,1
AC012354.6,2
TUBA1A,2
TUBA4A,5
ARID1A,10
CHGA,14
ARL6IP1,3
RPS15A,2
BIRC5,2
AFMID,2
CACNG4,2
CACNG1,1
CIART,1
MRPS21,2
HSP90AA1,9
ACIN1,6
LARS2,1
LIMD1,4
LRRC59,2
MRPL27,1
CLYBL,2
PIGT,3
WFDC2,3
RDH11,1
VTI1B,1
SEPSECS-AS1,1
PI4K2B,2
SLC25A37,4
ZNF341,2
TNFSF12-TNFSF13,1
MPDU1,1
TNFSF13,1
WASF2,3
IFI6,3
TRAF2,2
ELP6,1
PTPN23,3
TRAF3,2
IGH@,23
CLCF1,1
POLD4,3
PRPF6,4
HUNK,2
UNC119B,1
ATP13A1,1
ZNF14,1
DBT,2
MECOM,3
CROCCP2,2
NBPF1,1
DDX54,3
TRIM28,10
ERGIC3,3
THRIL,4
FAM120C,2
NEAT1,12
FNDC3B,4
ECT2,1
MKNK2,5
PARD6B,2
BCAS4,4
TMED6,1
COG8,2
CAPZA2,4
LINC00893,1
IDS,1
HMGCR,3
ANKDD1B,1
SLC35A5,2
PIF1,2
STRADA,1
LIMD2,1
PSMC1,2
AC005540.3,2
LDHA,12
KRT7,20
CACNG8,1
CACNG6,1
PYCARD-AS1,1
TAPBP,11
NUCKS1,2
PTRF,21
STAT3,3
ANTXR1,1
AC011897.2,1
DDX1,10
AC068286.1,1
NFIA,3
AC097374.2,2
FAM84A,2
MYCN,3
RARA,4
SYN2,1
PPARG,2
AACSP1,1
ZNF354A,1
AC009336.19,1
HAGLROS,1
HOXD3,1
SSTR2,2
DDX39B,7
CHD3,5
FADS1,4
WWP2,2
STARD9,3
ARGLU1,2
EFNB2,1
DBNL,3
C22ORF29,3
EIF5B,3
DNAJC2,2
FGD4,3
DNM1L,1
MED28,2
INSR,2
MRFAP1,5
ARAP1,6
ZNF22,2
OGT,3
TNFRSF10B,3
RNF115,3
PDZK1,1
SCRN1,2
SPTLC2,3
BAG1,2
SRCAP,3
H6PD,3
TPM3,5
DLAT,2
TPTEP1,2
UCA1,5
TRIM33,2
EGFL8,2
VGLL4,4
ZMIZ1,6
ZNF644,2
PAPOLA,2
EIF3D,7
CDV3,4
ANKHD1,4
ANKHD1-EIF4EBP3,5
GPR1,2
TMBIM6,15
GUK1,2
IBA57,1
KLHDC4,3
TPM2,18
LBH,4
AC010547.9,2
ZNF23,2
MXI1,2
HARS,2
PSMD7,3
PGRMC2,2
RPL22L1,2
LRIG2,3
CHTOP,2
SEC24A,3
SPG20-AS1,1
CCNA1,1
TPM1,17
PTPRM,2
TRIM11,2
PREX2,2
UBE2L3,3
COMT,2
SPANXA2-OT1,1
XXYAC-YR29IB3.1,1
YBX1,10
MSANTD2,2
ESAM,1
TRPM7,1
USP50,1
ACTR3,2
LINC01191,1
MMP1,9
CANX,19
UBTF,5
URB1,1
MIS18A,1
RPL8,15
DAXX,7
YWHAB,7
HDAC3,1
DIAPH1,2
NTAN1,1
XPO6,3
TMEM245,1
CTNNAL1,1
TTBK2,1
CDAN1,1
COL3A1,15
COL4A2,14
COL1A1,23
RAD23B,9
TNXB,6
COL1A2,22
BRK1,2
VHL,3
SERPINB2,3
CDH13,6
FN1,23
SPARC,22
ADAM10,2
AF121898.3,2
CD36,2
THBS1,23
CALD1,19
SLC20A1,3
SPOCK1,7
TPBG,2
NARS,3
HEG1,3
KDM4A,1
ST3GAL3,1
SGSM3,2
TIMP2,7
PAK3,2
TFG,3
GLIPR1,3
ATP1A1,8
CFL1,14
C14ORF2,2
RPN1,7
CA13,2
CTNND1,3
ENG,7
FLVCR1,2
STX16,4
STX16-NPEPL1,2
HNRNPK,5
HSPG2,15
LTBP3,7
ICE2,2
RPS18,2
LOXL2,16
CYR61,9
RELN,1
MMP24,2
NME4,3
PAICS,3
B3GALT5-AS1,2
PDGFC,3
SERPINE1,22
ACADS,1
WAPL,3
IQGAP1,6
TIMM23B,1
PARGP1,1
MIF-AS1,8
ATXN2,7
SLC26A4,1
FLNA,23
G6PD,10
ITGA3,16
PPP1R12A,3
IL7,2
PRAME,1
RFPL1,1
PSPH,1
CCT6A,1
XXBAC-BPG252P9.9,3
IFI27,3
ARHGDIA,8
EDARADD,3
TKT,13
RPL39,6
TM4SF1,4
MSN,13
MICAL3,6
RANGAP1,15
TUBGCP4,3
GPHN,3
MPP5,1
MUC6,11
SAMD5,2
SASH1,2
LGALS4,2
HSPD1,2
PXN,6
AGRN,19
TRAF7,4
TNS4,12
FITM2,2
GAPDH,20
MINOS1-NBL1,3
NBL1,3
SLC12A2,3
EIF5A,5
SREBF1,6
UTP6,3
COPRS,1
RMND5A,1
ANAPC1,1
CEP112,1
AXIN2,3
PPP6C,1
SCAI,1
PFN1,14
SLC25A11,2
PTMS,14
PSME4,2
GPR75,1
P4HB,14
RPLP1,16
PLXND1,5
ZNF263,1
ZNF75A,1
KRIT1,1
COG5,2
BCLAF1,1
MTFR2,2
NELFB,3
TOR4A,2
PSMD11,4
CDK5R1,1
TBC1D23,2
NIT2,1
SET,5
ARL8B,1
EDEM1,3
CCDC174,1
C3ORF20,1
DPH2,1
ATP6V0B,1
ERBB2IP,2
SREK1,3
LINC01036,1
LINC01037,1
MFSD1,1
IQCJ,1
IQCJ-SCHIP1,2
SNAI3,2
NEK6,2
SIPA1L3,5
CSTF3,1
EIF3M,1
TNPO2,2
RFX1,1
EPN2,1
SPACA3,1
VCL,3
PLAU,6
IFT80,4
LCA5,2
ATF7,1
MAP3K12,1
PPM1D,2
BCAS3,5
SNCG,3
ADIRF,1
UBA2,2
WTIP,2
WWOX,9
VAT1L,1
EZR,16
PEAR1,1
LRRC71,1
CDC42EP4,2
CPSF4L,1
KCNA4,1
AMDHD2,1
FOXA2,3
LINC00261,2
NAP1L1,4
ARHGDIB,4
BRCA1,1
TRIM80P,1
SLC16A5,2
CALB1,2
PRPF31,2
HSPA5,13
LINC00886,1
TIPARP-AS1,1
QSOX2,4
BANK1,2
RBM12B,2
LINC00535,1
SLC35G2,1
NCK1,1
SMOX,4
LINC01433,1
PLEC,19
TRA@,14
UBE2N,3
TSKU,2
ACER3,1
ARL17B,1
VSNL1,3
AC064875.2,1
DPYSL5,9
GFRA3,1
CDC23,1
NMNAT2,4
MAP2,5
IGLON5,2
SBK1,3
SETMAR,1
ITPR1,3
TBC1D16,6
NOS1,3
ARHGAP35,5
MBNL1,4
FXR1,1
ATP5SL,4
ADORA2A,1
UPB1,1
SLC31A1,4
SPECC1L-ADORA2A,3
SPRY4,6
ADD3-AS1,1
XPNPEP1,1
CD4,3
P3H3,3
CRYBB2P1,1
ADRBK2,2
FAM167A,6
GLYR1,6
MEG3,11
NCAM1,1
NR2C1,2
ZNF470,2
STRIP1,1
LINC01397,1
ACTG1,21
CACNA2D2,4
CPLX1,3
FKBP8,10
MAZ,5
NCDN,3
KCNQ2,2
KDELC1,1
TEX30,1
KLF7,2
OPRD1,1
EPB41,7
PIRT,1
LINC00675,1
PPP1R16B,3
FAM83D,1
RBM22P2,2
ARL10,2
RPS27A,3
ZDHHC1,1
TPPP3,1
ZNF3,1
PPP1R9A,3
IL17RC,1
MTMR14,2
DHRS9,1
AC007556.3,1
CLIC4,2
TRNP1,1
MINK1,2
C17ORF107,1
GRPR,1
MAGEB17,1
LA16C-325D7.1,2
IFNGR2,2
ATAD2,5
C5ORF56,1
SLC22A5,1
F3,11
KLK6,4
ATP5G2,4
SNRK,2
ITPR2,2
ASPH,13
CSTB,3
MMP7,1
ACTR10,1
KIAA0586,1
LRFN1,2
GMFG,1
EIF3K,3
SCAF4,3
TIAM1,1
MBOAT7,4
FXYD5,7
MED12,4
NLGN3,1
LINC01004,2
LHFPL3-AS2,1
CCM2L,1
HCK,2
ORMDL3,1
GSDMB,3
TMEM138,2
TMEM216,1
C19ORF60,1
TMEM59L,1
SMIM3,1
IRGM,1
FES,1
MAN2A2,3
WEE2-AS1,1
KIAA1147,1
ZNF252P,2
ZNF16,1
BRCA2,1
PDS5B,1
MND1,1
KIAA0922,1
SGSH,2
RAD54L2,2
ZNF250,1
COMMD5,1
CCDC146,1
PTPN12,2
FYCO1,2
LZTFL1,1
MOCOS,2
SLC26A2,2
NLE1,1
RAD51D,1
RAD51L3-RFFL,1
PNPO,1
CDK5RAP3,1
PTCRA,1
CNPY3,1
ZNF71,2
SMIM17,1
TCF7L1,2
TMSB10,9
LARP4B,2
TSPAN33,2
SMURF2,2
DDX5,6
SNAP47,3
ME2,3
DCC,1
SBNO1,4
ERICH1,2
KCNQ5,3
AGAP3,3
CKAP4,4
C18ORF25,3
MALAT1,5
CCNF,3
GAS2L1,3
CRMP1,2
TMED9,8
DAZAP2,3
POLL,2
FZD2,2
NUDCD2,2
HOOK3,2
KCNH2,3
COL5A1,16
LASP1,12
MYL6,7
MARC2,2
SRSF2,2
MIR497HG,3
PCM1,3
SF3A2,5
MRPL52,3
LRRFIP1,5
NCAPD2,4
RHOBTB3,6
NSD1,4
PDXK,3
AP1M1,2
POLDIP2,3
PPIC,2
NIT1,3
RANBP2,1
TGFB1,5
SMURF1,2
PLA2G1B,1
OSGIN1,1
NECAB2,3
ELP2,1
FHOD3,3
PRKCE,2
TTC7A,3
SSRP1,5
TNKS1BP1,4
CHMP2B,1
MAGI1,1
CCNT2,2
AC098823.3,1
AC006273.5,1
PTBP1,8
OSGEPL1-AS1,1
ASXL2,1
CUTC,1
ABCC2,1
INF2,5
ADSSL1,1
SNRNP35,1
SETD8,1
GBP3,1
CCBL2,1
LMBR1,1
AC005534.8,1
AIMP2,1
ANKRD61,1
KB-1125A3.12,3
AHR,2
ZFAND1,1
SLC10A5,1
C9ORF78,3
NQO1,16
PFAS,1
RANGRF,2
SEMA3F,1
GNAT1,1
TRIM52,1
WSB2,1
VSIG10,1
DLEU2,1
RB1,1
DLEU1,1
LPAR6,1
KMT2A,6
MLLT3,5
CLEC11A,4
JMJD1C-AS1,1
REEP3,3
AC008440.5,5
PLSCR4,1
CEP19,1
SRGN,8
ARHGEF40,4
SLC25A36,2
CSF3R,4
DNAJC9-AS1,3
FADS2,6
AZU1,8
LSG1,4
RCC1,7
SSU72,3
MTPN,4
NISCH,3
GPT,1
SH2D3C,1
TOR2A,1
HDAC7,5
MMP14,17
HCG4P11,1
XXBAC-BPG248L24.12,3
LGALS3BP,9
BST2,2
L34079.4,1
PINLYP,1
NPM1,4
PDIA6,8
ISG15,5
SUMO2,2
DHCR24,8
LRRC41,3
PPM1G,7
PPP1R13L,1
ERCC2,1
TNS3,6
VIM-AS1,21
FSTL1,10
ANXA5,9
TRPC3,2
ARF1,7
CDK13,1
SUGCT,2
CERCAM,4
MOV10,3
NPC1,3
PLBD2,8
ELMOD1,2
MPZL1,2
RPLP0,4
SLC16A3,7
ARRDC1,3
EHMT1,2
RPF1,3
SEMA4B,4
ARFGEF3,2
CNPPD1,2
SLC23A3,1
FAM63B,2
TRIM41,3
FZR1,3
GALNT18,2
IER3,3
FBXL20,6
MKLN1,2
UTP14C,2
ZNF106,4
DDX17,9
RBM25,6
ABI2,2
SLC3A2,14
ABCA2,4
SUMF2,2
ZNF609,5
TINAGL1,10
TRIM8,3
GPAT4,1
DCTN6,1
RRS1,1
SDC2,2
LINC01299,1
LEPROTL1,1
EXT1,7
SENP7,2
MMP16,2
CNGB3,1
PDE7A,1
GS1-24F4.2,1
BAG4,1
OR7E15P,1
PSIP1,3
APTX,1
DNAJA1,3
CHST9,2
RHBDD2,2
POR,2
MFNG,1
ELFN2,1
GATA4,1
ZNF593,2
CNKSR1,1
DNMT3A,1
ADCY3,1
ZFP90,1
CDH3,3
KIF3A,1
SHROOM1,2
RPL37A,4
IGFBP2,6
EPS8L2,4
TALDO1,2
UBXN8,2
BMP1,2
ARMC6,2
SLC25A42,1
CDK8,1
FGF14,2
RNF216P1,1
RBAK,1
TNFRSF21,3
PTCHD4,1
NPTXR,1
DNAL4,1
ZNF529-AS1,1
ZNF382,1
CPSF6,12
TMEM184B,3
CUL2,2
MCM3AP-AS1,1
YBEY,1
ARHGEF7,3
TEX29,1
DRAXIN,1
AGTRAP,1
TMEM258,1
POLD2,4
POLM,1
SCNN1D,2
ZFAT,2
ARMC9,1
AC017104.6,1
BZW2,1
TSPAN13,2
CHCHD2,2
PHKG1,1
ERICH5,1
FZD6,1
FUT10,2
SFRP1,11
HAS3,1
CIRH1A,1
HSD17B14,2
BCAT2,2
AC015977.6,1
CIB4,1
ATP1A3,2
ATP6V1H,1
OXR1,1
BBOX1-AS1,1
SLC5A12,1
IRF2BP2,2
KBTBD11,2
TP53BP1,3
FAM20B,5
NARF,2
FAM83F,1
TNRC6B,1
GOLGA2P8,1
SEPT8,1
SLC16A1-AS1,1
MGRN1,3
NUDT16L1,1
MRPL21,3
CPT1A,3
MTURN,2
ZNRF2,1
NANP,1
NINL,1
PDP2,2
RN7SL405P,2
RNF187,4
DNM2,6
TMPO,6
SLC25A3,6
TXNL4A,1
PQLC1,1
ARID2,3
MACC1,4
TCF12,5
ZNF826P,2
SCYL1,4
FRMD8,1
PVRL4,1
ARHGAP30,2
USP7,2
MBOAT1,2
ACOXL,2
ACVRL1,2
SNX13,3
SFN,9
TRIM29,2
SUFU,1
RPARP-AS1,1
ARSI,1
CAMK2A,1
PTPRF,11
WDR72,2
AC068580.6,2
CELP,2
CEL,1
ANK1,4
BCL9L,7
ID3,3
TRIOBP,8
PVRL1,3
SH3PXD2A,7
BCL9,4
SLC25A43,1
SLC25A5,2
TSPAN1,2
LURAP1,1
VKORC1,1
PRSS53,2
KMT2C,4
TPTE,2
RFTN1,3
PVT1,17
MED20,2
C6ORF132,2
DENND6B,2
PLXNB2,10
NPW,1
SLC9A3R2,2
ASL,2
CRCP,2
WDR81,1
SERPINF2,1
RP11-381K20.2,1
KLHL3,1
BAIAP2,2
KCNN3,2
AR,4
NCOA6,6
TXLNA,2
CCDC28B,3
ALOX5AP,1
LINC00398,1
MCL1,5
RPS19,7
NOC4L,2
GRAMD1A,2
SCN1B,1
OXNAD1,2
APEH,2
RNF123,2
CLEC16A,3
CIITA,4
CRY2,1
MAPK8IP1,1
ERP29,3
NCKAP1L,1
GPKOW,1
WDR45,1
INPP5D,3
POU2AF1,5
ITM2C,7
IVD,4
BAHD1,2
MBD6,1
MFSD10,4
MMP17,1
ZFP36L1,9
SLC1A1,1
IL33,1
CD22,4
ZSWIM1,3
CTSA,6
COL16A1,5
MMP2,17
LPCAT2,1
ELOVL1,3
ITGA11,10
COL15A1,4
CTGF,17
IGFBP7,17
CCND1,19
DVL1,2
ADAMTS12,3
BGN,17
GABARAP,1
GPNMB,7
NOL6,5
RAB11FIP5,3
FAM234A,2
MFGE8,14
TIMP3,13
OLFML2B,3
PALM2-AKAP2,6
SMPD1,2
UACA,3
AKAP2,6
COL13A1,3
BACE2,4
MAU2,3
NDRG1,7
PCDHGA11,5
PCDHGB5,4
RHOT2,2
SH3KBP1,2
TMEM119,2
TPST2,2
UNC5B,2
WNK1,6
BASP1,4
SLC14A1,2
IMP3,1
SNUPN,2
ITGBL1,5
LMO7-AS1,1
COMMD6,1
MAP4K4,8
MPC2,1
ADCY10,1
NEO1,2
SEMA5A,3
SLC12A4,3
HTRA1,2
STX7,2
RPS6KB1,2
TFDP2,4
APOL4,1
ERV3-1,2
PDE1A,2
ZNF117,2
DNASE1L1,2
KIF1C,6
SLTM,1
KCNJ14,1
CABP5,1
EMP2,5
TMEM38B,3
CHIA,1
PIFO,1
EPB41L4A,3
FBXL17,1
SETD5,2
ATP2B2,1
ZC3H15,1
ITGAV,2
MANBAL,1
SRC,2
WDR43,2
DGKZ,1
HIPK3,3
FUT1,1
IZUMO1,1
GIPC1,3
PTGER1,1
TDRP,1
FBXO25,1
CAPN1,6
CLU,8
ASH1L-AS1,1
DAP3P1,1
MYH14,10
MYBL2,7
HMGN2,5
GSTP1,9
KANSL3,5
MORF4L2-AS1,1
TMEM31,1
RGS9BP,1
NUDT19,2
WDR5,2
DHX38,2
AMPD1,2
GFAP,11
CENPU,1
ENPP6,1
RBPMS,6
TBCEL,1
TECTA,1
WARS2,1
TBX15,1
LRPAP1,3
HDLBP,12
MICALL2,3
PEAK1,1
TSPAN3,4
TMSB4X,4
LENG8,6
COL6A1,11
CTNND2,3
DCAF7,3
TACO1,2
GPI,17
ANXA2,4
ITGB3,1
EFCAB13,1
CNR1,2
NONO,13
VPS41,2
SLC9A7,4
RAB11FIP4,2
TSPAN5,1
ADH4,1
KIF5C,2
GALNT13,3
UBXN2A,1
MFSD2B,1
FAM104A,1
CEP44,2
ADD3,2
CHAMP1,1
RPL23AP97,1
FUBP1,2
CSNK1D,4
GGCT,2
NOD1,1
LRRC8D,1
ZNF326,1
RAB40B,1
WDR45B,4
KIF1A,4
KCTD2,1
LIMK1,5
MCM8,4
PER1,2
SRCIN1,2
TCF3,7
PBX1,2
AC019118.3,1
LINC01250,1
DLEU7-AS1,1
RNASEH2B,1
MZB1,6
SLC23A1,1
LINC00426,1
ZC3H12D,5
PAXIP1,3
DPP6,2
UBQLN1,2
SHC3,1
RBM17,1
PFKFB3,1
SNX8,1
CAND1,1
C12ORF56,1
AP3D1,6
R3HCC1L,3
UBXN1,1
PCMTD1,2
GSTA9P,2
TSPAN31,2
RPS11P6,1
LINC00265,1
HDAC9,2
LRRC1,3
CA10,3
AC005355.2,1
JADE2,3
KIRREL,3
MPTX1,1
MACROD1,1
ROM1,1
SLC35B1,3
CLIC5,3
PXDNL,2
MPP6,1
PHF14,2
PLEKHJ1,2
TGIF1,2
TLE1,2
LYRM5,2
ZBTB1,1
PPP1R36,1
PTK2,4
TRAPPC9,3
C15ORF39,1
ADPGK,3
CHCHD6,2
ALDH1L1-AS2,1
SVIP,1
CCDC179,1
KRT80,2
ARHGAP23,3
MRPL45,2
KRT81,9
PPHLN1,4
ATXN1,2
CCNYL1,1
NRP2,4
KRT17,12
PLCG1,1
PHACTR3,1
COX4I1,3
GSS,4
PLK2,7
PLXNA1,4
SLC27A5,2
MAST2,4
NLN,2
ADAMTSL4,3
FOXJ3,4
MSMO1,3
RBM12,5
KRT8P11,2
TUBB,12
MAVS,5
MUC4,12
NCKAP1,2
UTS2B,1
OSTN-AS1,1
CAMSAP2,2
ADPRH,1
PLA1A,1
CCL22,3
CX3CL1,1
SLC43A3,10
PRG2,3
MIR3945HG,1
ACSL1,2
RAB29,1
CCND2,4
TIGAR,1
MIR155HG,2
JAM2,1
CNOT10,2
ANAPC16,4
GRN,11
NUBPL,2
SPN,10
SPON2,5
DGCR8,2
TRAF1,1
PHF19,2
WDR91,2
C7ORF49,1
UGP2,1
IGK@,18
CCDC93,1
SUSD6,1
RAD51B,1
IL23A,2
CD44,16
PDHX,4
VEGFC,1
GALNTL6,2
MTAP,2
CDKN2A,3
PLAA,2
NBEA,3
FOCAD,2
LINC01239,1
MIR31HG,1
ELAVL2,2
EBPL,2
HIPK2,9
PLCB1,2
CHRDL1,1
CALM3,8
ASCC2,3
COL7A1,5
FGFRL1,8
ITM2B,4
PTPN14,6
BCL2L14,1
BORCS5,1
LRP6,2
ETV6,5
CREBL2,1
TOP3B,2
CYYR1,2
MAP2K3,5
PLBD1,1
PLEK2,1
ATP6V1D,1
CIRBP,2
MYC,7
JUP,13
MUC5AC,11
MANSC1,1
NDUFA4,1
SLCO1B1,2
GOLT1B,2
ERLIN2,1
TMEM68,3
PRCP,1
RPS6KB2,1
KDM2A,2
CLNS1A,1
TENM4,3
SIRPD,2
RSF1,2
ZNF160,1
ZNF468,2
GPR107,2
LAMA2,3
NARS2,1
SCAND2P,2
KIF7,1
CCSER2,1
LINC00858,1
ADAP1,1
SUN1,3
CARNMT1,1
C9ORF40,1
AC027612.6,1
SERINC2,4
NDUFC2-KCTD14,2
ACADVL,3
SLC2A8,2
TIMP1,10
NTN4,4
IRGQ,2
SCUBE3,6
QSOX1,13
CDK16,3
RPS11,5
JMJD6,1
MXRA7,4
NOTCH2NL,2
TPM4,9
DCAKD,5
CDC16,3
LINC01024,1
NF2,1
CLK1,1
TRAK2,1
TMEM87A,1
NR6A1,1
GOLGA1,2
P4HA1,4
SACM1L,2
JAK2,1
PTPRD,2
RAB31,2
MYOM1,1
LINC00973,2
COPB2,4
NAA25,2
HECTD4,2
FAM234B,1
PRKRIP1,1
CUX1,7
TRIO,6
DSCR4,1
KCNJ6,2
RSPRY1,1
NLRC5,1
AK3,1
CDC37L1-AS1,1
GPR1-AS,1
ZDBF2,1
IAH1,3
MACF1,5
OSBPL2,2
CDH4,2
CYTH1,2
EIF3H,7
CCDC85C,3
SETD3,1
TATDN1,3
PCDH1,1
SUMF1,1
LRRFIP2,1
SAMD12,1
MRPL13,2
KLHDC2,2
SNTB1,3
NCOA2,1
LINC00536,1
CPNE1,1
PREX1,3
FOXK2,6
MTMR3,2
UQCR10,2
TBC1D31,3
ZNF704,1
COLEC10,2
VSTM2L,2
CTNNBL1,1
DHX35,1
ITCH,5
PKIA,2
HSPB1,5
SLC30A6,1
SPAST,1
AC098828.2,2
LAPTM4A,4
FBXL7,1
SUSD2,2
ATP5B,10
ADGRG1,11
ATP2A3,5
PCBP1,6
MCFD2,3
AC016722.3,1
MSL1,2
WDR82,3
PLCD4,1
CXCR2,2
RAB5C,4
SLC45A3,1
ELK4,1
AC010969.1,2
DHRS2,6
CSE1L,3
CTTN,10
CYP4F12,1
CYP4F23P,1
CHD4,7
FKBP14,2
RAD18,2
OXTR,1
SOX13,3
SCD,11
ATAD5,2
TLK2,2
MAPRE1,1
BPI,1
FOXP1,5
FAM188A,3
LINC01385,1
BTF3,2
MTERF4,2
CPS1,3
ARHGAP10,1
EDNRA,1
PRPF3,1
RPRD2,2
EMC3-AS1,1
PGM2L1,1
FCHSD2,2
ZMYND19,1
DPH7,2
HDAC11,1
FBLN2,7
USP4,1
TCAIM,1
CCDC64,1
CABP1,1
ZNF586,1
ZNF814,1
BRI3BP,6
POLRMT,1
TPGS1,2
PLEKHA1,1
TACC2,2
CMTM8,1
CMTM7,1
SLC35E4,1
OSBP2,2
TLCD1,1
NEK8,1
GSR,2
SCARA3,4
EIF2S3,4
OSBPL10,1
RHOA,8
SIAE,3
FCGBP,5
FOS,9
PDLIM5,4
CEP170B,2
ABHD2,6
ACP1,1
AC079779.4,1
BMP4,6
TMEM120B,3
CLUH,2
DENR,1
RHOF,2
ENTPD5,1
FAM161B,1
FBXW8,2
KSR2,1
GPA33,4
LRP5,4
CEMIP,14
SAE1,4
ERBB3,2
RBM3,3
TBC1D25,1
SETD1B,1
CLIP1,2
TRIM3,3
HPX,1
VPS28,2
YLPM1,3
AFF1,6
C20ORF197,1
TIFAB,1
H2AFY,3
DPP9,1
MYDGF,3
KIAA0930,2
CLPP,1
ALKBH7,1
NUP88,3
NKAPP1,1
LINC01402,1
ZNF546,1
ZNF780B,2
CDCA8,2
GRIK3,1
MTF1,3
FAM179B,1
PRPF39,2
SPP1,11
MAP3K14,1
SPATA32,1
MANEAL,1
C1ORF122,1
AKR1B10,13
CCDC124,2
E2F4,5
S100P,5
WI2-89031B12.1,1
CPLX2,8
PTCD3,2
RNF2,1
LINC00970,1
SMIM12,1
DLGAP3,1
TRMT10C,4
SMC6,2
TUFT1,1
PBXIP1,3
SLC11A2,2
LARGE,3
MOB1B,2
ATXN7,4
NLRP3P,1
VSIG1,1
KRT5,22
HNRNPA2B1,16
LINC01399,2
CAV1,5
ALOX15,1
ATP6V0D1,3
NUP43,2
CPA4,11
CRHR1-IT1,3
TMEM94,3
RSPH3,1
CCDC6,3
ANK3,1
CDK12,4
ZFAND2A,1
C7ORF50,7
DOCK5,1
CDCA2,1
SIAH1,1
ABCC11,1
IKZF3,6
GSK3B,3
GPR156,1
ARMC1,1
CCSER1,2
HERC6,2
EIF2AK3,1
PRKD3,1
PSMD12,2
ZNF710,2
WDR93,1
ITGB6,1
RBMS1,1
UBE2K,2
UGDH-AS1,1
PLA2G6,1
EIF4ENIF1,2
DHX30,1
SMARCC1,5
LLGL2,2
FEM1B,2
KCNG3,2
LONP2,1
RECQL5,2
SEC63,1
REV3L,1
TSEN54,2
NPEPL1,1
ADRM1,5
CCBE1,2
D2HGDH,1
GAL3ST2,1
AAMP,2
AIM1,3
BAMBI,2
CCNB1IP1,3
CHKB,3
CTNNA1,7
EPB41L3,2
FAM65A,3
HNRNPF,4
LSR,7
GDF15,14
HUWE1,12
XAGE1B,1
SLC52A2,5
SREBF2,8
TSR2,3
MRPS26,2
ADGRG7,1
CCR3,1
C1QTNF1-AS1,1
CANT1,2
GPR137,2
TEX40,1
ITPR3,8
FAM102B,2
GLMN,1
SOD2,6
SPIB,3
KIAA0125,2
RBL1,3
PPP4R1L,2
RNF213,6
ENDOV,2
KISS1R,1
ARID3A,1
PAX5,9
PRDM1,1
HBS1L,2
MPEG1,3
FAM129C,4
PTCD2,2
SNU13,2
LLPH,2
GAR1,1
RRH,1
MRPS31P4,1
HNRNPA1L2,1
SWAP70,4
NPHP3,3
UCP2,3
AC003006.7,1
ZNF654,1
C3ORF38,1
CBL,6
BCL11A,4
ERI2,1
AC004381.7,1
NCSTN,3
NHLH1,1
DRAIC,1
ARHGAP25,1
AC097495.2,1
ATF5,9
UBALD2,4
BAZ2A,5
CLECL1,1
DHFRL1,1
STX19,1
HNRNPUL1,16
LINC00511,3
SLC39A11,1
MYOCD,1
ARHGAP44,1
PPP6R1,4
PIM1,3
TAGLN2,12
TNFAIP8,1
HSD17B4,1
TP53I11,7
ZNF852,1
ZNF445,1
MCCC1,2
DCUN1D1,2
PPIP5K1,1
CATSPER2,1
WHSC1,11
SCO2,1
CHKB-CPT1B,2
UAP1,3
DDR2,1
KIAA0125P1,2
TNFRSF17,1
SNX29,3
PI3,1
XPO1,3
CCT4,1
C1GALT1C1,2
DNAH11,2
ZNF740,6
TAF1D,4
SCAMP5,2
PPCDC,1
CXXC1,1
MYO5B,2
JCHAIN,16
ADAMTS4,2
B4GALT3,2
BLOC1S5-TXNDC5,15
NES,4
ZBTB38,2
MFI2,2
RPSAP69,1
TXNDC5,16
IGKC,17
IGLC1,14
IGLL5,16
AL109761.5,2
CHODL,1
AQP3,6
ITGAL,6
SLC2A5,2
ITGB7,10
MKI67,10
OOEP-AS1,1
DDX43,1
SLC35F2,1
SLN,1
XBP1,5
CDC37,8
PDE4C,1
TPST1,3
SIRT6,1
TARM1,1
AC068533.7,2
ACVR1,1
CYTIP,1
AKAP8,2
BRD4,6
ZNF699,1
OCA2,1
HERC2,2
KDM4B,4
PLEKHF1,1
ASB4,1
GS1-306C12.1,1
DDB1,4
VWCE,1
RAB11A,3
FAM3B,1
CIT,3
SHB,2
IGSF3,1
CD58,1
SEMA4C,2
ANKRD39,1
CTNNB1,4
CAPG,3
HMG20B,4
NUPL2,1
ZNHIT1,2
YWHAZ,4
GLOD4,1
GEMIN4,1
C10ORF90,1
LINC00601,1
NFE2L1,14
BSG,11
TGFBI,18
TMEM132A,4
SUPT5H,5
RYR1,2
QKI,6
PACRG,2
CTCF,2
SLC9A5,1
EDF1,2
NDRG3,3
PIGG,2
ZNF595,3
ATP2C1,3
ALG1L2,1
LHX3,1
PLEKHG4,1
TGM4,1
RARRES2P6,1
FRG2JP,1
TMSB4Y,1
ANOS2P,1
FRAS1,2
NRP1,4
RAPGEFL1,3
NCOA7,3
TPD52L1,2
RRM2B,1
UBR5,1
PHRF1,2
RASSF7,1
RBMY2EP,1
PRORY,1
LRRC39,1
DUSP16,1
LINC00310,1
NOB1,1
RAB30-AS1,1
PICALM,4
SLC10A4,2
ZAR1,1
BTN2A3P,1
BTN3A3,1
TMEM158,5
KIFC3,3
SIVA1,2
POU6F2,2
LRP1B,3
AP5Z1,2
PUM3,2
CDC37L1,1
ANKRD28,2
HACL1,1
ZNF823,2
AC005624.2,1
APH1A,1
EFHD2,3
TAF15,12
CRLF2,6
DPEP1,1
SPATA33,1
AC018634.9,1
NME8,1
SPTLC1,1
NOL8,1
CDKN2B-AS1,2
CSF2RA,1
VGLL3,5
RASAL3,1
WIZ,3
CD81,4
TSSC4,1
MAML2,6
TMEM236,1
MRC1,1
CIZ1,4
POLR3K,1
IL9RP3,1
RAB9A,1
OFD1,1
TRABD,2
CD74,13
RIMS2,3
ODF1,1
LATS2,2
GLRA2,2
PHTF2,3
STAG3L5P,1
PILRA,1
ULK2,1
SLC47A2,1
AKAP8L,1
FAM217B,3
MKRN2,1
TSEN2,1
RPS6KA2,1
MPC1,1
ADGRL3,2
C5ORF24,3
SNX25,2
PNO1,4
ZFPM2-AS1,2
SDAD1,1
METTL7A,2
MGEA5,1
TTC12,1
ANKK1,1
DHPS,1
WDR83OS,1
FOSB,8
SLC25A40,1
AC004862.6,1
ZFHX3,3
LINC01572,1
CFH,2
CFHR3,1
GAS2L3,2
FGFR1,8
HOMER3,1
COPE,2
LA16C-380H5.5,1
CLDN9,1
DCAF11,1
SSH3,3
WNT6,1
WNT10A,1
SSX1,1
SSX8,1
MAP7D3,2
CRTC2,4
CORO1A,5
NUTM2A-AS1,1
MINPP1,1
SSX3,2
AC069363.1,2
PIM2,4
PRRC2C,6
MLLT1,4
NFIX,5
NACC1,5
PDSS2,2
ACSS1,2
APMAP,1
ARMC5,1
TGFB1I1,1
EAF2,1
SLC15A2,1
LCP1,7
USF2,2
PPP2R1A,3
PEX26,5
TUBA1B,6
MCM3,3
PGLS,4
FAM102A,1
GNPTAB,2
NUP37,2
PPP1R10,2
MDC1,1
ZCCHC14,2
DOCK3,3
AC068831.10,1
ZNF569,2
RALGPS2,1
RASAL2,1
ZNRF3,2
KREMEN1,2
TRERF1,2
IGSF9,1
PPA1,1
NPFFR1,1
BIN3,1
EGR3,1
SV2B,1
NKD1,6
ADCY7,2
PSKH1,2
PDGFA,2
AC147651.1,1
EMID1,3
SHC2,1
TNIP1,2
SLC36A2,1
RNF220,5
ATP11A,5
PTK7,4
CALCOCO1,2
IARS,4
STC2,8
CLSTN1,7
NUMA1,11
B4GALT5,2
CCNK,4
FGF19,3
HSF1,5
HYOU1,7
KMT2D,4
LA16C-360H6.3,1
TIGD7,1
MYO10,6
RBM38,3
DEFA5,2
RNF141,1
ROBO1,4
TNRC18,9
SLC7A8,4
TPR,2
SMARCB1,2
MARK3,4
APOPT1,1
CSAD,1
HOXC6,1
IGHV3-21,1
DBP,1
AKT2,6
PLIN5,2
HOXC4,1
CRABP2,4
IGFBP5,22
SFXN5,2
FAM49A,1
NBAS,4
AC008271.1,1
MAPT-AS1,2
ACOT11,2
HRK,2
SPSB4,1
TTC31,2
LBX2-AS1,1
VPS33B,1
PRC1,2
GEMIN7,1
RELB,1
CYB5A,2
ABHD17B,1
TMEM2,2
COL4A1,13
CRIM1,8
FEZ2,2
ACAP2,2
XXYLT1,1
TNC,9
RABGEF1,1
TMEM248,1
LIF,2
COL6A2,7
CXCL1,5
DCBLD2,11
KCTD7,1
MYOF,7
COL27A1,2
SMAD3,5
CXCL8,3
METTL9,3
EXTL3,3
TMX2-CTNND1,2
FAM149B1,3
AHDC1,3
FNDC3A,2
DCTD,2
FYTTD1,3
GCN1,10
INPP5A,2
RRAS,3
LRRK1,2
ALDH1A3,7
MDH2,4
USP5,2
MTF2,2
SRSF9,3
NUP98,3
PMEPA1,7
QARS,2
TTL,1
RNPEP,2
BYSL,3
ZNF839,2
PTPN21,1
CEP128,2
GOPC,2
ROS1,2
ALDH6A1,1
ARFGEF1,1
PHYHIP,1
ADK,1
GDF6,2
RAP2C,2
R3HCC1,1
NDUFA3,3
RNH1,3
VEGFA,10
CAPNS1,5
PXDN,7
TECPR2,2
AKAP12,5
ATN1,12
BLOC1S6,1
SQRDL,1
PRKACA,1
CCDC88A,1
MTIF2,1
CD151,8
CRTAP,7
CLMP,4
CTSL,6
SRSF7,3
DST,8
MAP1B,12
ENTPD4,3
EPS8,3
CDK6,10
PDCD6IP,2
FST,2
PCDHGA1,3
PCDHGA10,3
PCDHGA12,3
PCDHGA2,3
PCDHGA3,3
PCDHGA4,3
PCDHGA5,3
PCDHGA6,3
PCDHGA7,3
PCDHGA8,3
PCDHGA9,3
PCDHGB1,3
PCDHGB2,3
PCDHGB3,3
PCDHGB4,3
PCDHGB6,3
PCDHGB7,5
PCDHGC3,4
PCDHGC4,4
PCDHGC5,4
KIF18B,5
KPNA4,3
SWI5,2
NDUFV3,1
PKNOX1,1
PABPC1L,2
ZNFX1,4
TRAM2,5
PIGCP1,2
CKAP2,3
OSMR,5
PROSC,4
CHMP1A,8
PSMC5,2
ZNF384,3
KDM5A,3
RERG,2
SERPINE2,18
XRCC5,4
NCAM2,1
TUBD1,2
HTR2B,1
AGAP1,5
GNAZ,3
GS1-124K5.12,2
UTP18,2
SEPT2,7
RUNX1,9
AF127577.8,2
USP39,1
MAT2A,1
KPNA2,4
CDCP1,6
DSCAM,1
RRP1B,1
KPNB1,8
NPEPPS,3
NUDT21,2
AMFR,2
USP22,6
TRDMT1,1
ANKS3,2
UBALD1,2
UBR1,1
TGM5,1
TBC1D8,2
CREG2,1
MAP3K1,1
AC016644.1,1
MPRIP,6
DRG2,1
CYFIP1,1
CHP1,1
FRMD5,1
COG3,1
TDRD3,2
MIR205HG,13
MARCH6,5
MLLT6,13
STXBP2,2
WNT9A,2
PRSS23,6
LRRC37B,1
ADIRF-AS1,3
SLC6A20,1
CD38,4
ATP6V1C2,3
ATXN2L,8
B3GAT3,2
PDK3,2
BRD3,2
ESYT1,2
CCT3,5
CD99,2
HINT1,2
MMAB,2
HNRNPD,5
SON,4
KCTD5,2
REPIN1,4
PRKCH,3
SEC14L1,3
RECQL4,3
POLG,2
SLC9A8,3
CAP1,6
INO80B-WBP1,2
WBP1,2
UBASH3B,3
ATXN7L3B,2
WAC,3
MSI2,4
AL122127.25,1
MPV17,1
UCN,1
GP1BA,1
HERC3,1
FAM13A-AS1,1
LINC01237,1
AC093642.5,1
MGAT4B,4
AADAT,2
PCGF3,2
MAP7D1,5
SLC24A2,1
ADAM12,4
ALG8,1
NDUFC2,1
SLC9B2,1
SEC24D,2
ASB6,3
WARS,3
PRRC2A,14
PHLDB1,4
PLOD1,6
MICAL2,4
BRD8,3
EPHA2,4
LPP,3
MARCH4,2
PPFIA4,2
SPECC1,2
STEAP3,2
SLC4A2,5
FKBP10,3
ATP2B4,5
ABCC1,5
GCLM,3
IQGAP3,2
GALNT2,7
SERINC5,2
CCDC80,15
COL8A2,3
CLDN11,3
CTSZ,5
SULF1,5
CNN2,5
FLOT2,2
SLC12A9,2
MRC2,5
ITGB1,5
MYLK,6
BAX,3
DIP2C,4
EIF4A2,2
ELOVL5,2
HNRNPM,6
KDM5C,2
KIF26B,3
MRPS27,2
PITRM1,2
RASA3,2
SDC1,17
SSR4,4
TOLLIP,4
XYLT1,3
EPAS1,3
FBN1,11
PAPSS2,2
FNDC1,3
SPTBN1,10
TNS1,5
LTBP2,11
NPR2,2
PCBP2,9
SNRPN,4
SUN2,7
SYNPO2,2
TANC1,4
THBS3,2
TSIX,9
SLC46A1,2
N4BP2L2,1
PEX14,5
NRDE2,1
CALM1,5
HSF2BP,1
AP001610.5,1
R3HDM2,4
ARHGAP9,1
C1ORF52,1
DDAH1,3
MSI1,1
TMEM184C,1
ZNF217,2
BCAS1,3
COL11A1,5
IVNS1ABP,2
ALDH1A1,8
COL5A2,8
GRIA2,1
WWC2,1
TENM3,2
SLC48A1,5
FAT1,7
IGFN1,9
QPRT,5
SPNS2,2
KIRREL3,2
NIN,3
SAV1,2
BRDT,1
EPHX4,1
C14ORF159,2
ABR,3
NXN,1
KPNA7,1
DHX9,4
EP300,6
GOLIM4,3
NAALADL2,1
MCM4,3
PRKDC,5
NEK11,1
PIBF1,1
KLF5,3
UBAC1,1
CAMSAP1,2
BLOC1S2,1
CWF19L1,1
STK24,3
FARP1-AS1,1
C19ORF47,1
RECK,2
TCTN1,3
FBXO27,3
FBL,4
PSMC4,3
GAREM,2
NOL4,3
DMRTA1,1
ANPEP,5
ZFP36,9
MAEA,2
ACRC,1
PAF1,2
P3H2,4
ATG5,2
USP28,1
CWF19L2,1
DNAJC3,1
HS6ST3,1
PRTFDC1,2
IQCA1,1
KYNU,3
SETD2,1
SCAP,3
TM9SF4,3
LINC01125,1
MGAT4A,1
KAT2B,1
SGOL1-AS1,1
VAPB,3
APCDD1L-AS1,1
COL6A3,16
ZNF124,1
RABGAP1L,3
GDAP1,2
MIR2052HG,1
ZW10,1
SOBP,1
QRSL1,2
ATP5L,1
HRASLS,1
ATP13A5-AS1,1
RAB39A,1
CBX5,4
CDCA5,2
NAALADL1,1
PINX1,1
RP1L1,1
SCRN2,1
MRPL10,2
SPATC1L,1
FTCD,1
MAP3K2,1
ERCC3,1
ARHGAP15,1
RPL9P9,2
ERAL1,2
C10ORF11,1
GUCY2EP,1
LRRC32,2
MRPL37,1
SSBP3-AS1,1
PDLIM7,3
DBN1,9
YIF1B,1
GGN,1
ABHD13,1
TNFSF13B,1
TNPO3,1
TES,3
VASP,4
DDIT4,3
CNGB1,1
ARFGAP1,5
NFATC2IP,1
SPNS1,1
GS1-124K5.4,1
ARHGEF11,2
ETV3L,1
CAMKMT,1
FAT2,4
RAD21,7
NRSN2-AS1,1
C20ORF96,1
AKAP13,4
AARS,7
SLC35A2,2
TMEM123,3
SHKBP1,3
WBP2,2
ARPC5,3
BHLHE40,7
RAD50,2
FOXP4,4
DNAJC5,3
CABIN1,4
CDK10,3
CHST11,5
DGKD,2
EGFR,11
GPS1,2
MATN2,2
NDEL1,2
NFE2L2,2
PLEKHB2,5
SNRPA,4
TMEM131,1
USP49,3
HIATL2,1
ZNF782,1
LMF2,3
PCNA,2
SPAG9,4
USP36,3
AC009274.6,2
GATC,3
CRISPLD2,1
SLC25A39,4
RUNDC3A-AS1,1
PRMT5,1
RBM23,1
PTP4A1,5
PHF3,2
TANGO6,2
PIEZO1,11
CCDC62,1
KIAA1671,2
CRYBB3,1
LINC00176,2
TCEA2,3
MBLAC1,1
AC073842.19,1
PPIL4,1
RAB33A,2
ZFP2,1
ZNF454,1
PPP2CA,4
LINC00491,1
LYST,4
MTUS1,1
TACC1,2
SP1,1
PRSS44,1
PRSS46,1
C11ORF68,1
DRAP1,4
AC131056.5,1
PANX2,1
CYB5D1,1
DDX18,1
AC009404.2,1
LAMTOR1,1
MMP25,1
IL32,2
BTN3A1,1
ZNF90P3,2
GGA1,2
COL20A1,1
CAD,2
DHCR7,5
INTS1,5
PPP1R27,2
PAAF1,2
DNAJB13,1
PDDC1,7
PTCD1,2
RBM14-RBM4,3
ARF4-AS1,1
DENND6A-AS1,1
C10ORF53,2
CSNK2A2,4
EXTL3-AS1,1
CCDC25,1
KDELR2,5
LAMB3,11
NOXRED1,1
TMED8,1
PYGM,1
ATL3,1
TMEM52B,1
OLR1,1
MADD,2
DDB2,1
ECHDC1,1
NKAIN2,2
LINC01344,1
ZNF648,1
DENND5B,3
SMYD4,2
LEMD3,1
PTPRR,2
AC006116.14,1
AC006116.22,1
NMU,1
PDCL2,1
MIR210HG,2
EGFL7,2
PCBP3,1
RLF,1
ZMPSTE24,1
YAP1,1
FAM76B,1
JRKL,1
GDPD5,2
ARHGAP42,1
ZNF738,3
SMOC2,2
PRTG,1
DYX1C1,1
DYX1C1-CCPG1,2
MACROD2,2
TNFSF12,1
DNAH2,1
GTF3C5,2
MTDH,7
CNTN5,4
ATP8A2,5
POMP,1
GSX1,1
CTSG,3
PDCD6IPP2,2
TASP1,2
MIR17HG,1
GPC5,3
PAN3,3
PROK2,1
EIF4E3,1
FLT3,1
ZNF576,1
STRIP2,1
SMKR1,1
AC025171.1,1
ZNF131,1
EHMT2,3
ITGB2,3
LONP1,4
MTA1,2
MEF2D,7
ARL14EPL,2
COMMD10,1
TXNRD1,6
NFYB,1
ART4,1
SMCO3,1
RP11-386M24.4,2
H2AFV,4
PI4KA,3
CYP24A1,5
UNC13D,2
ZNF292,3
GJB7,1
ANKRD40,3
CNR2,1
FUCA1,1
CD2BP2,2
YTHDC1,2
LACTB2-AS1,1
XKR9,1
SOS1,3
SLC12A1,2
ALK,7
BRE,2
CLIP4,3
MRPL33,2
ZNF512,1
GPN1,1
RNFT2,2
MYCNUT,1
MPND,1
AC007292.6,1
RBKS,1
YPEL5,1
ATP5G3,4
SENP1,3
NOL12,1
NME1-NME2,5
LAPTM4B,1
KCNE3,3
ALKBH4,2
LRRC58,1
PANK2,1
PACSIN2,4
TTLL1,1
FLOT1,8
LINC00243,2
INHBC,1
LINC01183,1
LINC01184,4
ST14,4
ILDR2,1
YEATS4,1
POC1B,1
DUSP6,2
CFAP69,1
GTPBP10,1
DMPK,2
RSPH6A,1
EXPH5,1
KDELC2,1
MALRD1,1
SLC39A12,1
AC144450.1,1
CFD,2
LINC01363,1
RPL13AP20,1
MARCH3,1
WIPF2,3
DIXDC1,2
HSPB2,1
GCNT3,1
FAM81A,1
GCOM1,1
CGNL1,1
MYZAP,1
THADA,2
ZFP36L2,3
CBLC,2
CHSY3,1
DEDD2,2
POU2F2,2
DTL,2
PPP2R5A,2
TBC1D10B,2
NOLC1,5
OXSR1,2
SULT2A1,2
MYO1C,7
PKP3,3
PRRC1,3
TPTE2P5,1
MRPS31,1
VWDE,1
SRSF11,4
ACVR2B,1
EXOG,1
NAA50,3
NDUFA2,1
CD14,1
ORAI2,7
NDUFA9,2
SLC25A32,1
BAALC-AS1,1
AEBP1,4
RINT1,2
CARD11,4
RCSD1,4
CHMP1B,3
DAZAP1,2
EIF4G2,8
BFAR,2
GLA,1
BTK,1
IQCC,2
ADIPOR2,5
KCNS3,3
ZDHHC24,2
QSER1,4
ALMS1,2
RFX5,2
DNAJB14,2
SF3B4,2
ZNF41,2
SIT1,1
CD72,1
TMEM104,2
PPP2R3B,3
INTS2,2
ZNF652,1
BRIP1,2
NLK,3
NEUROD2,1
SSH2,4
EMP1,2
SLC9A3R1,5
MED13,2
PGAP3,4
RPL12P38,1
DENND4B,1
SLC39A1,3
S100A14,4
RAPGEF4,2
PDK1,2
SPATA20,2
HID1,3
ADAM15,4
KIAA0100,4
EFHD1,2
EPHB4,4
TOB1,1
CHID1,2
CDR2L,2
RPS14,3
FAM83H-AS1,2
MUC1,7
PHB,3
NEU1,3
SERF2,7
N4BP3,1
RMND5B,1
S100A16,7
RPL38,2
SNRNP70,4
TFF1,2
TRIP10,2
MIF,6
ZNF385A,2
SLC45A2,1
ABCB8,2
CACNA1I,2
KAZN,2
FHAD1,1
CYSTM1,1
EIF2A,2
MED12L,1
LIMCH1,1
UCHL1,4
MAML3,3
CAMK2N2,1
ALG3,1
KIAA0232,2
RACGAP1,1
BEND3,2
OAZ2,3
SIK2,3
SCRT1,1
DGAT1,1
FAM193B,2
DDX41,2
LRP10,4
KCNK3,2
RERE,5
UBAP1,3
UBE2R2,1
ZFYVE9,1
USP33,1
FBRS,2
ZNF771,1
HCG20,2
CHD9,2
PPME1,1
CMB9-22P13.1,1
WBP1L,2
CFAP58-AS1,1
PIGL,1
PIPOX,1
SLC30A9,1
ATP10D,1
GSTO2,1
CFAP58,1
NCOR1,4
AP005135.2,3
MAP2K6,1
TNRC6C,1
TG,2
CD24,13
FAM3A,1
THEM6,3
TAL1,2
LCMT1-AS2,2
ZHX1,3
CSMD3,1
LINC00824,1
PSMA3,1
KIAA0196,2
NSMCE2,2
BLVRA,2
COA1,1
CMC1,1
ZCWPW2,1
RQCD1,1
RUFY4,1
DAND5,1
FANCC,1
PTCH1,2
ST3GAL2,2
LINGO2,1
SMCHD1,2
XPC,2
EFS,1
SEMA3D,1
AC011997.1,2
LRRC69,2
MAPT,4
SPECC1L,4
CKB,4
RNF181,1
MTSS1,4
PCAT1,4
CASC21,5
PCOLCE,5
CKLF,1
CMTM2,1
FBLN1,6
CMSS1,2
NKIRAS1,2
OGG1,1
ARPC4,1
POLN,1
ADD1,1
HTT,4
MYL5,1
HSD17B12,3
LINC00969,3
LRRC37A3,1
TGFBR2,2
GPD1L,1
NEU3,2
DDX10,1
UVRAG,2
CCDC67,2
DLGAP4-AS1,1
MMP10,1
GULP1,2
PRPSAP2,1
AKR1C1,5
AKR1C2,4
THRB,1
BRAP,1
C3,6
FSCN1,5
HRH1,2
SLC6A1,1
PARN,3
BBC3,1
C17ORF64,1
ABL2,3
SPG7,3
ARID4A,1
AMOTL2,7
ANKRD11,6
RDX,4
PLAT,12
TAF6,5
CTSE,3
RAB7B,1
NDC1,1
GLIS1,1
ONECUT3,4
ESPL1,2
S100A10,3
EPHB6,3
NADSYN1,3
SUPT20H,6
ALG5,1
CDH17,2
FGFR4,5
PFKL,7
TMC6,2
NPLOC4,4
PDE6G,1
SUV420H1,1
EREG,2
BTC,1
EVC,2
STK32B,1
ADAMTS9-AS1,2
CLIP2,2
LAT2,2
OGFR,3
ZBTB8OS,2
YARS,2
CBFB,3
MYH11,3
MPO,19
SPI1,2
RPL18,4
ERG,3
STARD13-AS,1
URAD,1
AC007405.4,1
AC007277.3,1
IRF2BPL,4
PKP1,5
SEZ6L,2
HCG4P5,4
PTPRS,2
ERVK3-1,1
RAD9A,3
SHANK2,2
OTUB1,2
ZNF331,3
FMN2,1
RYR2,1
SPINT2,12
C19ORF33,1
OBFC1,1
CXCL14,5
TPTE2P1,1
CENPJ,1
ANKRD62,2
KB-7G2.8,2
ERAP2,3
HPGD,3
LINC00963,2
KIAA1324,2
LRIG1,1
FHIT,2
LYN,1
WHSC1L1,2
EMG1,1
SLC4A8,1
C11ORF88,1
MSC-AS1,2
PPP1R42,1
NTN1,1
LIX1L,3
FCRL4,2
SNRPD3,1
MIB1,2
BAGE2,2
EMC3,4
C5ORF42,1
NUP155,2
CFHR1,1
WNK2,4
TPCN2,2
C9ORF3,4
TMEM242,1
KDM1B,1
NDUFS4,3
EYS,4
SLCO1A2,2
DENND1A,3
GTF3C4,3
PLPP1,2
ST18,3
SDC4,2
MATN4,1
COL18A1,9
OAZ1,6
PMPCB,2
PSMC2,1
ATP6AP1,4
BVES,2
UBB,4
GPR39,2
SERPINH1,7
SART1,5
LAPTM5,8
CDKN1A,2
RAB44,1
IL2RA,3
MYH3,2
PTCHD1,2
BMS1P4,1
AGAP5,1
PARG,1
BMS1,2
ADAMTS2,3
MEGF6,6
CD248,11
PARVA,4
LTBR,4
STAT1,3
TYK2,2
JAG1,3
NUPR1,3
ACTA2,3
TMEM173,3
TRIM44,3
ACAN,7
AGPAT3,5
CYGB,2
DENND5A,3
GLG1,3
KCTD15,2
LIMA1,2
MFSD12,10
NDUFA13,3
SLC24A3,2
ARHGEF1,3
LMAN2,6
TMED2,5
TUBA1C,7
FLNC,7
MYL9,6
ATP8B1,2
ECE1,5
GAS6,6
GORASP1,2
KIAA0319L,2
NOTCH3,4
S100Z,1
CRHBP,1
PRCC,1
NTRK1,1
ST6GAL1,5
RIPK1,1
SERPINB9,1
MTHFD1L,3
CEP85L,1
STXBP5-AS1,2
TMEM27,1
FAF1,2
TMEM205,1
ZNRD1-AS1,2
MCCD1P2,1
C16ORF70,2
F7,2
SENP6,2
MYO6,1
RC3H1,1
SERPINC1,1
PDE3A,2
SLCO1C1,1
DEPDC1B,2
PDE4D,3
SEMA6A,2
TRDN,1
APOB,3
CCDC144NL-AS1,4
CYP4V2,2
DCTN1,3
MTL5,1
CASS4,2
ZNF367,1
SLC35D2,2
GNPNAT1,3
TXNDC16,1
SERPINA1,6
ALDH2,2
AP1B1,6
ATXN7L3,3
BPTF,3
GNE,3
CAMK2N1,4
DLG5,3
UBR4,5
GALE,1
TCEB3-AS1,1
TEKT4P2,5
DAB1,3
CPEB2,1
CC2D2A,1
CCDC18,2
TTC26,1
TIMM17A,1
IPO9,5
PAWR,3
LINC00504,2
FMNL1,2
ZC3HAV1,1
TRIM37,4
TMEM186,2
GTF2I,1
GTF2IRD1,2
G2E3,2
SCFD1,1
ABAT,2
RPS6KC1,1
TNFRSF12A,2
THOC6,1
MRPS10,2
TOM1L2,2
FLII,2
AC002454.1,1
FAM133B,1
AES,9
EIF3B,3
LHFP,4
SNX22,6
SULF2,6
WNT1,1
ANXA3,1
AP000721.4,1
EML4,2
MTA3,1
SLC27A4,1
STXBP1,2
FLYWCH1,2
RHPN2,2
ZNF507,1
ABO,6
GGA3,3
ESRRA,2
DNAJC4,1
ZNF346,1
TNIK,3
EIF5A2,1
ARHGAP39,1
RETSAT,1
C2ORF68,1
AC004980.7,1
SRRM3,1
AL928654.7,2
CRIP1,2
SLC44A2,3
GLB1,3
SUSD5,1
RHBDL3,1
PTPRG,3
C3ORF14,1
RNF224,1
SLC34A3,1
CCDC125,2
EIF3G,3
CEP152,1
SHC4,1
FAM45A,1
GRK5,2
FOXN3,2
LSM14A,4
SCGB1B2P,1
SCGB2B2,1
PPL,2
C16ORF89,1
RBM39,2
UBE2Q1,1
ASH1L,4
NUMB,3
MSH5,2
MSH5-SAPCD1,2
ARPP19,4
ABCA1,1
RPS6P12,1
HNRNPH1,7
C5ORF60,1
PFKFB4,1
TOP1,2
GPALPP1,1
NUFIP1,1
ZKSCAN8,1
ZNF192P1,1
CALM2,4
COLGALT1,6
PPP5C,2
NT5DC2,2
TMLHE,4
VAMP7,1
AC026188.1,1
ROCK2,1
MYCNOS,1
OR5H5P,1
OR5H14,1
CELF1,1
KBTBD4,1
PAFAH2,1
NR5A2,1
C2CD3,1
UCP3,1
FOSL1,4
MIR22HG,2
TLCD2,1
RBMS3,2
TMEM147-AS1,2
SBSN,1
NUGGC,1
SCARA5,1
PYGB,8
GINS1,1
VTA1,2
OR7G3,2
KHSRP,5
AC009133.12,4
LGALS17A,1
LGALS14,1
SELPLG,3
DRP2,1
CLEC7A,2
STX8,3
CNTN4,3
SSUH2,1
ARPC2,6
SIN3A,4
SMAP2,2
ZFP69B,1
SYNGR2,5
TAF7,2
GOSR1,1
MBTD1,2
AGT,2
ZNF670,1
SNF8,1
ZNF526,1
CXCL17,1
MTMR1,2
SPOP,2
PPP1CB,2
PLB1,1
ZNF256,1
TDRD12,1
SPDYA,1
PDCD6,3
SDHA,2
SLC25A51,2
SLC20A2,2
OSBPL8,1
CATSPERG,1
CARD8,2
HRAS,2
PIK3CB,2
NVL,2
TP53I13,3
GBF1,3
PHF8,2
NEBL,2
GRIN1,1
TMEM116,1
C6ORF106,2
RP11-356O9.1,1
TTC6,1
ZNF880,1
ZNF528,2
ANKRD13B,1
PCTP,1
WAC-AS1,2
TTYH3,12
AC010145.4,1
AC008069.1,1
XPR1,1
TRMT1L,1
PLSCR1,1
LINC01035,2
AC142119.1,1
GACAT3,2
RUBCN,1
RNF13,1
RFC5,2
AC008278.3,1
IMP4,2
PTPN18,1
CACNA2D3,2
SIL1,1
DNAJC18,1
LANCL3,1
PKN3,1
SPTAN1,6
TM9SF2,5
A4GNT,1
IFT122,2
EPHB1,3
AC008278.2,1
ATF7IP2,1
PRKCI,1
ERICH6,1
ARCN1,2
SAMD4B,4
EDC4,2
POU2F3,3
SF3A1,5
EIF5,4
TISP43,2
KBTBD6,2
C3ORF67,1
HIF1A,3
ICAM3,3
LAMC2,6
NPL,1
LLGL1,1
PUM1,4
UHRF1,5
LAMB2,4
ADGRG5,2
ELMSAN1,4
HNF1B,2
VPS13C,3
NPM1P47,1
MAPKAPK2,3
RASSF5,1
SYNRG,3
SLC22A20,3
ELF2,2
CCDC148,2
NKAIN1,2
CDK15,2
FOLR2,2
CEP250,3
ATG3,2
DCDC2,1
GPLD1,1
RFC1,2
PRKAG1,2
DDN,1
GSK3A,1
GRIK5,2
IRF9,1
GMPR2,1
YBX3,2
STYK1,1
ESRP1,1
DPY19L4,2
SQLE,2
TLE2,1
AC005264.2,1
ACBD7,1
ALS2,1
MPP4,1
UPK1B,4
TMEM184A,4
UQCRC1,2
CSNK1A1,2
ZNF300P1,1
DR1,1
FNBP1L,2
ENPEP,2
NMT2,4
EFNA1,2
SLC35F6,2
OST4,1
VWA1,2
ATAD3C,1
CLDN3,3
RAI1,5
METTL12,1
UQCC3,1
PHF20,3
CNBD2,1
RELA,2
PHYH,1
LINC00709,1
SRPK1,1
STK38,1
USP54,3
ANKRD36,1
CMC2,1
PRCAT47,1
BICC1,1
LINC00844,1
CENPE,1
BDH2,1
EHD2,8
RPL5,4
SH2D5,2
KIF17,1
MYO9B,5
COL4A5,3
CYBRD1,4
ITGB5,5
GATAD2A,4
SLIT3,6
CDH11,3
AAAS,2
FADS3,3
FAM168B,3
KLC1,3
NR4A1,4
NDST1,4
PAPPA,3
POLR2L,4
RGS4,2
SGPP1,2
CAT,1
ZNF230,1
RPL31P33,1
ARAF,3
FOXR2,1
DEK,2
SFTA2,1
ZNF790-AS1,2
CEP120,1
DCP2,1
MDGA2,3
EGLN3-AS1,1
CEACAM6,4
ZNF790,2
SPOCK2,11
BLCAP,4
CERS1,1
SEC24C,3
MYADM,7
FOLR1,1
ELL,3
OR51E2,2
ZNF229,1
ZNF285,2
BIN2,1
CELA1,1
LMO1,1
RIC3,1
STIL,1
APITD1,1
LINC01423,1
KLHL42,6
P2RY8,2
ASMTL,1
CRHR1-IT1_,4
SEPT6,3
LINC01225,1
XYLB,1
GKAP1,1
SOX11,1
AC010729.1,1
EEF1A2,3
DDX24,2
TRIP12,3
LETM1,2
TMBIM4,1
NELL2,1
TRA2B,4
KNG1,1
CASC11,3
H1FX,7
DHX16,4
IGKV1-12,8
IGKV1-8,8
BHLHE41,2
IRF4,4
MAP3K11,1
KCNK7,1
MBL1P,1
SFTPD-AS1,1
SEC61A1,5
PEBP1,3
DNAJA3,2
IGHV5-78,2
ZDHHC8P1,1
CES5AP1,2
OSER1,1
BAG2,1
TFCP2,2
CSRNP2,1
ZNF749,1
AC003005.2,1
ADGRG6,2
USP34,1
NCOA1,1
ATRNL1,2
ATP6V0D2,2
AC018742.1,1
AC009411.1,1
SMIM18,1
YWHAG,5
AKNA,4
RPL35,3
TP53,4
VAV1,2
DNER,3
ELL2,2
BNC2,1
ADGRE1,2
ST3GAL1,1
LINC01608,1
ZDHHC21,2
STX2,2
GCNT2,3
WNT5B,1
CMBL,3
COL22A1,3
MROH1,2
PARP10,1
FBXW11,4
RUFY1,1
MARCH1,2
HACD4,2
ZNF692,3
SOCS5,1
PREPL,3
KIAA1468,1
TNFRSF11A,1
DPH5,1
SLC30A7,2
KANSL2,2
TMEM178B,3
DLG2,4
COLEC12,5
MGA,1
MAPKBP1,3
PCBP1-AS1,2
KPNA6,2
RPL14,3
DANCR,5
THY1,11
COL12A1,11
HMCN1,3
PRR12,3
SCFD2,2
KIT,1
SIPA1L2,2
YTHDF1,2
KRT13,11
AKR1C3,3
TPD52L2,5
GS1-259H13.13,2
COX20,2
EI24,1
ZDHHC5,1
EXT2,4
ATE1,3
ATP6V1A,2
IGF1R,4
KIF11,2
ALDH3A1,7
MYO1E,3
COPA,5
PITPNA,1
PPP1R15A,6
BOD1L1,2
PRDX1,6
COPG1,4
TP73-AS1,2
SYNJ2,4
FAM174B,2
LUZP1,2
HHLA3,2
CTH,1
LRBA,5
SH3D19,2
LCN2,16
ZCCHC8,3
RSRC2,1
AC012668.1,1
CDCP2,1
TMEM59,1
HNRNPAB,3
RBM4,3
TRIM69,1
HINT3,1
SEZ6,2
FBXL21,1
SULT6B1,1
HIF1A-AS2,2
IMPG2,2
SPAG17,1
C1ORF194,1
GAST,1
TXNDC2,1
B4GALT1,2
SMU1,1
LINC01127,1
IL1R2,1
AFAP1,2
BRD2,7
NKTR,5
DAG1,6
ELOF1,4
PTP4A2,8
HELZ2,3
PIAS2,1
ST8SIA5,3
SYTL2,1
POU2F1,2
GMPR,1
MAN1A1,1
MUC13,2
SIGMAR1,2
ENTPD6,1
RAB25,1
PMF1-BGLAP,1
SHISA5,4
CYP2S1,2
PURA,2
CREB3,1
AC092171.4,2
FDPS,2
RPL28,9
ZNF672,2
KIF12,1
AMBP,3
LL0XNC01-116E7.2,1
RAB9B,1
CHST6,4
TMEM170A,1
GLIS2,2
PHF21A,3
AHCY,8
CXORF21,2
MCM7,4
NOL9,2
GNB1,6
BCL2,4
IGHG2,2
IKZF1,3
ROBO2,2
PAM16,1
NLRC3,1
ISYNA1,1
ZNF70,2
ACO2,2
AFF3,3
ACSL4,2
BROX,1
FAM177B,1
CD79B,1
GH1,1
YARS2,1
MDM4,3
SF3B1,4
TAF1,2
DDX46,4
PHACTR1,2
TCL1B,2
UCK2,3
IRF3,3
FBP2,2
PPFIA3,1
DUS1L,1
FANCI,3
DOCK9,1
DNAJC11,1
TTC34,1
CNNM4,2
GBP1,2
PPP2R5C,2
UBE3C,4
TNNC1,2
MZF1-AS1,3
TDP2,2
UXS1,2
OVAAL,1
OSER1-AS1,2
HELLS,4
MIOS,1
UMAD1,4
SLC16A12,1
LIPA,1
CNN3,3
SULT1C4,3
RPL9,2
CKS1B,1
FLAD1,1
HGS,3
TLX1NB,2
TRDC,2
TLX1,2
AE000661.37,3
C1ORF112,2
PGPEP1L,2
BAALC-AS2,1
CHST2,1
SLC9A9-AS2,1
AMPH,1
TRG@,4
FCGRT,2
RCN3,2
AC004538.3,1
HMHA1,3
GS1-124K5.11,1
RCBTB2,1
EVL,3
AZIN1,1
PCMT1,1
RNF130,2
VCAN,2
XRCC4,2
UBTD2,1
HMP19,1
SDCBP,2
ZNF91,1
ZNF146,1
SMIM22,1
NAA35,2
BHMG1,2
AF064860.5,1
IGSF5,1
DPH6,3
CA12,5
POLD1,4
GPR75-ASB3,1
ABCC3,3
RAP1B,2
AKR1B1,4
LINC01515,2
GLCCI1,3
ASB3,1
FOXP2,1
MLLT10,5
SLC16A12-AS1,1
RSBN1L,1
PARP6,2
SYMPK,1
CEACAMP1,1
RALGPS1,1
ERCC1,2
CLASRP,3
IMMT,2
ZNF148,1
PYCR2,1
NFKB2,1
IGFL3,1
HCP5,2
DIP2A,1
PCNT,2
TBL1XR1,4
HDAC6,1
SSX6,1
ZNF90,1
ZNF486,1
OPA3,2
FKRP,1
AGO2,5
SRSF4,2
TMEM200B,1
DGUOK,1
TET3,2
MIS18BP1,1
FKBP3,1
NADK,3
CBARP,1
DDX19B,3
PSMD8,1
SPRED3,1
RORA,1
PIK3CA,1
KCNMB2,1
ZC3H18,2
IL17C,1
PRPF8,5
CEACAM22P,1
PI16,2
MFAP5,2
BCL3,4
DCN,4
PIP5K1C,2
KLF6,3
ANXA1,6
ATPAF1,2
CALU,5
CAPN12,2
SBSPON,2
CAPRIN1,3
CD109,2
CEBPD,2
H3F3B,3
CYB5R3,7
EXD2,2
TNFRSF11B,4
FAM129B,10
GBE1,5
HK1,2
NUCB1,7
IL20RB,2
LEO1,3
RNF216,3
MRVI1,2
NT5E,1
PRRX1,4
SCAMP4,2
PSMG4,2
UBE2S,2
UBE2Z,3
PALLD,3
ANXA10,1
ARVCF,1
TXNRD2,1
RPS29,1
POLE2,1
ENOSF1,2
DLGAP1,1
TANC2,2
CHRNA4,2
MCM5,3
HMGXB4,1
PTPN2,1
PSMG2,1
POLD3,2
RNF169,1
ALKBH5,1
CCDC144NL,3
NCOR1P3,2
ZNF536,3
APRT,1
SH2B2,1
TGFBR1,1
ATG13,2
TNFAIP2,8
VPS52,1
MTRF1,1
CHI3L1,2
MYBPH,2
PEG10,8
SUB1,3
STMN1,5
XXBAC-BPG157A10.21,1
YIPF3,3
RPL11,3
U82695.9,1
NGFRAP1,2
BEX1,2
TAP1,1
PSMB8,2
TAOK2,5
KIAA0513,3
SLC38A3,1
KLHL29,2
MIR-371-CLUSTER,2
FKBP2,1
MYH16,1
SOX5,2
RNF10,3
SIRT4,1
CD47,5
IFT57,1
FAM222B,4
RHBDF2,1
TEX2,2
BCAT1,5
KRAS,5
C4ORF19,1
USO1,1
TBC1D1,3
USP3-AS1,2
TAX1BP1,4
PSD4,1
PAX8-AS1,1
ATG9A,1
SMIM8,1
CFAP206,1
ZNF136,1
KCNA7,1
NTF4,1
LINC00657,7
CACYBP,2
TRMO,2
GRB2,5
MAGT1,3
PLA2G2A,2
TXNDC12,1
DLX6,3
CARHSP1,3
RARB,1
NGLY1,1
CNOT1,3
SLC38A7,2
LILRA5,2
EXOC6B,2
TACR1,1
NHSL1,1
MAP7,1
RNF135,2
B3GNTL1,2
OGFOD3,2
INA,2
MTR,1
CDC73,2
WDR59,1
LDHD,1
BCAM,9
PPARD,3
KLF3,2
EIF4H,5
GJB3,3
RAD23A,2
AP3S1,1
LHX4,1
RP11-57H14.3,1
TEP1,2
PABPN1L,1
RNF168,2
WIPI1,1
LINC01054,2
SNAP25,1
DLGAP4,3
VRK2,1
AKR7A2,1
LINC00032,1
CBFA2T2,3
TYRP1,3
RCL1,2
CRTC1,4
PTGES,10
PCNXL3,2
HFE2,1
ELN,12
CBX6,2
TEAD1,4
IGFBP4,8
HNRNPR,2
TPMT,2
MICAL1,5
AKT1,6
UPF3A,1
ANAPC15,2
SLC12A6,3
MRPS12,1
LINC01221,1
GHDC,1
ZNF571,2
SYNCRIP,2
MTO1,1
KANK2,4
EPOR,2
AC096574.5,1
AL591893.1,1
PRUNE,2
APOE,3
F11R,2
FAM117B,1
BMPR2,4
NDUFAF6,2
CCNE2,1
RMDN1,1
VPS18,1
ZFYVE19,2
TAC4,1
VAV2,2
TRUB2,1
ZNF251,3
TSHZ2,2
SLCO4A1,1
FAM65C,2
STMN3,3
LRCH1,3
ZNF79,1
SYT7,1
CYB5R2,1
CHD6,4
SKAP1,2
CA3,2
CHMP4C,2
ABHD12B,2
UGT8,4
RIPK2,2
LDLRAD3,1
SYT9,1
IFT43,1
SERPINA4,1
LRRC24,1
RNFT1,1
SARM1,1
CCDC64B,1
HCFC1R1,2
PNPLA2,3
RHOB,3
SLC2A4RG,6
SYS1,2
HOXB7,2
CAPS,3
SMIM14,1
UGDH,2
HOXB9,2
CLN3,2
FGFR3,4
NPDC1,3
RAB1B,6
HYLS1,2
DDX25,1
PPP1R9B,2
PPP2R4,5
RSG1,1
ANO7P1,1
SPIN1,2
NXNL2,1
XYLT2,1
PSCA,3
ATP6V1G1,1
C9ORF91,2
ATXN1L,3
C2ORF82,1
EIF4E2,1
MYO18A,6
IMMP1L,1
ELP4,1
LIN52,3
ECHDC2,2
KIAA1522,4
SPPL3,2
IDH2,2
SYS1-DBNDD2,3
DKK3,6
BRF2,2
PTGS1,2
LCE1F,1
LCE2A,1
MYH10,6
OGDH,6
PLEKHA4,2
JUN,7
DYNLRB1,2
SEPT11,4
VPS53,2
GTF2B,1
MUTYH,1
ATP13A3,5
TMEM44,1
AOX1,1
SMIM4,1
STAB1,1
NANS,1
KNSTRN,2
ZMYM2,2
RPN2,5
NETO2,1
ITFG1,1
BTBD10,2
TERT,3
FLVCR2,1
BATF,1
USF3,2
DDHD2,2
LINC01222,1
DAB2,1
LINC00604,1
AC108676.1,1
GBP2,1
FGGY,2
SCN2B,1
SCN4B,1
TESK2,1
LVRN,1
NEURL1,1
PDCD11,1
NR2F1-AS1,1
LINC01332,1
U47924.27,1
ZNF510,1
GPX7,1
FAM159A,1
ASIP,1
PITPNC1,2
NCK2,4
TEN1,1
CDK3,1
KLHL5,1
LY6H,1
RALA,1
YAE1D1,1
KCNC2,1
CAPS2,1
APBA1,1
PTAR1,1
PAM,4
LINC00492,1
NFIB,2
UNK,3
PKD2L2,2
TRHR,1
NUFIP2,7
NUP62,7
CCDC122,1
ENOX1,2
ELMO1,2
AOAH,1
FRMPD3,1
PRPS1,2
NFIC,5
PODXL2,2
TYW1,1
ZNF92,1
UBL5,1
PIN1,1
PFDN2,1
RPL7L1,2
WBP2NL,2
COMMD2,1
WWTR1,3
B3GNT3,2
RNF26,3
ACSS2,3
DARS-AS1,2
AC068492.1,1
AC084193.1,1
AC008067.2,1
MSH6,2
CSTF1,2
CXCR4,2
TMEM198B,2
ABLIM2,1
AL136419.6,3
TM9SF1,1
NUP210,6
ASXL1,1
RAVER1,4
CHMP4A,3
PAXIP1-AS1,2
DUSP22,3
GAS7,5
GTPBP4,2
ING4,1
ACRBP,1
MEX3A,3
RPRD1B,3
SF3B2,6
IGHG1,6
STK33,1
TTC33,2
POLH,2
ZMYM3,4
KLHL2,3
INPP4B,4
ANAPC10,2
LINC01305,1
SP9,1
ZNF605,1
CHFR,1
TUBGCP2,1
ADAM8,1
LYPLAL1,1
RRP15,1
MDK,2
TKTL1,1
FAM205C,1
CTBP2,1
PTEN,1
CSNK2A1,2
ATP6V1G2-DDX39B,2
SNAPC3,2
POLR1E,2
LST1,1
AIF1,1
COL9A2,3
CA2,3
SLAMF9,1
FLI1,2
CHRDL2,4
LMBRD2,1
UGT3A2,1
PRRT4,1
RBM28,2
LINC00221,2
SALL2,1
METTL3,1
AK7,1
TEPP,1
USB1,1
UBE2V2,2
FXR2,1
ADNP2,3
NSF,2
KDM3B,1
REEP2,1
EHD4,4
PRDM2,2
WDR60,3
FRRS1L,1
CSF2RB,4
PLCXD1,5
WBP4,1
SLC25A15,1
RORC,1
THEM4,1
TMEFF2,1
SDPR,1
AP000347.2,1
ASLP1,1
LHX2,1
DNAJC24,1
NF1P3,1
PPP6R2P1,1
PHF6,1
HPRT1,1
ZNF519,3
MAP1LC3A,1
IGHM,17
LMAN1,2
LINC01416,1
COL17A1,6
MMEL1,1
KRT14,12
GRM7-AS2,1
RPS17,3
PJA2,2
OTP,2
COBLL1,1
GRB14,1
SPRR1B,2
PCAT2,1
GPR153,1
ICMT,2
KRT16P4,2
CYC1,4
SCRN3,1
AC010894.3,1
HSPA2,2
GOLGA2,4
HNRNPH3,2
LAMP1,8
PLCH2,2
RPS16,3
KRT84,2
LINC00649,1
NCKAP5,2
AP2A1,4
OAF,2
WDR41,1
TENM2,3
AC100830.3,1
AHNAK2,3
ALYREF,2
C1S,4
COQ4,2
DCPS,1
ST3GAL4,1
GAA,3
KRT6A,3
POLR3H,2
RXRA,2
TAF13,2
WDR47,1
UNC45A,3
SHBG,1
WRAP53,1
C6ORF62,2
PHBP12,1
KIF20B,2
TMEM181,3
SYTL3,1
NUP107,1
ACSS3,1
YIPF1,1
ZCCHC11,2
COL4A3,1
FBXO36,1
SHISA4,1
MTMR2,1
CLSTN2,5
SCHLAP1,1
UBE2E3,1
CDK14,4
SNX4,1
HSCB,1
FEN1,1
FAR2,2
OVCH1,1
AC068580.7,1
MGAT5,4
TYMS,3
PRSS3,1
FGD6,1
MIATNB,1
RBX1,1
B4GALT4,2
DLC1,3
PIWIL2,1
PRKAR2A,1
SLC25A20,1
C8ORF46,2
PIP4K2B,2
AC113608.1,1
SPDEF,5
FBN2,4
CDK11A,1
SLC39A14,2
FDFT1,2
FGFR2,11
COL14A1,6
PCNX,5
DSG2,4
ZNF490,1
AC079613.1,1
SIMC1,2
VAPA,1
USP44,1
MAGEC3,1
MAGEC2,1
MAGI3,1
SYCP1,1
DNAJC17,1
RMDN3,1
PKD1,2
ABCA3,1
FRS2,1
KIAA1033,1
PRR14L,1
PISD,1
SMG9,1
LYPD5,1
ELF3,2
TTLL12,5
ATP2A2,3
TMPRSS11CP,1
GNRHR,1
MYCL,2
TRIT1,2
RNF165,2
LMCD1-AS1,2
GRM7-AS1,1
ZC3H7B,4
L3MBTL2,1
NDUFS5,1
AKIRIN1,2
HEYL,1
DTNA,2
IGFL1P1,1
DKFZP434J0226,1
RFX4,1
RIC8B,2
PPIE,2
RRAGC,1
TRIM16L,2
RHBDL2,1
FASTKD3,1
LINC01019,1
COQ2,1
LINC00616,1
SYT11,1
HOXB6,1
CISD3,1
ARFGEF2,3
HILS1,2
TMEM135,2
GRM5-AS1,2
PDZK1IP1,1
PCGF2,2
HOXB-AS3,1
TMEM74,1
KRT222,2
SGCA,1
XPOT,2
MOB3B,2
TEK,1
DDR1,2
NUP160,2
PROM2,2
FER1L6-AS2,2
ZMIZ2,5
UBA1,11
SCGB2A2,8
DENND1C,1
CRB3,1
CACNA1H,3
FAM84B,8
GOLM1,3
AP000857.3,1
NR2F2,4
NME2,6
WDR12,2
HIC1,2
MAPK14,1
C7ORF55-LUC7L2,3
UBN2,1
LUC7L2,3
DPH1,1
OVCA2,1
CTBP1-AS2,1
FAM69B,2
AC023669.1,2
ERCC8,1
ELOVL7,1
SYNPO,13
LRRC8A,4
ITGB8,1
CTDSP2,4
EPHA1-AS1,2
GTF2H3,2
MFN2,4
RFXAP,2
ITGAX,2
CSNK1G1,2
DAPK2,2
EIF2AK2,2
CEBPZ,1
FAM134C,2
EVI5,1
GFI1,1
KHNYN,2
DDX27,3
EIF6,4
RCOR1,2
PPM1E,3
ZBTB7B,2
CARS,2
OSBPL5,2
AHRR,3
EXOC3,2
DUSP1,3
APOL1,3
LINC01138,2
TBL1X,1
WWC3,1
ERC1,3
WDR4,1
FRMD3,2
PLA2G7,2
PEA15,5
GREM1,4
PLD3,7
ZDHHC8,3
ARL6IP4,7
SHROOM3,2
CDC42BPB,5
DPYSL4,3
EMX2OS,2
AHCYL1,4
GHITM,2
KLF13,5
ARHGEF2,4
RBCK1,2
C21ORF58,2
TGM1,1
ANKRD20A11P,2
CYP4F35P,2
C5ORF45,13
NUMBL,2
SERTAD1,1
PRX,1
ZNF330,2
RNF125,2
RPRD1A,1
PCDHA10,3
YES1,5
AFG3L1P,1
GAS8,1
SPATS2,2
DDX51,2
ZNF10,1
ZNF268,2
CTDSP1,2
DNM3OS,2
UBE2D2,5
TICAM1,1
PLIN3,5
DNAJC6,2
LEPR,1
LARP4,1
DIP2B,3
CUEDC1,1
MRPS23,1
PLCD3,3
SLC19A1,4
AXL,10
SNRNP200,6
NDUFAF2,1
CCDC77,1
ATG7,1
SLC6A11,1
AATF,3
TMX3,1
ZNF521,2
PARP12,1
DENND2A,1
PBX3,2
CASR,2
GLE1,1
CD3G,1
UBR3,2
PTPRJ,4
FBXW4,1
BTAF1,2
MARCH5,1
KDELR1,1
SUGT1P3,1
KAT6A,3
CEP89,1
SLC7A9,1
LUC7L3,2
CRHR1,1
NUDC,5
SYT17,3
MFHAS1,2
TFPI2,5
TACC3,1
ADGRF1,1
SNRNP40,1
CCDC12,1
FABP4,3
PRR35,1
UGT1A6,1
MROH2A,1
CTSH,2
FBXO11,3
TMPRSS7,1
C3ORF52,1
ASAP1,4
FAM19A5,2
PPP1R8,2
FMNL2,2
UPP2,1
HPN,2
ASIC2,4
ARHGAP5,2
AKAP6,2
PKD1L1,2
CPE,1
TLR3,1
RAB8B,1
TMEM127,4
HCFC1,3
C19ORF12,2
SIK3,2
PCSK7,5
CAMK1D,2
GPR63,2
TNR,2
MEGF8,2
TTLL7,1
C19ORF53,1
ZNF431,2
POMK,1
HGSNAT,3
CLPX,2
PARP16,1
TBRG4,3
GTF3C1,4
DCTPP1,3
VPS37A,2
SRM,3
ERRFI1,2
VWC2,2
SPTBN5,1
AC144450.2,2
ZNF789,1
C1QL1,2
LINC01503,2
ADAR,5
INADL,2
THOC2,2
PRPF40A,2
CORO1B,2
SESN2,2
DCAF5,3
PAX9,3
PTPRCAP,2
TCL6,2
UIMC1,1
RPL37,2
RPS25,2
FOXR1,1
STK17B,1
HECW2,1
SORL1,2
ARID5B,1
LRRC20,1
UGGT2,2
GRIK4,2
CDC5L,1
SPATS1,1
OSGEPL1,1
ORMDL1,1
DEDD,1
UFC1,1
EPN1,2
AP001596.6,2
CYYR1-AS1,2
IER2,3
LLFOS-48D6.2,5
EFTUD2,4
HNRNPA0,4
SLC7A7,2
CHD7,2
ENO2,2
CCDC81,2
CACNA1C,1
SPSB2,1
TRMT61B,2
POU5F1B,1
THSD7B,2
AC022182.1,2
C3AR1,2
CLVS1,1
YTHDF3,2
SENP2,1
MAP3K13,1
EED,2
SCD5,2
GAK,2
SRGAP1,1
TMEM5,2
SAMM50,2
BPIFB4,2
METTL24,1
WASF1,1
PRH1-PRR4,2
TAS2R10,1
PRR4,2
TNK1,1
TMEM256,1
RCCD1,1
AC009950.2,1
SP140,1
CLASP2,1
FBXL2,1
TMEM256-PLSCR3,2
RNF214,2
PAFAH1B2,2
LINC01230,1
DMRT2,1
CPSF3,1
EXOC5,2
BRD7,2
ATF6,2
HCG27,1
LINC00574,1
SERBP1,2
IL12RB2,1
KHDRBS1,2
ZNF274,1
JPH1,2
ZSWIM4,1
C8ORF44-SGK3,1
SGK3,1
COPS5,1
ICAM5,1
ANO8,1
RASSF3,3
FRG1BP,2
HSD17B8,1
RING1,1
SPAG4,1
TMEM9B,1
TMEM41B,1
KIF6,2
SIM2,1
RIPPLY3,1
WEE1,2
TFEB,3
NCLN,3
ZNF398,2
C2ORF54,2
TK2,2
CACFD1,3
CD59,4
DIDO1,3
HNRNPL,5
GNG4,2
ADCK4,2
LRCH4,2
MTCL1,3
MCF2L,4
HSPA9,2
PARP14,2
PI4K2A,2
RFWD3,3
TRAPPC3,2
RGAG4,2
DHX15,2
DNAJC10,2
S100A4,5
MRPL28,2
POFUT2,3
STK10,2
TRRAP,3
HP1BP3,6
CHURC1,2
ATF6B,4
ZDHHC20,2
FBXL13,2
TTC21B-AS1,1
AC010127.3,1
PPP2CB,2
MECP2,2
ARHGAP6,1
DIAPH3,4
KIAA1324L,2
CSNK1G2,2
SLC37A1,1
PFKFB1,1
AC006486.10,1
MLKL,1
RRAGA,1
SAXO1,1
SELO,1
TUBGCP6,1
MICALL1,2
EIF3L,2
ATXN10,2
DMTF1,2
AC006486.9,1
AC073343.13,1
USP42,1
ARL14,2
PPM1L,2
MTCH1,2
ARL13B,1
NSUN3,1
HOMER1,1
EXOSC10,4
MINOS1,1
RCC2,4
SLC26A3,1
ARL4D,2
CDC42BPA,2
FPGS,2
LETMD1,2
HES6,2
KIAA1614,2
ZNF207,2
C1ORF21,2
RALY,3
NSUN2,3
VPS26A,2
PA2G4,2
RNPS1,2
GPATCH4,4
YKT6,2
SYAP1,3
YWHAQ,2
SEZ6L2,3
ESR1,1
CCDC170,1
KLHL31,1
DPYD,2
MIR137HG,1
DYNC1LI2,4
EPHX3,1
MAP2K2,5
ZFAS1,3
COG4,1
AC005523.3,1
ITPK1,4
EIF3I,3
IRS1,4
INTU,1
SLC25A31,1
PHC2,4
GOLGA4,1
MLH1,1
GPC4,6
HS6ST2,1
PLIN2,3
TMTC4,1
DENND4A,2
SYCP2,3
CYP4F32P,1
TMED10,1
NEK9,1
CPQ,1
ABCA13,2
DAP,2
ETFB,3
SLCO4A1-AS1,2
LOXL3,2
NRG1,2
MRPL48,4
B3GALT5,1
MUC5B,7
FCRLB,1
DUSP12,1
ADCY5,3
PAK1,1
AAMDC,2
GTDC1,1
ZNF592,3
ALPK3,1
C9ORF173,1
GABRA2,2
CSF1,2
TCF21,1
TBPL1,1
PITX1,2
CCL2,2
SVEP1,4
LAMC1,6
TMEM176A,2
NPY,3
POLR1B,1
CLN8,1
MAT2B,2
HMMR,2
BDH1,1
AC024560.2,1
SORBS2,1
C11ORF98,2
LBHD1,2
NUP205,1
C7ORF73,1
UQCRC2,2
LCMT1,1
GGT6,1
MYBBP1A,1
TMCO3,4
NCBP3,2
LINC01315,1
TCF20,2
LMNTD2,1
XRCC1,2
SH3GL2,2
ZNF418,3
SHFM1,1
SLC26A6,1
AC073342.12,1
KEL,1
TP73,3
CDKAL1,3
GK5,1
QTRT1,1
LSS,5
PIK3C2A,2
MAP4K5,2
AKIRIN2,2
CYFIP2,4
SGMS2,1
CYP2U1,1
ZFYVE21,2
PPFIBP2,1
BEAN1-AS1,1
BLACE,2
PGBD2,2
CLDN2,3
CD164,3
FOPNL,3
TBC1D20,2
CHST3,5
DNAJA2,1
ATM,3
INCENP,4
LAMB1,5
LARS,4
CNNM2,2
ANKS1B,2
MAP3K4,1
C6ORF118,1
MED29,3
FREM2,2
TK1,2
FXYD3,2
PRDM15,2
CRYZL1,1
TMPRSS15,2
HERC1,2
CTSC,1
TIMELESS,1
TBC1D30,2
OLA1,1
DBI,4
SPAG16,1
DYTN,1
BAZ2B,1
MYT1L,1
LDAH,1
LINC01122,1
AC010884.1,1
MIER1,1
IL23R,1
METAP1D,1
FARSB,1
RBM44,1
PEX19,3
DEPTOR,2
TAOK1,2
TRPS1,4
ENPP2,1
CENPO,1
RAB10,1
TOP1MT,2
TIMM23,2
NOV,4
TMEM71,2
SLC13A2,2
BPIFB1,2
FSBP,2
RAD54B,2
ZMYM4,2
HOXB8,1
NBEAL2,3
FMOD,3
CYP2B7P,3
ARSG,1
CBX1,1
SEC16A,2
SLC30A1,2
CPSF1,4
PACS2,3
XIST,4
PLEKHA6,4
SLC25A5-AS1,2
RGS13,1
TOMM40,2
ABLIM3,1
POU4F3,1
NUP188,1
AL109767.1,1
SUPT3H,1
ADGRB3,1
FLJ22447,1
C22ORF39,2
UFD1L,2
EXOSC4,1
HIRA,2
STK3,1
NIPAL2,1
DNAJB12,1
UTRN,4
STX11,1
NSMF,1
EXD3,1
EFCAB2,1
ZNF277,3
MTCYBP24,1
GMFB,1
CNIH1,1
ZNF506,1
PPIB,6
PPIF,3
PFKP,1
PITRM1-AS1,1
C1ORF43,2
SCAMP3,1
VPS72,1
SHANK2-AS2,1
FSTL5,2
AP002884.2,1
BCO2,1
LINC01317,1
LTBP1,3
LYSMD1,1
PARD6G-AS1,2
AC139100.3,1
EFNA3,1
SLC39A6,3
SDC3,7
LUM,1
CPM,2
KIF5A,2
IPO5,3
IRS2,3
KRT76,2
GLI1,2
DCTN2,3
CSRP1,5
B4GALNT1,2
SLC26A10,2
TUBGCP3,2
SPRY2,1
ALPL,3
PIP4K2C,2
PITPNM3,2
DTX3,2
WI2-85898F10.2,1
BRAT1,2
UBE3B,2
PVRL2,2
CCAR1,2
MZF1,2
IFITM9P,2
CDC27,2
PTGES3,3
JAKMIP3,1
DUS2,1
NIPBL,1
WDR70,1
FAM214A,1
TRIM59,2
SLC38A1,2
DEAF1,2
SCT,1
REV1,2
IGHD,22
SMC5-AS1,1
UAP1L1,1
MAN1B1,1
ANKRD13D,1
ADRBK1,6
BCOR,3
CHD8,1
RPLP2,3
RTN3,3
PCAT4,1
SDHAF3,3
MUC15,1
SORD,1
C15ORF43,1
RBM19,2
PHF24,2
RNF185,1
SMTN,2
PLOD2,2
IPO11,2
KIAA0825,1
CELSR2,4
ANKIB1,1
DTX2P1-UPK3BP1-PMS2P11,1
POLR3G,3
RET,2
KLB,2
AFP,4
SLC23A2,3
LRAT,1
RBM46,1
LOXL4,5
MGLL,3
DAD1,3
HPCAL1,4
SERPINA3,3
CLDN10,2
KAT5,2
RASIP1,2
ATP6V1C1,1
LINC01181,1
SNX17,1
GTF3C3,2
CDC42SE2,1
RIMKLB,2
CLEC6A,1
WWC1,1
TFAP4,1
INIP,2
KCNU1,3
TAS2R14,2
PRH2,1
BHMT2,3
ABCD4,1
ZFYVE1,1
WDR36,1
NREP-AS1,1
PROM1,2
MMP28,2
RFT1,2
AY269186.1,3
CWC22,2
TXNDC11,2
LITAF,1
DRD4,1
TCP11L1,2
JPH2,1
LLNLR-245B6.1,1
DPRX,1
RPA1,1
PVR,2
ARHGEF10L,2
PADI6,1
COX4I2,1
RTP1,2
RIF1,2
ZNF606,2
CHEK2,3
TTC28,2
GPC3,4
LPXN,2
TMEM19,1
RAB21,1
BRSK2,1
TSPAN4,1
C11ORF49,3
CKAP5,1
DBR1,2
LINC00605,1
REEP5,2
NT5C3B,1
PRRG2,1
CCDC155,1
ARHGAP29,2
CIC,3
IQSEC1,2
SEMA5B,1
SLC9A9,1
KDM3A,3
PARD3,4
AP000230.1,1
RFX3,1
GLIS3,1
FBXO34,1
RALGAPA1,1
STAT2,3
PAN2,1
VTCN1,1
TRIM45,1
LINC-ROR,3
COX7A1,2
RAB11B-AS1,1
KANK3,1
ARMC7,1
TFB2M,1
SCCPDH,1
GDA,3
KCNK4,1
BRF1,2
NID2,2
ADAP2,1
CFAP221,1
DNAJB11,3
MCUR1,2
PLXNB1,2
PTPRU,2
RNASET2,1
ZNF34,1
ADHFE1,1
SLC12A3,3
SLC34A2,8
SNX12,1
SOCS5P4,1
ATAD3B,2
DHX57,1
ZNF787,2
SOX2-OT,1
TULP4,1
IDI2-AS1,2
DLG1,3
FAM155A,2
GNL3L,2
HIF1AN,4
HMX3,1
LINC01483,1
LINC01497,1
MEX3C,1
MRO,1
SLC15A1,1
ST7,1
NPIPB5,2
CLDN16,5
CLDN1,3
MID1,1
CTPS2,1
PELP1,7
PIK3AP1,2
LYSMD4,2
IMPDH2,3
HIAT1,4
ZBTB11-AS1,1
NR2F6,2
VPS13B,2
MYO16,2
SLC38A10,4
ENTHD2,1
C1QTNF4,1
TIAL1,1
MCMBP,1
RSRC1,1
PDAP1,4
ATP5J2-PTCD1,1
CCDC9,1
DHX34,1
MTOR,3
PHACTR2,1
SLC22A23,1
DMXL1,1
MOGAT2,1
C12ORF49,3
ATP10A,2
TYRO3,1
RTF1,2
USP3,2
NTSR1,2
TAF1C,2
KCNG4,1
ZNF503-AS1,1
MUC16,3
ANKRD13A,1
TCHP,3
P2RX1,2
RBPMS2,2
LINC00686,2
CHD2,2
NUP85,2
FANCM,1
RPL13,1
PRDX3,2
DPYSL3,5
TMEM182,1
IL18R1,1
STXBP4,1
TOM1L1,1
STRN,1
SULT1C2,1
AC058791.1,1
COPG2,1
DIO2,2
BTNL8,2
SERINC4,1
MFAP1,1
C16ORF58,5
WBSCR17,1
RRP8,2
WNT2B,1
ZUFSP,1
KHDC1P1,1
C7ORF60,1
TMEM168,1
CACNB4,2
ST6GALNAC3,2
PEPD,2
LRP12,1
GRB10,3
BP-21201H5.1,2
NUDCD1,1
SYBU,1
SLC7A11,3
SDF2,1
LATS1,1
OXLD1,1
SEPT7-AS1,1
HERPUD2,1
SYNE2,3
FADS2P1,2
HADHB,2
RNF121,3
P2RY2,1
UBAP2,2
TOM1,2
PITPNB,2
SAMD4A,3
ZBTB24,2
KCTD1,2
IPO4,2
CCDC127,2
KANK1,4
NPAS3,1
MTCH2,1
PDK2,1
RALGAPA2,3
RIOK3,2
AQP4-AS1,1
AEBP2,3
DCLK1,2
MYO9A,2
SP2-AS1,1
SP6,1
NEGR1,2
PTGER3,2
ADA,1
SERINC3,5
APITD1-CORT,1
CD3D,1
MPZL2,1
KCTD21-AS1,1
USP35,2
ANKLE1,3
TCF7,7
TTC16,2
TJAP1,2
ZMAT5,1
ADNP,2
TSNARE1,2
TTC3,3
CHST12,3
KRT78,1
TMEM241,2
FANCD2,1
ZYG11A,1
SCP2,1
FAM168A,1
RAB6A,2
HEXA,2
HELZ,2
HECW1,2
PPP1R12B,3
GRIP1,1
RMDN2,2
EFCAB8,1
LGR6,2
BRAF,1
CRYBB2,1
MIPEP,2
FAM65B,3
UMODL1-AS1,1
PRSS42,1
PRSS50,1
SEMA3C,2
XRRA1,2
MIR194-2HG,1
EHD1,2
DMD,5
FNBP4,1
COX19,1
RTEL1-TNFRSF6B,2
TNFRSF6B,2
ZSWIM8,1
TMEM230,1
TBC1D9B,1
TSPAN2,1
NGF,1
ARIH2,2
P4HTM,1
PEG3,1
RAB4B,1
RAB4B-EGLN2,2
ZIM2,1
PIK3R3,2
COL24A1,2
TROVE2,3
STRN4,3
TBCA,2
ZNF573,1
FARSA,2
RPL13A,3
RAD54L,1
TCEANC2,2
ISLR,4
CUL7,3
MED24,1
PDGFRA,2
CLTA,3
CRLF1,3
EPDR1,2
TMEM109,4
RIN1,2
MIPOL1,2
SOAT1,2
AXDND1,1
CASP4,2
RPL4,3
TWSG1,1
PIK3C3,2
PPP4R3A,3
HEATR3,2
PKHD1L1,1
HSDL2,1
UBE2B,2
SFTA3,1
HDAC2,1
ZNF649,1
ELOVL6,1
RAP2A,1
PCDH9-AS1,1
FBXL3,1
TRPC4,1
DYRK1A,3
PPIEL,1
INPP5B,3
PABPC4,6
TMCC1,1
CYLD,2
VPS8,2
XRCC6,2
PTPN1,2
EBLN3,1
ZCCHC7,3
DCAF4,2
TIAF1,2
NANOS2,1
RUNDC1,2
KCNQ3,1
PIAS4,1
UNC5C,2
ARHGAP17,3
CCDC88C,2
DYRK4,2
SGK2,1
IFT52,1
ASB16,2
USP10,3
ZDHHC7,4
TIA1,2
DIRC2,2
VWA2,2
HJURP,2
RC3H2,1
ABCB9,2
C2ORF42,3
ENKD1,1
TMPRSS2,1
ADCK3,1
INPP4A,2
ZNF577,1
FAM172A,1
C5ORF47,1
PSMG1,2
RANBP17,1
DOCK2,2
CNOT6,3
JMY,1
DMGDH,1
MAST4,1
ZNF57,1
PLPPR2,2
KLK2,18
ANO10,3
ADGRV1,2
RASA1,1
C5ORF30,1
PARD3B,1
NREP,1
ZNF410,2
AC025918.2,2
ACPP,4
MARCKSL1,4
ACLY,3
COLCA1,2
ELOVL2-AS1,1
HSPA8,7
SEPN1,6
F13A1,2
C19ORF48,5
GFPT1,4
KIF2C,1
RPS8,3
KLC2,2
RELL2,2
THAP7,2
NIPSNAP1,3
SNX27,3
AP2B1,5
LLNLF-65H9.1,1
AC022153.1,1
SEMA3B,2
S100B,4
PRPF19,1
PLOD3,4
CHPF,4
CST3,4
OLFML2A,3
SDF4,5
MICA,2
RILPL2,2
BATF2,2
PNMA5,2
ASRGL1,3
ILF2,3
CD99L2,4
C1ORF127,2
LSP1,3
MAN2A1,3
GRK6,5
RPL35A,3
STT3A,2
IGLV2-23,3
KLF2,2
TMEM214,2
IFNAR2,2
HMCES,2
PTP4A3,2
SRSF1,2
SLC7A1,5
TMCO1,3
UBAP2L,4
RPL30,5
RNF157,2
RPS3,7
ZBTB40,3
AC005943.2,2
MBD3,3
PPP1CA,3
SNX9,4
HERPUD1,2
MR1,2
RHOC,2
BAZ1B,5
FAM46C,2
ASNS,4
MGAT2,2
ARFGAP2,3
NFYA,2
NME1,5
PSMB5,2
SIN3B,2
TRIM65,2
SMARCC2,3
INTS12,2
MGAT1,5
NAB2,2
RPL23,3
CHL1,2
KCNJ15,2
TIPRL,2
DCAF6,1
TADA1,1
CDK5RAP1,3
CLPTM1,5
AP1G2,2
FARP1,4
RALGAPB,5
TSC22D2,2
ZNF587,3
LINC00493,2
DHX40,1
TMEM105,2
WSB1,3
HDAC5,1
EME1,1
KCNJ2,1
CFTR,1
ARHGAP27,1
FGL1,1
SPHK1,2
CACTIN,1
ZFR2,1
ADAMTS9,1
ASPSCR1,4
ACBD4,1
LRRN2,1
HAAO,1
SLC25A26,1
BAP1,2
MKRN2OS,1
POTEKP,1
LINC01087,1
EMC10,3
SMAD5,2
RBBP8NL,2
CABLES2,1
SIRT7,2
SYVN1,3
BCAP31,3
CTNNBIP1,2
PLEKHG3,2
TMEM9,2
SRSF6,3
DDAH2,2
UTP20,2
PKIG,2
FAM118B,1
KIRREL3-AS1,1
AC024084.1,1
AC009784.3,1
SPATS2L,1
AC004221.2,1
NPC2,2
RCAN3,1
SRRM1,1
ATR,2
GRAMD1C,1
SCNN1G,2
CASP9,1
AC084809.3,1
LOX,6
ANGPTL2,2
CYB561,1
GNA12,3
F8,1
CLIC2,1
MAN2B2,3
KIAA1191,3
EIF4EBP1,3
ERGIC2,2
CHRNA6,3
ICE1,1
MARCH11,1
HEXDC,1
BID,2
XXBAC-B461K10.4,2
LPCAT1,1
SKP2,1
THSD4,3
LRRC49,1
CEP72,2
ZDHHC11B,1
GPR132,1
LINC01484,1
BOD1,3
OSMR-AS1,1
C9,1
TMEM87B,1
MERTK,1
PUS7,1
SRPK2,1
AC016629.3,5
APPL1,2
SGPL1,2
COPS2,3
SECISBP2L,1
EHHADH,1
C8ORF31,1
CDYL2,1
ZNF19,2
SLC26A8,3
TUSC3,2
POLB,1
BCAS2P1,1
PCF11,1
ARHGEF10,3
KLK3,1
GLMP,1
PRTN3,4
APOC4-APOC2,1
PDCD6IPP1,2
PYGL,2
PRSS57,3
EXOC4,3
DNMT3B,2
ELAC2,4
TUG1,2
TJP1,2
PYGO2,1
ATP13A2,2
SHC1,3
TTC17,2
EXOSC2,2
TSPO,2
USP1,2
GUSB,2
CDC6,6
ANKRD26P1,1
SRP54,1
CCDC175,1
CDX2,5
PDX1-AS1,2
ANXA7,1
GNLY,1
PMM2,1
BTRC,1
LBX1-AS1,1
RBM33,3
ETFA,2
GPSM2,3
P3H4,7
CPSF7,3
ASPHD2,1
SRRD,1
HSPBP1,2
MGAT5B,1
RBBP7,3
DDX3X,3
EIF1B,2
TSPAN15,3
TAF3,2
TBC1D17,2
GLS,3
GNS,4
TRAK1,2
CADM1,3
HSPH1,1
IL17RA,3
MRPS34,2
NOA1,2
NT5C2,3
CPSF3L,2
PDE1C,3
POLR2G,2
MRPS2,4
RAN,4
SNTA1,2
PDLIM1,3
KARS,2
TRAPPC2L,2
NLRP1,3
WBP5,2
DISC1FP1,2
KIF13A,1
THBS2,10
RUSC1-AS1,1
DHH,1
RHEBL1,1
RANBP6,1
KIAA2026,1
C20ORF194,3
GABPB1-AS1,5
TBC1D22B,2
ISM1,2
BLVRB,3
SERTAD3,1
PRICKLE2,4
ZNF177,1
CCDC105,1
ZNF559-ZNF177,2
GATAD1,3
GDPD1,2
AC022182.3,2
LINC01602,1
FAM110B,1
SEC24B-AS1,2
WDR13,1
VN1R110P,1
TFE3,1
AP003419.11,2
FAM53B,2
GVINP1,1
MRPL17,1
AC011558.5,2
PSMB9,2
REL,2
OVCH1-AS1,1
GNA11,2
PPP3CC,1
DAZL,1
FN3KRP,1
ARHGEF12,2
TSPAN11,1
KDM4D,1
KIAA0391,1
CAMKK2,1
P2RX4,2
EVX1,2
ZSCAN5B,1
C17ORF77,1
STRN3,3
IQSEC3,1
CCT6P1,1
VKORC1L1,1
EXOSC3,3
CA5BP1,1
GS1-594A7.3,1
LINC00315,1
ABHD17AP3,1
ANKUB1,1
SEMA3A,2
WBSCR22,1
OSBPL9,1
IGF2BP2,4
LIPH,1
IKBKB,4
ST3GAL6,1
POM121,2
RUNX1T1,2
FAM189A1,1
TM7SF3,4
C20ORF24,2
CLK3,2
TARS,2
EEF1G,2
GART,2
KAT2A,2
MED17,2
SBF1,3
ANAPC5,2
STYX,2
WDR27,2
SUGP2,3
HNF1A-AS1,1
POP5,1
ATF1,1
LINC00592,1
LANCL1-AS1,1
SRGAP3,1
IFIH1,3
MED16,2
CRTC3-AS1,2
TAOK3,2
ANKRD46,1
SNX31,1
FAM134A,2
MFSD6,2
UBE2H,3
ACOX1,2
CENPF,4
DRAM1,2
RPS23,3
SHANK3,2
MCM3AP,4
PTGIS,3
PTPDC1,2
RRM1,1
MLF2,2
TGOLN2,3
CREM,2
SCARF2,1
ZNF74,1
EML6,3
FAM195B,1
LINC01440,1
AL163953.3,2
PTGER2,1
FAM135B,1
CH17-373J23.1,4
GTF2IP9,1
LINC00174,1
ARL16,2
BRPF1,1
CPNE9,1
GTPBP6,1
STS,1
IFIT3,1
LIPJ,1
DHX36,1
KCNAB1,1
NBEAL1,1
SCPEP1,1
EVPL,1
SRP68,2
TBCB,2
WDR62,3
GAN,1
BCO1,1
ZNF407,2
IGHMBP2,1
SPTBN2,1
CRYGN,1
WDR86,1
PIGU,2
FOXK1,2
DNAJC15,2
C10ORF95,1
CUEDC2,1
ABHD18,1
LARP1B,1
AMZ2,1
THRB-AS1,1
AC133680.1,1
EML1,1
YY1,2
PPP1R1C,1
SSFA2,2
CASKIN1,2
GNL1,4
GOLGA3,5
IPO7,4
ZNF143,1
AK4,1
ARHGAP1,2
PTPRK,3
LNPEP,1
FAM171A2,1
MYL4,1
GABRA4,1
CFAP70,2
CAPRIN2,1
UBE2E1,3
RPL15,1
KCTD16,2
BDNF,1
MAPKAP1,1
PLCL2,1
CPVL,1
JAZF1,1
AIF1L,1
PLPPR3,1
MIA,1
MIA-RAB4B,1
FAM49B,2
MRPL51,2
ADAMTS6,1
TP53BP2,1
ARF3,2
PPIL2,2
CCK,2
ABHD12,2
MROH9,1
PATZ1,1
KDM6A,3
STPG1,1
USP12,1
POLR1D,1
THYN1,1
SPATA19,1
CCDC92,2
LAMP2,2
ZDHHC15,1
LINC00850,1
MAGEA8,1
ADAM17,1
PSMA7,5
FAM20C,8
SNED1,2
FHL3,1
POGZ,2
ZFPM2,1
PI4KB,2
UQCC1,4
GZMA,1
AMBRA1,2
C11ORF54,1
LINC01502,1
SLAIN2,2
TMEM255B,2
TMEM156,1
AUTS2,5
AP000438.2,1
ATP5J2,1
SNX1,2
IRF2,1
LINC01060,1
SLC9B1,1
CLCN3,2
EMILIN2,2
RAB3GAP2,3
CERK,3
SMARCA2,4
APLP1,4
PDZD8,2
CISD2,2
FLG,3
DESI1,2
SKIL,2
C17ORF98,1
MLANA,3
RGS1,2
PTTG1IP,8
E2F3,2
IGHA1,15
ABI1,2
IRAK3,2
DERL3,2
TMC8,3
PARP1,4
CASC5,3
GMPPB,4
CST7,2
GARS,5
WNT10B,2
MOCS2,2
KIAA0355,1
KIF1B,4
UBE4B,2
ZNF706,1
AC004893.11,1
TTK,1
SH3BGRL2,1
BOLA3,1
CCDC142,1
MRPL53,1
MDN1,1
LYRM2,1
CH507-9B2.3,2
DCAF10,3
ZNF587B,4
PTGR1,3
RNASE10,4
SLC1A2,2
PLPP4,3
DYNLRB2,1
WDR11,2
APIP,2
TRIP6,1
SRRT,2
ATP5A1,3
DYNLL1,3
PLCB3,2
THOP1,1
ZNF554,1
ZNF415,1
KIAA1429,2
CCL15,2
RDH13,2
TSEN34,1
CYP39A1,2
LRCH3,5
HNRNPUL2,2
RAB37,1
MDH1,3
LINC01278,2
PKD2,2
ATP2B3,1
GLIS2-AS1,1
KPNA1,1
EEFSEC,1
ZNF646,1
CTF1,1
ABCA4,3
NME7,1
FUBP3,2
DEGS2,1
FOSL2,2
HIST1H2BF,1
PCOLCE-AS1,1
RNGTT,3
CFAP43,1
AIFM1,3
AIP,1
ATP1B3,2
ZFPL1,2
C19ORF66,2
ERO1A,3
NAB1,2
POFUT1,3
PLEKHH3,2
RELT,2
CALML5,2
ZBTB4,2
TCIRG1,5
TMEM150A,2
RGL2,2
CECR5,2
MIAT,4
SULT4A1,1
KB-226F1.2,1
DDT,1
GTPBP1,2
CPNE2,4
ACR,2
COL8A1,9
CD276,3
PGK1,3
REC8,1
COL23A1,1
ZNF667-AS1,1
ZNF471,1
GACAT2,1
TOMM20P3,1
MAGED1,4
NAV1,4
ARHGAP24,5
NFKBIZ,3
SSC5D,2
ALDH16A1,1
MED25,4
HIST1H1C,2
ALDH5A1,3
CARM1,4
LA16C-321D4.2,1
ZSCAN10,1
RAPGEF1,3
TCF4,1
TXNL1,1
C9ORF24,1
KIAA1161,1
COX18,2
METTL17,2
SCIMP,1
ZNF594,1
CNFN,1
LIPE-AS1,1
FAM171B,1
CCDC149,1
CROCCP5,1
NBPF3,1
DHRSX,1
TCEANC,1
EDEM3,1
FAM129A,5
CYBA,3
GLTSCR1,1
KCNK9,1
MTHFD2,2
NFIL3,1
AUH,1
PATL1,2
RSL1D1,5
SAT1,2
WDR7,1
IGLV4-60,6
TMEM117,1
FARS2,2
ENTPD2,1
SSBP2,2
CCL3L3,2
NUSAP1,1
OIP5-AS1,3
EMC1,1
NAA10,1
ARHGAP4,3
FARP2,1
EPB41L1,3
BRWD3,1
HMGN5,1
SHTN1,1
POLE4,2
HK2,2
TULP3,2
FKBP4,1
TBX10,1
AGBL4,1
ATP6V0A4,1
TMEM213,1
ST7-AS1,1
LINC01510,2
PGC,4
LINC01376,2
SVOPL,2
ST7-OT4,1
SCARB2,2
ZNF320,2
PNCK,2
JKAMP,2
TRAV35,1
ZZEF1,2
HORMAD2-AS1,1
SLC38A2,6
KCNV1,3
AKR7A3,1
ABCF1,4
GPANK1,3
HNRNPC,4
MAN1C1,2
TTC14,2
PPIP5K2,2
RUNX2,2
KCNMB2-AS1,1
SEMA6B,3
VDR,4
CACNA2D4,1
CCT2,3
MYRFL,1
RAB3IP,1
CNOT2,1
LRTM2,2
RPAP3,1
AC025263.3,1
BEST3,2
ENDOU,1
C12ORF54,2
SLC35E3,1
LINC00935,1
OR7H1P,1
SLC6A7,2
CCNT1,2
MANBA,1
DHRS7,2
EIF2S1,1
ZNF776,1
NLRP4,1
LINC01481,3
GFRA1,4
INHBA,5
TRA2A,2
IGF2BP3,1
MDM2,2
TTLL5,2
DES,3
ERI3,2
CNTLN,2
ADAMTSL1,2
BNC1,2
ACYP2,1
CD37,2
NRXN1,2
PIGO,1
IFT88,1
R3HDML,2
TOX,1
MXD1,2
EHBP1,1
AC092155.4,1
RGL1,1
MNAT1,2
SLC38A6,1
CORO2A,1
HGH1,1
MVP,3
PRELP,2
SH3BGRL3,5
SERTAD2,2
PRG4,1
ZNF7,3
C8ORF33,2
RPS24,2
CAMK2G,1
OSBPL6,1
AC005037.3,1
OSBPL7,1
CUL3,1
STAP2,2
PRAP1,2
SNRPA1,2
ADAMTS7,1
CALCOCO2,1
SPCS1,2
TEX35,1
TXN,3
AC005498.4,1
ZNF582,1
AC006116.21,1
NOTCH1,2
BCL7A,3
STIP1,2
ACAP1,2
ILF3-AS1,2
ANKRD52,3
ZNF444,3
CACNB1,1
ARL5C,1
DNA2,2
FEM1A,2
KIAA1109,2
PPT2,2
AFF4,4
PPT2-EGFL8,4
TPGS2,4
PSMA1,2
UCHL3,3
PARPBP,2
WIPI2,2
TRAPPC6B,2
LRP8,2
APOBEC3B-AS1,1
SOX10,5
CCDC39,2
DGCR2,3
EP400NL,2
PUF60,2
KATNA1,2
NSA2,2
SNX5,4
F2R,2
PIK3CD,2
TMEM161A,2
RAB5A,2
PSMD1,2
HIVEP1,2
SCO1,2
BTBD1,2
SOGA1,3
TSC22D1,6
DCAF8,4
IQCE,3
TRIB3,1
CYP1B1,2
AADAC,1
SUCNR1,1
ZFAND3,3
CFB,1
ZNRF2P1,1
DPY19L1P2,1
GTF3C2,2
FKBP1A,2
BORA,2
POPDC3,1
SDCBP2-AS1,3
RRNAD1,1
CTSS,1
RSBN1,1
PHTF1,1
LMO7,3
SCEL,1
WDTC1,2
CSF3,1
GLT8D1,2
GTPBP2,3
ABCA7,2
POLDIP3,2
DDX42,2
CAMSAP3,2
ISOC1,2
RGS11,2
HOXB3,1
IBTK,2
WDR26,2
PAK4,4
PDCD4,2
AMIGO3,2
TAB3,2
RPS9,1
PLXDC1,1
ZNF362,2
CEP131,1
FBXO3,2
UPK2,1
CDC25B,2
GALNT11,2
JRKL-AS1,1
CCDC82,1
SYNE4,1
C19ORF70,1
GZMM,1
CLEC4D,1
ZRANB2,1
WDR78,1
ZNF565,2
GS1-293C5.1,2
ZNF585B,2
MID1IP1,2
UGGT1,3
SLC43A2,2
DMXL2,1
CYP19A1,1
SERPINF1,2
PEX5L,1
SPAG7,1
EIF2AK1,2
PMS2,1
NLGN1,1
PEX5L-AS1,1
RBMXL1,1
GABRP,2
SH3GL3,2
ZFYVE27,1
YTHDF2,1
TAF12,1
ESYT2,2
NCAPG2,2
ARX,2
CLCN3P1,1
FREM1,1
HEXIM2,1
NMT1,1
LINC00662,1
ERVK-28,1
RBM10,2
ADAM18,3
ZFP64,2
AC099850.1,1
TXLNG,1
CA4,1
FCHO1,1
HACD2,2
RAD51C,3
AP4B1-AS1,1
ADAMTS19,1
SLC27A6,1
ZMYND8,2
GPR37L1,1
TAF4,3
ABCA5,2
EMCN,2
DCLRE1B,1
SARNP,2
MMP19,1
ARRB1,1
MAP6,1
PNPLA7,1
KCND3,2
ENO3,1
PRMT2,1
DSCAM-AS1,3
ULBP1,1
HIPK1,1
DENND2C,1
PDE8A,2
POP1,2
RNF126,1
KLHL35,1
OTUD5,3
GRIPAP1,1
RNF41,2
APOF,1
RGS17,2
VAV3,1
PSMD14,2
METTL10,1
FAM175B,1
WDR66,2
XXBAC-B33L19.4,2
ZNF619,1
HIP1,4
SPAG1,1
UPK3B,2
FAM127A,3
GPRC5C,2
SPON1,3
SCIN,2
WDR1,3
ZDHHC16,2
PPP1R2,2
MYNN,1
YDJC,1
FPR2,1
EDC3,1
UBL7,1
ATF7IP,2
IDUA,1
AC073321.4,1
ACTG1P17,1
AC105339.1,1
PLEKHM2,1
NTSR2,1
BPHL,2
AP000462.2,1
CACNA1A,2
DYM,3
PDS5A,1
EPGN,2
SLBP,1
DENND1B,1
TH2LCRR,2
EPX,2
STAM2,2
XPNPEP3,2
CBLB,1
ALCAM,2
KRT16P6,4
SLFN5,2
USP43,3
AHSP,3
GNB1L,1
SEPT5,1
ANKRD34A,1
GREB1L,2
MFAP4,2
TTC23L,1
PNPT1,1
MYRF,3
RPS6KA3,4
IL11,2
PLCL2-AS1,1
CEBPE,1
CHCHD3,2
DXO,3
GM2A,3
PTK2B,2
PAPD4,2
SSH1,3
LANCL2,2
RAVER2,2
SFXN4,1
LINC01258,1
FBXL12,1
E2F5,1
CPNE8,3
CHAF1A,2
LINC00162,1
LINC00163,1
MUC2,10
AACS,2
EPM2AIP1,1
AC024592.9,2
LINC01356,2
HECTD1,3
SDHC,2
NDUFS2,2
ATOH8,1
NEDD4L,2
CTTNBP2,1
CSDE1,10
RPS21,5
PYCRL,1
VPS37B,1
PITPNM2,2
TNPO1,4
NIFK,1
SLC2A6,2
CYTH3,4
STARD7,2
GAREML,2
ST7L,2
DDX6,4
ZNF571-AS1,1
ZNF540,1
C14ORF166,2
SLC25A21,1
RPL31P11,2
CASP7,4
PLEKHS1,1
XX-FW83563B9.5,1
FERMT3,1
MMRN1,1
PHKB,2
MSRB3,2
PPP4R3B,2
SMIM10L1,2
CDHR3,1
DCLK2,2
MXD4,3
MANF,4
RSPO3,1
TRAF5,1
LINC00467,1
ARHGAP11B,1
GOLGA8UP,1
C1ORF101,2
DESI2,1
PES1,5
NEURL1B,2
ARHGEF9,1
CDON,2
CRIP2,3
UNKL,2
MBTPS1,2
MITF,2
SH3GLB1,2
PALD1,2
RAF1,2
RRP1,2
FBXO9,3
LAMTOR5,2
SKI,2
TPP1,2
ZKSCAN5,3
ZNF469,2
UBE2G2,4
ZNF703,3
LINC00317,1
AF241725.6,1
CEP170,1
SDCCAG8,1
VAC14,1
SMR3B,1
PROL1,1
TEFM,1
RPL36,2
CATSPERD,2
DHX8,2
EPHB2,6
HEMK1,2
PITPNM1,2
PLEKHA3,1
TTN-AS1,1
SIRT2,2
EPRS,2
PCNXL2,2
PDSS1,2
RASGRF2-AS1,2
DNASE2,2
SRSF10,4
BNIP3,3
ZNF335,2
C1ORF174,2
TIMM13,2
EML5,2
MED14,2
KIAA0141,1
LINC-PINT,2
CARKD,2
RUSC1,3
STXBP5,2
TSEN15,2
ZMAT2,2
LDB2,2
ZNF559,2
CCDC42,1
RAP1GAP2,1
SMG6,1
MYO15A,1
KRBA2,1
NAA38,2
ARL15,4
FBXO24,1
COX10-AS1,1
ERBB4,3
LL0XNC01-237H1.2,2
AVL9,1
LINC00997,1
RAB2B,1
RPPH1,1
CACNA2D1,1
ABCB1,1
DIAPH2,2
ADGRL2,2
SYCP2L,1
CASC15,2
ZNF806,2
MGST3,2
RAB2A,2
RAP1GDS1,2
C4ORF33,1
UHRF2,2
KDM4C,2
RANBP9,1
ERVFRD-1,1
FAM50A,4
ARRB2,2
EPB41L2,4
CTDNEP1,2
EOGT,2
FBXL18,2
GPR155,1
CIR1,1
ZKSCAN1,2
LINC01252,1
PSME3,2
DOK1,2
NDUFS1,2
C17ORF62,2
GYG1,2
TATDN3,1
NUP58,3
RAC2,3
MICU2,2
RIC8A,2
GZMB,2
SCAF1,3
SNTG2,3
SSR2,3
GPD1,2
TMA7,3
METTL21A,2
TOX4,2
TBK1,2
USMG5,1
CALHM2,1
USP19,3
CD93,2
MRGPRD,1
CELSR1,3
PDZD2,2
TRIM14,2
PFDN6,2
CHRM3-AS2,1
PIGC,1
NFKBIL1,1
PHF1,2
HIVEP3,1
ST6GALNAC5,1
ZNF687,1
TRIB2,2
BUB1B,2
IFT172,2
GPN2,2
NOTCH2,2
NPTX1,3
VANGL1,3
GLRB,1
CTR9,2
RXRB,2
IMPG1,1
AC007563.5,3
FURIN,3
LMOD1,2
ANKH,3
ANXA11,4
WFS1,3
PAMR1,2
FENDRR,2
PM20D1,1
SLC41A1,1
UBE3A,1
PCSK1,2
TRIB1,2
CXORF40A,1
LINC00184,1
AIG1,2
DDX23,2
CCNB1,3
SYPL1,2
LARP6,3
RPL7A,2
STK39,2
MYL12A,2
TMEM54,2
MAPKAPK3,2
ARSD,2
SEC61G,1
LINC01445,1
SLC25A5P3,1
ZNF33A,1
LINC00839,1
VCAM1,2
CADM3,2
PSAT1,2
HMGB1,3
ITGA1,2
MAP1A,3
IL22,1
P3H1,2
ATP6AP2,3
ATRN,2
BRSK1,2
CDH2,4
FAM114A1,3
GSTK1,2
HEXB,2
KCNG1,2
MYO19,1
PLEKHA5,3
STARD13,2
SSR1,2
COL21A1,3
AGPAT1,2
EFEMP2,2
GPSM1,2
HOXA11-AS,2
MFAP2,2
NBR1,3
PAQR4,2
SGCB,2
GUCD1,3
SLC39A13,2
SPPL2A,2
TCEB3,3
WNT5A,3
SMARCD2,1
FTSJ3,2
PIK3R1,2
POLE3,2
TTPA,1
GGH,1
PNP,1
PROCA1,2
TMEM33,2
SNRPD1,2
AC008163.4,2
PHF12,1
NFXL1,1
GABRB1,1
SLC22A1,1
NALCN,1
LINC00393,1
PMM1,1
BMPR1A,1
ITGAE,1
RANBP3,1
RFX2,2
SGTB,2
BACH2,3
AC013733.4,1
NEUROD1,1
EFNA4,1
C11ORF1,1
ZFYVE28,1
REXO1,1
ATP8B3,1
METTL16,1
DKFZP434A062,1
RPS15,1
BFSP2-AS1,1
PRIM1,1
AC018816.3,1
LINC00907,1
MTFR1,1
TFRC,13
FAM178B,1
WDR20,1
CCDC187,1
BTG2,2
CFDP1,2
PXK,1
ST8SIA6,1
ENAM,1
UTP3,1
NR2C2,1
PLXNC1,1
CRADD,1
USP15,1
MON2,1
BMP2K,1
LINC00534,1
DECR1,1
SAMHD1,3
USP48,1
GSDMC,1
YBX2,1
SAMSN1,1
SLC10A5P1,1
IMPA1P,1
HBG2,4
WASF3,2
XPO4,1
XRCC3,2
TLN1,4
PPP1CC,3
HAUS7,2
TREX2,2
PHKA1,1
USP9Y,2
PPIG,1
NAT8L,1
ZBTB20,1
LSAMP,3
UBL4A,1
MIR548XHG,1
ACOT7,3
ZNF350,1
AC002314.4,1
C17ORF104,2
PDE4A,1
UPK1A-AS1,1
SPATA17,1
CHCHD5,1
URB2,1
HMGB1P26,1
IQCB1,1
DNASE1,2
HRH4,2
CCDC69,2
ANXA6,1
HSD17B1,1
COASY,1
DNAJC9,1
CSK,2
LMAN1L,1
MTRF1L,1
FBXO5,1
NADK2,1
CD40,2
DHX37,1
RAB8A,2
ERN1,1
RARS2,1
MAP3K7,2
LINC00472,1
MARCH10,1
PTPN13,1
CORO1C,3
ICAM2,1
LRRC6,2
C4ORF22,1
BMP3,1
ARID4B,2
BCL6,2
BCKDHB,1
CENPBD1P1,1
CYB561A3,2
ERGIC1,4
KATNB1,2
CNDP2,3
MOB3A,4
MTMR9,2
KCNMB4,2
FAM35A,2
RRM2,6
TBC1D14,2
PLPP2,1
WDYHV1,1
TMX2,1
RNF11,2
AC019178.2,2
RPL32,2
AC006445.6,2
FCHO2,1
TMEM174,1
HIST1H2AL,2
HIST3H2A,2
TOPAZ1,1
G6PC3,2
AC114755.4,2
RPL27A,3
AP000439.1,1
MYL6B,2
MYL6P2,2
ACTG1P10,2
ACTBP2,2
DACH1,3
SSNA1,2
FUT8,1
FNTB,1
CHURC1-FNTB,1
CEACAM19,1
DCP1A,1
HOXA-AS2,2
PRKD2,2
URI1,3
SLC7A10,1
CEP70,1
LYL1,3
TRMT13,1
ZNF280C,1
SYTL1,2
CABLES1,2
CMPK1,2
OSR2,1
ATG14,1
TBPL2,1
TSPYL6,1
KB-1458E12.1,1
ASTN2,2
FAM182B,2
LY6K,2
MNX1-AS2,1
CCDC47,1
SCN4A,1
GLTSCR2,6
SLC50A1,2
DFFA,3
MNX1-AS1,2
MILR1,2
MRPL30,3
SLC45A4,1
GLCE,2
GET4,2
GNB5,2
SYK,4
R3HDM1,2
SGTA,3
NR3C1,2
CLINT1,2
COX15,2
LIG1,2
EXOSC8,2
FAM78A,2
FAM58A,2
NMRAL1,3
LEF1,2
C1ORF27,2
RALBP1,2
RBMX,2
TMEM126B,2
RHOT1,2
RLIM,2
COPS6,2
CNP,2
RUVBL1,5
PTPN7,2
SLC25A29,2
SMC5,2
SUGT1,3
LMNB1,2
TCL1A,2
CMTR2,2
TSPEAR-AS2,2
KRTCAP2,2
MMP20,1
PCDH7,5
MBOAT2,2
SPRED1,1
RNF111,2
PTPRA,3
HHLA1,2
HMGXB3,1
PPARGC1B,1
OC90,1
IGSF23,1
PIGN,2
WRNIP1,2
UQCC2,3
GSTM1,1
LCORL,2
MIR100HG,1
ZNF202,1
LRIF1,1
NOS1AP,1
IFI16,1
PAG1,2
AC060834.3,1
GSTM2,1
TGFB2,1
C1ORF143,1
ZNF484,1
FGD3,1
AC007326.9,1
AC000095.9,2
SCAPER,2
TM6SF1,1
SUMO3,2
PFN2,2
LINC00865,1
LINC01374,1
CHD1,1
AC008522.1,1
ABCB7,1
GTF2E1,1
NAP1L1P3,1
PNN,5
TM9SF3,1
TLL2,1
ZC2HC1B,1
PAPD5,1
RIT1,1
TSSC1,1
DCLRE1C,1
DKK4,5
MTX2,2
RPSAP25,1
IL17RD,1
ARHGEF3,2
MMP9,1
SLC12A5,1
ZNF195,1
ADAM19,1
SOX30,1
AFAP1L2,1
ABLIM1,1
SUPT4H1,2
SEPT4,1
GDI1,5
VIP,2
PDCD10,1
SERPINI1,1
SLC39A9,1
ADGRL1,3
CST1,2
SLC24A4,2
MAMLD1,1
ZNF404,1
TIMM50,4
TRY2P,2
C9ORF92,1
FSIP1,2
STAU2,1
MYBL1,2
WISP2,4
HIP1R,2
NTF6G,1
CGB2,1
DNAJB1,3
SUPT6H,3
GNG7,1
PALM,1
MAGI2,1
SEL1L3,2
TTYH2,1
VTI1A,2
MCAT,1
WDFY2,2
SERPINE3,1
UBE2D1,1
PSEN1,3
CENPP,3
QRICH1,2
ACSBG1,2
LINC00664,1
UPF1,2
SLC35G1,2
ZNF365,1
GPR158-AS1,1
ZNF429,1
HEATR4,1
PTPRZ1,3
EDEM2,2
IPMK,1
PRKG1,2
RTKN2,2
PRPF40B,2
COQ5,1
JMJD1C,1
FLG-AS1,2
LDB1,2
PDE11A,1
NAPEPLD,2
ITGB1BP1,1
CCDC163P,1
PURB,3
LEUTX,1
TEAD4,2
AMN1,1
EGLN2,3
C12ORF60,2
ZNF461,1
CLIP3,1
ZNF473,1
SPTBN4,1
LTBP4,6
PRSS22,2
KIF21A,1
ASUN,1
ECH1,1
ABCC9,1
SAMD12-AS1,1
COX6B1,1
UPK1A,1
NAPSB,1
ITPKC,2
PCED1A,3
B4GALT2,2
BCRP8,1
RSPH14,1
CTTNBP2NL,2
FAM60A,2
OVOS2,1
GRIN2D,2
TPCN1,2
RGP1,1
ACO1,1
SOX9,3
PLBD1-AS1,1
PSD2,1
CMTR1,1
PKP2,3
DGKG,1
ATP5E,1
FBLIM1,2
CDT1,3
VEGFB,1
DCHS1,1
MALSU1,1
CFLAR-AS1,1
C19ORF52,1
RASL10B,1
GOLGA5,1
CYP46A1,1
ZC3H14,2
DNTTIP2,1
SLC5A2,2
TIMM8A,1
TAF7L,1
MEST,6
IFNAR1,2
PPT1,3
FAM9B,2
UHRF1BP1L,2
DEPDC4,1
CNTN1,1
PLEKHM1,2
PNPLA6,3
STC1,4
GGNBP2,2
DHRS11,1
LL22NC03-63E9.3,1
TEKT2,1
POU3F2,3
KIAA0907,1
MVB12A,3
BISPR,2
CCAR2,2
CLK2,1
FAM189B,1
NDUFA11,1
GATA6,1
DSG1,2
AC024592.12,1
ALKBH1,1
AC008074.4,1
AFTPH,1
STXBP3,1
SLC25A24P1,1
APOM,1
CSNK2B,2
XXBAC-BPG32J3.22,2
AHSG,9
ALB,3
TF,3
SEPP1,3
CCDC152,2
A2M,3
GREB1,2
GPT2,2
SOX12,2
TAF5L,1
NUP133,2
IL4I1,1
TRMT11,2
CNOT3,1
GNPTG,2
LA16C-312E8.2,1
PRKAR1B,1
KIAA0895,1
GFOD1,2
GRIA3,2
SLC2A11,2
SPHK2,1
FGF21,1
MNT,2
NAPB,2
NDUFA12,1
OBSL1,4
SH3GL1,2
ZNF260,1
ZNF566,1
C5ORF51,1
FBXO4,1
ZFYVE16,1
FAM151B,1
C6ORF89,1
HYAL2,1
TMEM115,3
FAR1,2
FAM13B,1
SLC6A15,2
TSPAN19,1
TMEM88,1
BOK,1
ZNF420,2
GALNS,1
HS1BP3,1
PLEKHA2,3
GABPB1,2
C15ORF52,1
AC010105.1,1
RAE1,1
RPS20,4
SPDYC,1
DA750114,2
ASS1,4
ADSL,1
CCDC134,1
NRAV,1
CIB1,2
RN7SL440P,1
ABHD11,1
ADAMTS15,2
ATF2,1
ATP7B,1
LINC00282,1
CALB2,2
CDH6,2
DROSHA,1
GGA2,2
IMPA2,2
NFU1,1
GTF2E2,1
DNM3,1
SLC7A5P1,1
SMG1,2
TPRN,1
ANAPC2,1
LRGUK,1
ZC3H12C,2
MGAT4C,2
AHI1,2
DNAJC22,2
PGAM2,1
HDAC1,2
CCPG1,2
DNAJC13,3
PIGB,2
NEDD4,2
PRKACB,1
TLN2,4
KDM5B,1
SVIL,2
PIP4K2A,2
C2ORF91,1
AC104654.2,1
NUBP2,1
RTN4R,3
PYGO1,1
MAPK6,1
TLDC1,2
SNX21,2
AC009133.24,2
NRBP2,2
TCEB2,3
HERC4,2
FAM127B,3
IFFO2,2
FNDC4,2
TMOD3,3
SELT,2
PRRT2,2
SACS,2
ELAVL1,2
SEP15,2
RABEP2,3
ZHX3,2
SP3,2
AC106900.6,1
EIF4EBP3,2
SERP1,2
DHRS13,2
ZAP70,2
ZSCAN16-AS1,1
MAP3K5,3
REC114,2
AIFM2,2
ARSE,2
ETV1,2
GPX4,5
GNB4,3
TTC23,2
DIS3L,2
RABAC1,3
ARMCX2,2
CNPY2,3
SNRPD2,1
ZNF829,2
DLD,1
LRRC31,1
ABRACL,2
CDHR1,2
KLF16,2
SMARCA5,2
DLX1,2
FUT3,2
ATP2C2,3
LINC01057,1
NIP7,2
BAIAP2-AS1,2
SPG21,3
EIF3J,1
MST1R,1
ACTBP13,1
ZNF680,2
SNAP91,2
ZNF121,1
KMT2B,2
DMKN,5
CIB3,1
PPM1B,2
SLC3A1,1
AL513412.1,2
PARD6G,2
FAM32A,2
NAALAD2,2
NAV3,2
CNTNAP4,2
GLP2R,1
GALK2,1
CCDC171,2
ING2,1
LINC01535,2
MLST8,2
WDR34,2
E2F8,2
CSRP3,1
SCAF11,2
EHF,2
CFAP53,1
UBE2E2,2
LINC01378,2
APOOP4,1
CCNJ,2
BLNK,1
IGFBP6,1
SOAT2,1
DHDH,2
HLCS,2
GDF1,1
ARHGEF18,3
RRAD,1
CDH16,1
SLC22A13,1
SLC22A14,1
TP63,2
XRN1,3
CPLX4,2
MBNL2,1
GPAA1,2
IL21-AS1,1
BBS12,1
SLC39A10,1
CCDC94,2
ZNF77,1
PCAT19,1
RAB11B,2
RPAP2,1
ANKDD1A,2
TMEM180,1
CCDC28A,1
ECT2L,1
PEX11G,2
GSKIP,1
ACTR2,2
CARD10,2
CCDC86,2
RAD51,2
COG7,2
EPHA4,2
TCF25,2
ZC3H8,1
SASS6,1
LRRC7,1
MED13L,2
FAM101A,1
LRRC40,1
FAM207A,1
ADARB1,2
MIR4432HG,1
AC007381.3,1
TSPAN9,1
C15ORF65,2
ECM2,1
MGMT,2
DYNLT3,1
RIC1,2
PDCD1LG2,3
EBI3,2
ZNRF1,2
PLEKHG1,1
FAM208B,2
STX18-AS1,3
TSGA10IP,1
RHBDL1,1
ABCC5,1
BCL2L13,1
CECR2,1
ASCC3,2
ISG20L2,1
GRM1,1
TMEM253,1
APOH,2
IKBKE,1
MAP2K7,1
TGFBR3L,1
SLC41A3,2
PVRL3-AS1,1
ZNF212,2
MSX1,1
DPF3,3
IGSF9B,2
C2CD5,1
SMPDL3A,2
CWC27,2
ASXL3,3
TPPP,2
BPIFB5P,1
BPIFB3,1
FIG4,2
ARHGEF33,1
GALM,1
ACTL6A,2
LILRP1,1
AC098784.1,1
HPSE,2
LYRM7,1
FAM195A,1
C17ORF75,1
YEATS2,5
AC004791.2,1
AC004510.3,1
OR5P2,1
OVCH2,1
FAM83H,5
DNAJC8,2
SEC14L5,1
GMEB1,1
NIPA1,1
CUL4B,1
TMEM255A,1
PEX3,1
SLC25A47,1
APC,2
INO80B,1
WDR54,1
C1ORF132,1
CD34,1
NPHP4,2
PDCL,2
FBXW9,1
CNOT7,1
RICTOR,1
IFITM3,2
APC2,1
ARIH1,2
PABPN1,3
PPIH,2
LINC01470,2
NEDD1,2
RGR,1
NENF,2
ZMYM6,2
PRKAA1,1
EGFLAM,1
TPK1,1
NFYC,1
KCNQ4,1
CAMTA1,2
VAMP3,1
DNAJC3-AS1,2
EXOC2,3
CCDC126,1
FAM221A,1
PFDN5,1
DCAF13,1
INPPL1,3
UCHL1-AS1,1
APBB2,2
HSBP1,1
KHK,1
COX16,3
RNF113B,2
GTF2H5,1
MAP2K4,1
LINC00670,1
AC105760.2,1
AGFG1,2
SRRM2-AS1,1
ZNF345,1
ZNF568,1
MSL2,2
RNF14,2
AP003068.9,2
ACTN2,2
PREP,2
PDE4B,2
MAFG,3
GRSF1,2
DCTN5,2
MPP2,2
IK,2
RNF145,2
LEMD2,3
UQCRQ,2
MSRB1,2
MKKS,2
TRIM21,2
SLC44A1,2
UBE2L6,2
BCAR1,2
RXFP1,3
AVPI1,3
C12ORF75,3
SHROOM2,1
CCDC7,2
PPP1R18,3
TSG101,2
AC073218.3,1
DAGLB,3
AREG,2
PAX8,2
TBC1D13,1
ADAM33,2
AP3S2,1
C15ORF38-AP3S2,2
FOXM1,5
USP14,2
TRNAU1AP,1
ZBTB7A,2
FAM189A2,1
RGS14,1
ZNF629,2
AKAP7,2
POLE,2
THUMPD3,1
AP000695.4,2
NCEH1,2
SPATA16,1
MYLPF,2
SMO,1
METRNL,2
KRTAP5-11,1
ZNF585A,1
CLGN,1
C8ORF34,1
TMEM136,1
PRMT3,1
NAV2,1
TIGIT,1
NCAN,1
LRRC66,1
SOX9-AS1,1
ARHGEF4,1
GOLGB1,1
ILDR1,1
MORC3,1
DOPEY2,1
FNDC7,1
PXDC1,2
ELDR,2
KIF15,2
ZNF501,1
FIGN,1
AC013461.1,3
GABBR2,1
VOPP1,1
GINS2,1
EMC8,1
MSH3,1
RASGRF2,1
MTSS1L,2
BSDC1,1
CALCA,8
CHGB,5
RAD51AP1,1
ANKRD7,1
DSP,4
NRCAM,3
GDF11,2
CA11,2
NUP153,3
MFN1,2
CDH1,5
C14ORF1,2
MGST2,2
SEC22C,2
SV2A,2
CCDC180,2
ZNF48,2
UBA6,2
ACSBG2,2
IL27RA,1
MPDZ,1
TTI1,1
CER1,1
ENTPD3-AS1,1
EIF1B-AS1,1
HSPB11,1
OPCML,2
LEPROT,1
LPCAT3,1
PHB2,1
ZNF227,3
ENTHD1,2
PICK1,3
AP000233.4,2
LINC01341,1
KCNQ1-AS1,1
NGFR,5
CSRNP3,1
PLEKHG2,3
DPM2,1
ATOX1,2
GALNT10,1
SAP30L-AS1,1
TEKT5,1
NR2E3,1
MUM1,1
RB1CC1,1
ATPIF1,1
GAS6-AS1,1
JUND,2
RBM42,2
KIAA1919,2
IFITM2,1
TEN1-CDK3,1
PHOSPHO2,1
SSB,1
DUS3L,1
GPATCH2L,1
ESRRB,1
ERAS,1
MRPL50,1
BAAT,1
USP18,1
SLC25A13,1
ACTR1A,3
TUBA8,1
HKDC1,1
NDFIP1,2
ERMP1,2
FNTA,2
LIPG,2
PTDSS1,2
ULK1,2
SDR39U1,2
TRPM4,2
USP45,2
FAXC,1
NKAIN3,1
KRT223P,1
LRRC37A11P,1
KCNMA1,3
OR7E19P,1
SPINK5,2
WDR33,1
SAP130,1
DNAJC14,2
TMEM106B,2
SYNJ2BP-COX16,2
SLC26A11,2
ATAT1,2
KIF23,2
ST8SIA4,2
MRPL4,2
NKRF,2
SEC24B,2
PIEZO2,2
TOR1AIP2,3
SEC14L2,1
HORMAD2,1
FAM228B,1
TRIM54,1
MIER3,1
CDC20B,1
HCG18,3
AC069277.2,1
AC026167.1,1
KB-1410C5.2,1
MKL1,3
HCG17,3
ATP13A4,1
PRR5-ARHGAP8,1
PHF21B,2
ATP13A4-AS1,2
PRR5,1
PUS7L,2
DAPK1,2
LRRC3B,1
SENP5,1
NCBP2,1
ASB16-AS1,1
LRRC46,1
ADAM32,1
KCNB2,2
AC145124.2,1
FAM85B,1
SNX11,2
KIF1BP,1
VIMP,2
ENTPD1,2
NTS,4
FAM9C,2
CCDC38,1
CRYAB,3
RAPGEF2,2
HTATSF1,2
PRRG4,2
AC074019.2,2
RGMB,2
SPINK13,1
SPINK7,1
ANKRD54,2
TMEM91,2
CDNF,1
FAM107B,1
SPRY1,1
SPATA5,1
ALPK2,2
SORBS1,1
TCTN3,1
FOXRED1,1
TIRAP,1
FYB,1
CELF5,1
ATAD2B,1
PROCR,3
BABAM1,2
YTHDC2,1
PPAT,1
AASDH,1
NOD2,2
GRIA4,2
ZBTB34,1
IL22RA1,1
MYOM3,1
RAB3GAP1,1
ACMSD,1
PSMB6,2
SFT2D2,2
PEX5,2
TPI1,2
LRRC23,1
U47924.6,1
VARS2,3
MYO5C,1
FANCA,1
B9D1,2
CD82,3
GABRB3,2
CENPM,1
ANTXR2,2
TNFSF10,3
PKP4,1
MRPS14,1
WISP1,1
TJP2,2
CDCA3,2
FAAP100,2
STAU1,3
FAM57A,2
BBX,2
SPIRE2,2
TBC1D2,3
TCOF1,3
RAB22A,2
RNF34,2
ARFGAP3,2
SEMA4D,2
SGSM2,2
SUSD1,3
TOMM20,1
TSR1,2
PQBP1,3
AC108004.2,1
DOC2B,1
JTB,1
SNAPIN,1
HSPA4,2
RAB11FIP1,2
CDYL,2
TSC22D3,2
CH17-340M24.3,2
SMYD2,3
FKBP5,2
PPP1R15B,2
S100A2,6
POLR2J,2
TNFAIP1,2
SOCS4,1
WDHD1,1
C2ORF69,2
VPS54,1
PELI1,1
PTPRB,1
SORBS3,1
PDLIM2,1
KCTD20,3
TSPAN14,4
FAM83A,2
YWHAH,1
SDHB,2
STRBP,1
YOD1,1
C1ORF116,1
HNF4A,1
SFI1,2
FANCG,2
KIF9,2
PPP4C,3
MARCH7,1
PHF23,3
POMGNT1,3
TRIM13,1
RECQL,1
FGF23,1
NEXN,1
DNAJB4,1
NET1,1
MDFIC,2
LINC01393,1
TPRG1,2
CEP95,1
MRE11A,2
NPRL3,3
TOMM7,2
RAPH1,2
VAMP5,2
NXF3,1
SPG20,2
PRAM1,2
SAA1,2
MYH7,2
PAPLN,2
DACH2,1
SLC22A17,2
C9ORF66,2
SLC35F4,2
AP5M1,1
LINC01117,1
AIPL1,2
TMEM56,2
EIF3E,3
ZFP14,1
MDM1,2
ZFC3H1,1
TMEM132B,1
GFM1,2
KIF3B,2
NXPE2,2
ME3,3
FAM19A2,3
HEPH,1
ADGRG4,1
CYHR1,1
FOXH1,1
AC002539.1,1
MSRA,2
SGK223,2
PPP2R1B,2
TVP23C,2
COX10,3
AP006621.5,1
FER1L6,3
HMG20A,1
OTX2-AS1,1
TMEM260,2
PCBP4,2
UBFD1,1
SCNN1B,1
BCL2L2-PABPN1,1
PPOX,1
LRRC52,1
MFSD2A,1
POMT2,1
NGB,1
ATL1,2
UNC80,1
TSNAX,2
NOP58,1
C1ORF198,1
VANGL2,1
ARHGAP12,2
CNPY4,2
SLAMF1,1
DLG4,1
ASGR1,1
FCF1P7,1
POM121L3P,2
TEX10,2
ANAPC11,1
C1ORF159,1
PRKCZ,1
GSPT1,2
KIZ-AS1,2
MEN1,1
HBP1,1
TFDP1,1
MX1,1
ABCG1,1
SAP30BP,1
NFKBIB,2
KCMF1,3
D21S2088E,2
GALNT7,2
SAP30,1
DENND4C,2
G3BP2,3
PC,1
TSPAN18,1
C1ORF50,2
MAML1,2
G3BP1,2
PLEKHG5,2
MORF4L2,2
ZNF219,1
AP4B1,1
BCL2L15,1
CHI3L2,2
STK38L,2
DOT1L,2
BICD1,2
APBA3,1
TJP3,1
C7ORF26,1
ZNF853,1
NAGLU,1
HSD17B1P1,1
MC1R,1
FAM83B,1
BZRAP1,3
ALDH7A1,2
CHN2,2
NT5C3A,2
CHSY1,3
SCML2,1
FBXO42,2
GLRA1,1
SLC1A3,1
DECR2,1
KLHL18,2
RUNX3,2
EME2,2
PACSIN1,1
SRSF3,1
SPC24,3
DOCK6,1
PIK3C2B,1
C2CD2,3
SURF6,2
SLC25A44,1
STARD10,1
CDKN3,1
MPP7,1
COL2A1,1
ITSN2,1
CACHD1,1
ROR1,1
KCNAB2,4
SAMD8,1
DUSP13,1
BEAN1,2
ROMO1,1
BCS1L,1
ZBTB17,1
SLC22A15,1
SSSCA1,1
RARG,2
UBN1,1
ZYG11B,2
ANKS1A,2
MKX,2
CTHRC1,1
SARAF,1
UST,1
DEGS1,3
HDHD3,2
MTG1,2
LRPPRC,2
ZC3H11A,2
NOX4,1
PYROXD1,1
TBCD,2
GPR182,1
LMO4,2
PLD5,1
EEA1,2
TESPA1,2
UPF2,1
ERF,2
SLC16A7,1
CCDC60,1
LINC01204,1
MAGOHB,1
AC064871.3,1
KRT8P10,1
PRH1,2
PTPRN2,2
CRTC3,2
SYT13,2
RTN4RL2,1
FAM111A,2
GPATCH1,1
MRPS35,1
ZNF383,1
PHLPP2,1
TXNL4B,1
ZNF784,1
C19MC,1
TMX1,1
LINC00640,1
HBEGF,5
EPC2,1
MBD5,1
AL357140.1,1
ADAMTS1,2
GPC1,5
BTBD6,2
MCM2,3
DENND2D,2
FAM160A1,2
PNISR,2
ODF2L,2
TRIM73,2
TIMM9,2
TMEM262,2
POP7,2
ACBD6,1
TMIGD1,2
TYW5,1
SGMS1,1
ASAH2,1
UHRF1BP1,1
ALS2CR11,1
WDPCP,1
AC009501.4,1
NEDD8,4
NEDD8-MDP1,3
TCERG1,1
RBM27,1
PTPN4,1
HPCAL4,1
NETO1,1
CCDC102B,1
RIMS3,1
LYPD6B,1
KAT6B,1
TMEM177,1
RNF43,1
TRIM25,2
TMCO2,1
ZFP69,1
TRAM1,2
ZNF774,1
PPP2R3A,2
TEX15,1
GATA3,1
MOB1A,2
AC007403.2,1
LRRTM4,1
NR4A3,2
TRIM47,2
GATA5,1
AGPS,3
HNRNPA3,1
SLC25A3P1,1
SNRPB,2
NEK7,3
ROR2,1
AC007403.3,1
DAB2IP,2
CALN1,1
C14ORF39,1
MEAF6,1
SPEF2,2
PPP3CB,1
MSS51,1
LINC00598,1
HOXC9,1
GINS3,3
AGBL1,1
TMEM65,1
AGMO,1
DGKB,3
SCAMP2,2
PGS1,1
SSR3,2
THRA1/BTR,1
STAC2,1
AHCTF1,2
NAAA,2
ACSF2,1
DOK5,2
SKA2,1
OR10J1,1
LRTOMT,1
CYP4F8,1
ILVBL,1
SYCE2,1
RBM47,2
HPS5,2
CEBPB,2
RAD51-AS1,1
INO80,1
LINC00629,1
OLFM4,2
AC073283.4,1
EPHB3,2
SAT2,1
ANGPT1,1
RHD,2
RSPO2,1
LINC00462,1
ATG4B,1
TBCK,1
KCCAT211,2
HMOX1,4
DDTL,1
OTUD7B,2
PTBP3,1
NBPF19,2
AC073254.1,2
ZNF302,1
ORMDL2,4
COMP,4
PML,5
CAMTA2,2
APOBEC3C,2
CNTNAP1,1
JDP2,3
NNMT,2
LOXL1,2
MOXD1,2
SEC13,3
KIF28P,1
B4GALNT3,1
RP11-798K23.4,1
CPHL1P,2
ATP11C,1
DYNC2H1,2
CERS3,2
ZNF75D,1
PTCHD1-AS,1
NUTM2B-AS1,2
INSC,1
KIAA1211,3
AP001462.6,1
NEFL,3
DCXR,2
ZCCHC17,1
ETS2,3
TRAPPC5,1
ANKRD24,1
CLEC17A,1
NFATC4,1
NYNRIN,1
ZNF414,1
TRPV5,1
APOC1P1,1
APOC4,1
ENPP3,2
LINC01351,1
MIER2,1
AC034243.1,1
TMEM145,1
ASAH2B,2
CTNNA3,1
GNG2,1
TTC37,1
ARSK,1
GAPVD1,1
PHF5A,1
NTMT1,1
C1QTNF6,2
AP5B1,2
CARNS1,1
PRKAG2,1
MKRNP2,1
BACH1,1
GRIK1-AS1,1
LINC01362,1
CPEB3,1
IDE,1
SLC16A4,1
WDR3,2
HDDC2,1
INCA1,1
RTFDC1,1
TSC1,1
AC104024.1,1
TNFRSF13B,3
ABHD6,1
RPP14,1
ERMN,1
PLAC8,2
MBD4,1
EFCAB12,1
TRPM2,2
DMTN,2
NPM2,1
ELANE,1
ZNF140,2
ZNF460,1
MMS19,1
EXOC6,1
AC005786.7,2
SZRD1,3
PRR7,2
SMC4,2
CD19,1
RPL34,1
OSTC,1
TNNI1,3
GRINA,3
LIMK2,2
DEPDC5,1
SSBP4,2
AP000253.1,1
NICN1,2
TRAIP,1
UBA7,1
RABEPK,1
KIF24,2
HAUS1,1
ZNF580,1
AREL1,1
NCAPD3,1
EFNA2,1
OR7G2,1
GIGYF2,2
MRPL12,3
ZNF581,1
BMP7,3
ZBP1,1
MED9,1
SCNN1A,3
BP-2171C21.4,2
UBE2O,2
KMT2E,2
LHFPL3,1
AC061992.2,1
THAP4,2
AC114730.8,1
MLF1,1
TMEM99,1
CDC25A,1
AKAP1,4
SEC61B,2
AC104076.2,2
IKZF2,1
RETN,1
MCEMP1,1
FAM173A,1
HAGHL,1
PPP2R2D,1
KRT9,1
LINC00974,1
LINC01468,1
RNLS,2
R3HDM4,1
GNAT3,1
CLASP1,3
UROC1,2
ITGA9,2
ST7-AS2,1
ZFP62,1
LPAR1,1
ASZ1,2
CELF4,2
TMEM39B,1
CD68,3
AC007319.1,2
ZNF83,2
ZFR,1
TMEM164,2
SH3BGRL,1
SLC25A53,1
MCTS1,1
PASD1,2
WNT7B,1
FAP,1
FAM169A,1
GFM2,1
HCST,1
LINC00941,2
SPA17,1
TYR,2
GRAMD4,1
TEF,2
ESR2,1
TMEM179B,1
TAF6L,1
SENP3,1
SENP3-EIF4A1,3
IGLV3-21,4
SLX4,2
KIF21B,3
MCM9,1
NRXN3,3
DIO1,1
FNIP1,2
MEIKIN,1
PRKAR2A-AS1,2
PRR36,2
VEZF1,2
LPAR3,1
MCOLN2,1
RPL12,3
CEP85,1
HAUS2,1
SNAP23,2
AC007879.5,1
AC007879.2,1
IL4R,2
KIAA0556,1
C1ORF95,1
SGCG,1
ZNF541,1
SLC25A45,1
HIST1H3E,1
FIP1L1,1
STMND1,1
IMPDH1P10,1
SH3BP2,2
CDCA7,2
PARVG,2
DYNC1I1,1
STEAP4,1
RHOXF1-AS1,1
CLEC5A,1
PRSS37,1
CYSLTR1,1
FNDC3CP,1
CPEB1,1
WFDC1,2
PRKAR1A,2
GYPC,2
APOLD1,3
COX7B,2
ATP6V1E1,2
TNFRSF14,2
POLR2C,2
TNFAIP3,2
DCAF16,3
C2ORF27A,1
LINC00877,1
CBLN4,2
CLCN4,1
BTF3L4,1
GATS,1
GPC2,1
MIEN1,2
AP000892.6,2
AC005276.1,3
MGC32805,2
AC006262.11,1
IGFL2,1
IGSF11,1
CDC42EP1,2
TFB1M,1
NOX3,1
AP000350.6,1
TBC1D10A,1
AC093388.3,1
CXORF23,1
SPICE1,1
CFAP44,1
LINC01430,1
STT3B,1
TRIM71,1
MARK2,1
GATSL3,1
SPCS3,2
WDR17,1
MSRB2,2
BCAN,1
CLC,1
PPM1H,1
RILPL1,1
ZNF732,1
KLHL28,1
GOLGA7B,1
LINC01605,1
NAT16,1
ADAM22,1
ADGRL4,1
SFSWAP,1
ORC4,3
GOSR2,2
TMEM98,1
MYO1D,1
NDC80,1
TMTC1,1
UBE4A,2
PRPSAP1,2
MEI1,1
STX4,1
FBXL19,3
CEBPA,1
PTPN6,2
TNFRSF1B,2
PAFAH1B3,1
PHLDB2,2
AC010880.1,2
KCNRG,1
FAM201A,1
CD164L2,1
FCN3,1
LINC00471,1
SETD9,1
FGF5,2
PPARGC1A,2
SHPK,1
P2RX5-TAX1BP3,1
TAX1BP3,1
RRP12,1
SLC6A6,3
TMBIM1,3
CHMP2A,2
PLAG1,2
CREB3L1,3
PIGR,3
CASC1,1
SLC35C1,3
PEX16,1
CREB3L2,3
PTN,1
ARHGAP21,1
ARMC4,1
FA2H,1
C3ORF17,1
CD200R1,1
AC012501.2,1
GALNT1,1
INSL4,1
OVOL1,1
AURKA,2
TMC2,1
LDHB,5
NDUFA4L2,3
APLN,2
NDUFA1,1
AKAP14,1
CSGALNACT1,2
RBM7,1
PHLDA3,2
PORCN,2
ACOT8,2
TNNC2,1
FRG1KP,2
WNT2,1
EEPD1,2
SPRED2,3
FANCL,1
ALOX5,2
ARL11,2
WDR6,3
HDAC10,3
HNRNPDL,3
HS2ST1,2
MAPK12,3
MMP25-AS1,2
NFATC1,2
FAM122B,2
NHLRC2,2
YRDC,2
NOP56,2
ZNF622,3
RPS4X,2
SS18,2
TOR3A,1
ZSCAN18,3
ATL2,1
HNRNPLL,1
TCAP,1
PNMT,2
SF3B3,4
MGST1,2
AC009299.2,1
ZDHHC4,2
SIKE1,2
IGLL1,1
AP000347.4,1
GUSBP11,1
NRAS,2
ALDH8A1,1
CYP2B6,1
PGPEP1,1
PBX4,1
CHERP,2
TUFM,3
HMGN1,2
RPE,2
PRNP,3
DDIAS,2
LZTS1,2
METTL2B,2
S100A1,3
IPO8,2
AC091199.1,1
POLR3E,1
IFT27,1
NPIPP1,1
CRAT37,1
CLCC1,2
HIST1H2AE,1
NEFM,2
STK40,1
OSCP1,1
NOM1,1
ME1,1
C1ORF168,2
RNF149,2
BET1,2
VWA3B,1
ZNF107,2
ATF3,1
SNTG1,2
CIAO1,2
LRR1,1
RPL36AL,1
SH3TC1,2
RBBP4,2
ZC3H3,2
EPS15,1
HTATSF1P1,1
BMI1,2
COMMD3-BMI1,2
GTF2A1,1
BMS1P20,1
JADE3,2
RGN,1
LIFR,2
IGLV5-52,1
MCF2,1
NAA15,1
RAB33B,1
CHST15,1
CPXM2,2
SLK,2
DNAH5,2
EEF1E1-BLOC1S5,1
AC004485.3,1
EEF1E1,1
INO80C,2
LMTK3,2
AGRP,1
ZNF254,1
ZNF93,1
RPA2,1
TSNAXIP1,1
GAB3,1
MPP1,1
SCMH1,1
TIE1,1
ZNF253,1
AURKB,1
LINC00324,1
FMNL3,1
FAM186B,2
CEP104,2
ICAM4,2
DKC1,3
HADHA,2
KCNC3,2
AUP1,2
C12ORF57,2
U47924.31,2
HTRA2,2
INHBE,2
RPS6KA1,2
SLC4A7,1
NOX5,1
EWSAT1,1
CNKSR2,2
KB-1572G7.3,1
KIAA1456,2
EFCAB7,1
PGM1,2
MDFI,2
RIOK1,1
CAGE1,1
SSX2IP,1
MIR3681HG,1
STAT5B,1
NCF2,2
MPI,1
PPP3CA,1
CEP83,1
TMCC3,1
UNC5D,1
AC007192.4,3
BIRC3,2
IFI30,2
IGKV3-15,2
C5ORF67,1
IL6ST,1
IL17RB,1
CACNA1D,1
FRMD4B,1
DCAF12,2
LINC00636,1
LUC7L,1
EAPP,1
ENTPD1-AS1,1
SDK1,3
TFAP2A,2
AC116035.1,1
CEACAM16,1
CDK17,1
CFAP54,1
LSM12,1
AC091177.1,1
ALDH1B1,3
MKL2,2
CCDC157,1
LINC01224,3
SAR1B,3
FAM227A,1
ZDHHC17,2
PPP1R14A,1
DPF1,1
TCTA,1
SRP54-AS1,1
HAX1,1
ANO7,3
REM2,1
MELK,3
LIMS1,2
DGUOK-AS1,1
ALG9,1
DLEU7,2
CECR7,1
KCNH1,1
KIDINS220,1
CERS2,3
KHDC3L,1
BZRAP1-AS1,1
UBE2J1,2
TMEM169,1
CPNE7,2
GRAMD1B,3
MYO15B,1
RPS13,1
PLEKHA7,1
SSSCA1-AS1,2
ERP44,3
ADAD1,1
RPL22,1
GABARAPL1,1
KLRD1,1
TBX2,2
TMEM150C,2
ZFAND6,1
FAH,1
REXO2,2
AMIGO2,2
DYSF,2
MESDC2,2
RCAN1,2
CHMP3,2
EDIL3,2
EIF2B5,2
JAK1,2
JMJD8,2
MTHFD1,2
PIGS,2
SYNE1,3
RBM15B,3
TOP2A,4
SIRPA,2
LRRC37A5P,1
BEST2,1
RNF4,1
DCUN1D3,2
RNF138,2
KATNBL1,1
C8ORF88,1
CTDSPL2,2
ECI1,2
LRRC28,1
IQCH,1
MCTP2,1
MTMR10,1
TRPM1,1
U91319.1,1
HYI,1
FEM1C,1
CCDC112,1
CHORDC1,3
IQCK,2
PNRC2,2
ALPPL2,2
BTBD8,2
GRAP2,1
GPR180,1
GPC6,3
PTPRH,1
POF1B,1
NFX1,1
DNMBP,1
CRTAC1,1
POC5,1
COL4A3BP,1
KCTD21,1
BNIP2,1
GTF2A2,1
CPSF4,1
RBM5,2
ASB1,2
COL4A6,2
PRDX4,2
HSPB6,2
AGGF1,1
ZBED3-AS1,1
MEA1,3
EMILIN1,2
PERP,3
PP12613,1
EXOSC9,1
SSTR1,2
SYNGAP1,3
PRDM7,2
TRAF3IP2,1
SMAD7,1
SH3BP4,2
AC093838.4,1
KIAA1549,1
MBL3P,1
PVRL3,1
CD96,1
PNPLA8,1
AP4S1,1
DPY19L1,1
MCF2L2,1
LAMP3,1
RPS6KA5,2
AC005355.1,2
PPP3R1,3
GNPDA2,1
YIPF7,1
CEP97,2
ENC1,2
KIAA0319,2
TRAF4,2
NDUFB10,1
AC141586.5,1
AP2S1,1
TNKS,1
AP1G1,1
ZNF821,1
BRD1,1
CCDC97,1
ACP6,1
AKR1C7P,1
DSE,1
NT5DC1,1
AC016723.4,1
PLGRKT,1
AP000289.6,1
SS18L1,2
LSM14B,1
SMTNL1,1
KRT4,3
N4BP2L1,1
KRT8P14,2
ZNF770,1
AQR,1
UNC13B,1
EIF4G3,2
ZNF518A,1
SRXN1,2
RPS4Y1,3
TCEAL4,1
TCEAL1,1
PHLDA2,2
MLLT4,4
Z69720.2,2
UQCR11,1
NACA,2
TMCO6,2
ZSCAN22,1
GALNT16,1
CKMT2-AS1,1
AC108051.1,2
S1PR2,3
LINC01578,2
MYO3A,2
PKD2L1,1
DYNLT1,1
SYN3,1
HSBP1L1,1
TAPT1,2
BDP1,2
NKIRAS2,1
RBFOX3,1
JAKMIP2,1
DOK4,1
PRKCA,2
ICAM1,2
CFLAR,1
MRPS16,2
PIP5KL1,1
ST6GALNAC4,2
NELFE,2
TAZ,2
CTNS,1
EMC6,2
RUVBL1-AS1,1
ZNF281,1
LINC00862,1
SZT2,2
HYI-AS1,1
UFSP2,1
LRP2BP,1
PSMB1,3
LINC00937,2
POLR2J3,1
AC004951.6,1
RPAP1,1
LTK,1
TTC21B,1
AC009495.4,1
FUOM,1
CALY,1
MYLK3,2
PARP11,1
SAPCD2,1
UBR5-AS1,1
KB-431C1.5,1
TCFL5,2
HMGCS1,2
ZNF717,1
RPL23AP49,1
EXOC7,1
LIN54,1
FAM161A,2
NPRL2,1
FADD,1
VPRBP,2
SELL,1
AC074286.1,2
PTCH2,2
SLC4A1AP,1
PLA2G16,2
KCNK2,1
LINC01052,2
EML2,2
JUNB,2
NUP93,2
PUS1,1
STX17,1
CMTM4,2
CPPED1,1
FTO,1
RBFOX1,2
ANKRD20A19P,2
PPP4R1,2
PRR16,2
CDC25C,1
ABCC8,1
BTBD7,1
UBR7,1
CEP126,1
ARNTL,2
PAX6,1
CITED2,2
CCDC84,1
PRDM14,1
ETV5-AS1,1
CRACR2A,1
CLHC1,1
GTF2F1,1
HPS1,2
THEMIS2,2
ZSCAN29,2
ATIC,1
PGAP1,1
DHX29,1
GFER,1
SYNGR3,1
RPS2,1
NTHL1,1
LINC01128,1
PLA2G2D,1
OBSCN,1
SIRT3,1
MEGF9,1
PLEKHF2,1
SLC28A1,1
FBF1,2
NCS1,1
TIMM17B,1
CLPSL1,1
LHFPL5,1
LINC01420,2
LRSAM1,1
GARNL3,2
SLC9A2,1
IL1RL2,1
ASB7,2
CHRNG,1
FXYD7,2
FRMD6,3
SLIT1,2
IFNG-AS1,1
ARNT2,2
C10ORF71,2
SNAI2,2
AC084809.2,1
PPIL3,1
XIAP,2
SEC11C,3
SMC3,1
TLK1,2
PPM1F,2
BRINP3,1
SVOP,1
ADCY1,2
PIAS1,2
TMEM50A,1
POLR2K,1
NGDN,1
THTPA,1
APPBP2,1
LINC01441,1
C16ORF45,2
RP11-1021N1.1,1
KIAA1024L,1
SART3,1
TEX14,2
UBE2V1,2
TBX2-AS1,2
PTGFRN,1
IQCG,2
LACTB,1
BBS1,2
TESC-AS1,1
ZZZ3,1
LINC01358,1
CEACAMP10,2
SH2B3,2
FRMD4A,1
CDKN2B,1
PRR13,2
CRH,4
PENK,2
PTPN3,4
MRPL49,3
FAM134B,2
ODC1,2
PHKG2,2
ALDH3B1,3
OAS1,2
TRIM26,2
TRAPPC10,1
SUPT16H,2
WIPF1,2
PTPRC,2
AP000266.7,1
HCN2,1
MBNL3,2
MIDN,2
PLPP3,2
ITGA7,2
PTX3,2
IFT81,1
SLC47A1,1
KIAA0368,1
TMEM212,1
BANP,1
WNT4,1
PLD1,1
NXPE3,1
ABI3BP,1
TRMT112,1
PRDX5,2
ABCB10,2
NOP14-AS1,1
AGMAT,1
SLC12A8,1
EXTL1,2
ANAPC13,2
VIT,2
RYBP,1
GNPDA1,2
SEC23A,2
NUDT13,1
DERL2,1
ASCL1,4
DCST1,1
ZNF184,1
PPP2R5D,1
NEMF,1
SOS2,1
RALB,1
LMTK2,1
GMEB2,3
DARS,2
HCFC2,1
DUOXA1,1
DUOX2,1
CROT,2
CD9,4
CLDN10-AS1,1
HOXD11,1
LINC01206,1
SBF2-AS1,1
CEP135,1
GCLC,2
VSTM2A,2
MTMR4,1
HCN1,2
MYH15,2
HHLA2,2
MIB2,2
MLYCD,2
CDC42EP3,1
LINC01381,1
PDGFD,1
RHBDF1,1
DDC-AS1,2
ZNF433,1
ZNF20,1
FAM177A1,1
GLTSCR1L,1
USP13,2
NUTF2,2
EPHA6,1
LRRC56,1
DBET,2
GCDH,1
TESC,1
FBXO21,1
C1ORF56,1
SETDB1,1
ADCY9,1
CARD19,1
ARMC8,1
CPNE4,1
B3GALNT2,1
LINC01500,1
DAAM1,1
FAM73A,2
KRBOX1-AS1,1
CYP2T1P,1
RRP36,1
ITGA2B,1
ATG4A,1
TTC1,2
SRD5A1,2
PLK4,1
AC004448.5,1
FRG1HP,2
KIFC1,2
ZNF208,2
AP001172.2,2
MIR99AHG,2
SEPT12,1
ZNF625,2
ZNF625-ZNF20,2
DOCK8,1
RFX3-AS1,1
HPSE2,2
GABRB2,1
GYPE,2
ZNF347,1
ZNF702P,1
IL16,1
TMC3-AS1,1
AF165138.7,1
CASC4,1
CUL4A,1
PCID2,1
ALDH3A2,1
RNF103,1
CD8A,1
CNGA1,1
TXK,1
RNF103-CHMP3,1
SPINK6,1
ELAVL4,1
NUDT2,1
AP3B1,1
FTSJ2,2
MAGEA4,2
IP6K1,2
GTSE1,1
CCT7,2
NDUFB1,2
ESRP2,2
ZNHIT6,1
IGHA2,2
TREML2,2
LDLRAP1,3
NPAT,2
DPP7,2
IDH3G,2
AC074289.1,2
ATHL1,2
VARS,3
IGLV2-11,4
RALGDS,2
AC011625.1,2
C7ORF77,1
GPR37,1
DLK1,3
CHRNA3,2
PHOX2A,2
SURF1,1
MED22,1
TMOD1,1
NCBP1,1
CHRNA5,2
CENPH,1
ZDHHC14,2
TGFBR3,2
CRLS1,3
ANLN,1
CHMP5,1
ZNF827,1
FAT4,1
SNX29P2,2
AC004623.3,2
TIMM10,1
SLC43A1,1
MLC1,2
AMER1,1
MAK16,3
ZGPAT,1
MPG,2
TOX2,2
VRK3,3
RAI14,2
RIN2,2
FAM193A,1
ETFDH,2
OAS3,3
USP6NL,1
ZNF321P,1
ZNF888,1
SLC8A3,1
CH17-174L20.1,1
AC133633.2,1
KLF12,2
CENPK,1
AC112198.1,2
AC016738.4,1
FGD5,2
RGL3,2
ECSIT,1
SYT12,1
CPD,1
AC109826.1,1
GLS2,1
GON4L,2
COL26A1,2
CDC42,1
CELA3A,1
MKNK1,1
DNAJC28,1
PEX1,1
MEPE,1
FHL2,2
THAP8,2
PDLIM4,1
DMRT1,2
NME5,1
TMEM163,1
BMPR1B,2
DUX4L37,2
DUX4L26,2
PLGLB1,1
GTF3C6,1
SH3BP5-AS1,2
ZBTB3,2
THUMPD2,1
LRP4-AS1,1
UBA3,1
UCK1,1
MED27,1
LCMT1-AS1,2
CLUL1,1
CLPTM1L,3
GLUL,2
OSBPL1A,2
ROCK1,1
DDX52,1
IL1RAPL2,1
NRK,1
COLQ,2
CCDC79,1
CDC20,2
CAMK2B,1
CDKL1,1
SHISA9,1
PFN4,1
BAHCC1,2
XCR1,1
AP000345.1,1
GOLPH3,2
DNAI2,2
SRPR,2
ZNF579,2
BP-21264C1.2,2
CYB5D2,2
KRT15,2
EIF4A3,2
CCDC71L,2
MOGAT3,1
NAGK,2
SH3D21,2
RMND1,2
AC072062.1,1
WDFY1,1
AC072062.3,1
SP100,2
RIN3,2
ETV2,1
MAP3K10,1
C5AR1,1
HAND2,4
RPL19,2
EPHA5,2
IL10RA,1
CABP7,1
FSHR,1
SC5D,2
LINC00161,2
LINC00240,2
STARD4-AS1,2
C10ORF91,1
GLRA3,2
SOX7,1
SERPINB5,2
VAMP1,1
SYNE3,2
PHF20L1,1
FOXA1,1
BRWD1,1
VPS16,1
STRADB,1
ITSN1,1
ATXN7L1,1
CNST,1
HARBI1,1
RUVBL2,2
FAM212A,1
COX8A,2
BNIP3L,2
HSPB7,2
USP24,1
ITGA6,1
AC104088.1,1
TADA2A,2
TRIM40,1
C21ORF62-AS1,1
ARHGEF26-AS1,1
DBNDD2,2
ULK4,3
AC005262.3,1
SNX19,2
LINC01153,1
ILKAP,1
PI15,2
H2AFZ,2
ZNF542P,1
CYP1A1,2
COQ3,1
FRA10AC1,2
PRODH2,2
GNAI1,1
RAB17,1
DOCK10,1
AC016717.1,1
AC016831.7,1
CPA5,1
MTERF1,1
SGCE,1
TMUB2,2
SETX,2
CSDC2,2
EVI5L,2
ITGA5,4
SOCS3,2
TMEM30A,2
TADA2B,1
RAB30,1
SUCLG2,2
CX3CR1,1
OPN3,2
PGGT1B,1
TRIM36,1
ST6GALNAC2,2
ETV7,2
EBAG9,1
IGKV4-1,2
C7ORF72,2
TMEM18,1
DLEC1,2
CNOT11,2
DYNC1I2,1
ETF1,3
ARF6,2
PCED1B,2
STX3,2
RASSF6,2
SOD1,2
ACADM,2
RABGGTB,2
XXBAC-BPG252P9.10,1
GIMAP3P,1
GIMAP1-GIMAP5,1
TSPO2,1
APOBEC2,1
RAB3IL1,1
SLC4A1,3
LYPLA1,1
VWF,1
C18ORF8,1
RAMP1,2
NDP,2
RPL13AP23,1
TARBP1,1
TRIM56,3
ORAOV1,3
PLS3,2
AC017101.10,2
OR7E47P,1
STAT5A,1
GALNT8,1
PRMT8,1
CCDC89,1
CREBZF,2
AC073316.2,1
RNF186,1
MAST1,1
ZNF791,1
MC2R,2
CIB2,1
TBC1D2B,1
TNFAIP8L1,2
IGHV7-81,2
ERLEC1,1
CTSLP2,2
OPTN,1
MCM10,1
SLC25A19,1
GINM1,1
AK9,1
HIST1H2BE,1
NEMP1,1
MYO1A,1
KLHL12,1
RABIF,1
MAP2K1,1
ZBTB5,1
TOPORS,1
GPBP1L1,1
IPP,2
AC006159.4,1
LINGO1,1
LIN7C,1
TSTA3,2
AC015922.5,1
LINC01116,1
MGAM,2
IDH1,2
SLC25A1,3
CBR3-AS1,2
LACTB2,2
TNRC6A,3
FZD7,2
AC005562.1,2
LRRC37BP1,2
MARCKS,2
TNS2,2
TRIM2,2
RAB1A,2
ALAD,2
CAPN5,2
FASTKD5,1
SYNDIG1,1
IL1B,2
SH3PXD2B,3
TAB2,2
ITGA2,2
UBOX5,1
PCDHGB9P,1
ZC3H13,3
DZIP1,2
PPP5D1,2
CDC40,2
AC006116.12,1
ACHE,1
PRPS2,1
TLR7,1
CSPG4,2
CLIC1,3
STRA6,2
OOSP2,1
MS4A3,1
KRT10,2
AP000275.65,1
C21ORF59,1
ATP5J,1
ZNF529,2
LRMP,1
AC108142.1,1
LINC00290,1
GTF2F2,2
SPPL2B,3
SMIM23,2
ZNF720,1
CPT1C,2
TMEM171,1
PKN2,1
NOL10,1
CXCR5,1
MYD88,2
EFNB1,2
SMAGP,2
ALG12,2
LINC01141,1
STXBP6,1
TTLL8,1
IL17REL,1
SSBP1,1
PLIN1,1
ATP2B1,1
POC1B-GALNT4,1
THEMIS,1
RFFL,2
STAG1,1
AC009961.3,1
WDSUB1,1
KRT43P,1
RYK,1
KCNMB3,1
TYW1B,2
ZIC4,1
CAPN13,1
LCLAT1,1
METAP2,2
SLC39A7,3
TM2D1,2
CYP51A1,2
LRRD1,2
ABHD14B,3
MEIS2,2
C15ORF41,1
CSTA,1
SEC22A,1
GMPS,2
INSIG1,1
FAU,2
AC104534.3,1
INAFM2,2
ZFP28,1
POSTN,4
CCDC50,4
MAFK,3
TMEM8A,2
ADAM23,1
CMAS,2
CACNG2,1
FAM131A,2
NDUFB9,2
PHGDH,3
SF3A3,1
GNL2,1
PID1,1
LRRC37A4P,1
TAGLN3,1
RAB35,1
HOXD8,1
SLCO2B1,1
HOXD10,1
HK3,1
ARL6IP5,2
TSPAN7,2
NME6,1
ELMOD3,1
DLGAP5,1
ACAD10,1
GATM,2
CXCL5,2
TEAD3,1
GPS2,1
CYP2C19,2
GRK1,1
PDE6C,1
DDX59,1
ARTN,1
IPO13,1
FAM96A,2
SPIRE1,2
ZFAND4,2
MEGF11,2
SPATA3,1
UGT1A13P,1
PARK7,2
AMMECR1,2
ACVR2A,2
PCDHA1,2
PCDHA11,2
PCDHA12,2
PCDHA13,2
PCDHA2,2
PCDHA3,2
PCDHA4,2
PCDHA5,2
PCDHA6,2
PCDHA7,2
PCDHA8,2
PCDHA9,2
BRMS1,2
GADD45B,2
CLMN,1
RAB34,2
LGALS3,2
MAPK1IP1L,2
SEC23B,3
COX11,2
ARHGAP31,2
PRRT1,2
SAMD10,2
WDR55,2
GSTO1,2
RNF8,1
FER1L4,1
MYO7B,1
FDXR,2
ZNF100,1
PCBD2,1
MTPAP,1
KIAA1462,1
COX5A,1
ZFP91,1
CLPB,1
ZFP91-CNTF,1
SNRPB2,2
C2CD4D,1
WNT11,1
IL34,1
CCL17,2
C16ORF52,1
PALB2,1
DBF4B,2
PAFAH1B1,1
FUK,2
SLC6A2,1
PMFBP1,2
RADIL,2
NDUFAB1,1
BEND2,1
USP31,2
AC093627.9,2
ITGA8,1
SMDT1,1
GRAMD3,2
CD274,2
POLQ,2
PTOV1,2
CHCHD1,1
FCER2,2
SMCO4,2
MS4A12,1
THOC1,2
FRK,1
C16ORF96,1
RBM4B,1
NT5DC3,1
TTC41P,1
PLAUR,1
SPINT1,4
FYN,1
KRT18P65,1
WNT7A,1
UBP1,1
TRANK1,1
NEK10,1
CAPN7,1
SATB1-AS1,1
SCN10A,1
DNAJC16,1
MOBP,1
ZNF385D-AS2,1
CMTM6,1
GRM7,1
CDKL5,1
AP000442.4,2
AC007246.3,2
ASMTL-AS1,1
MS4A4E,1
MS4A6A,1
PRSS45,1
VPS26B,1
JAM3,1
WEE2,1
CCNC,1
SERPINA12,1
HEATR5A,1
VPS11,1
HMBS,1
HMOX2,2
SLC16A1,2
OR5B12,1
TMEM134,1
CABP4,1
KRT8P2,2
SMAD2,2
AP1S3,2
CALCB,2
FBXO7,2
INTS3,1
PIK3R4,2
FIRRE,2
EMB,2
SLC8A1-AS1,2
TTC38,1
GALK1,1
TUBGCP5,1
ZNF736,2
CACNA1G,1
DARS2,1
SNURF,2
H3F3A,2
FSTL3,3
KLF10,2
PDHA1,2
HCN3,2
PGD,2
PTHLH,2
SLC25A46,1
SGK1,3
BUD31,2
SKIV2L2,1
FAM159B,1
STUB1,2
BCL7C,2
TADA3,2
TEX261,2
C7ORF57,1
ZNF638,1
MYLK2,1
ZNF713,1
PRSS2,2
NDUFS7,1
PRICKLE4,2
TOMM6,2
C5ORF22,1
SLC12A7,1
C2ORF80,1
APOL6,2
NECAP1,1
CLEC4A,1
B3GNT7,1
SETD1A,3
PSMF1,2
C20ORF202,1
CYP3A7,1
CYP3A7-CYP3A51P,1
FOXN4,2
CALR4P,1
BSPRY,1
BARX2,2
ZC3HAV1L,1
KLRG2,1
TATDN2,1
IRAK2,1
FUZ,1
CCSAP,1
FGF22,1
CDC34,1
LINC00562,2
RBM34,1
CCDC63,1
DCAF4L2,1
UNC50,1
YIPF6,1
KCNN2,1
TRAF3IP2-AS1,1
FABP7,1
HSF5,1
CEP290,1
C12ORF50,1
MXD3,2
AC016700.5,1
MUC19,1
LRRK2,1
C12ORF73,1
TDG,2
LRRC53,2
PROK1,1
AC006159.5,1
PDE5A,1
NDNF,1
RDH10,1
RDH10-AS1,1
GNB2,2
AC002398.12,2
EXOSC5,2
HAS2,2
MRPL35,2
PEX11B,2
UTP15,2
IKBKAP,2
VPS33A,2
DTNB,1
PLCE1,1
TECPR1,1
OCM2,1
ZMAT4,1
FLJ42102,2
OR7E11P,2
PLEKHB1,1
LINC00993,1
VN1R53P,1
EFR3A,1
ATP8A2P1,1
TMEM161BP1,1
CYP4F3,2
FGFR1OP2,2
RASSF8-AS1,1
SLC38A11,1
KCNH7,1
TRHDE-AS1,1
APOA1BP,2
HAPLN2,1
ZNF341-AS1,1
TTLL9,1
CES1,2
FFAR2,2
HAP1,2
LMNTD1,1
LFNG,2
OTOA,1
C17ORF78,1
OCEL1,1
OR7E158P,1
CPB2-AS1,2
CDH18,2
PYROXD2,2
ZBTB26,2
PLCG2,2
AP000350.10,2
LINC00693,2
PSMA3-AS1,2
SIRT1,1
MYPN,1
USH1C,1
ZBED5,2
ALDH4A1,2
MRPL40,2
RANBP10,1
ACD,1
YME1L1,2
TAF1A-AS1,1
MIA3,1
LINC00868,1
BMX,1
C17ORF82,1
TBX4,1
TECTB,1
TRPV1,1
CHIC2,1
EVC2,1
EQTN,1
SRP72,3
PCSK2,2
TUT1,3
CATSPER1,1
GALNT9,1
MTA2,2
C12ORF76,2
RRAGD,1
LINC01422,1
LINC01234,1
STXBP5L,1
COX7A2L,1
MAP4K3,1
POLR1C,1
RSPH9,1
C7ORF55,2
CADM2,2
SEL1L2,2
ANKS4B,1
C4BPA,1
C4BPB,1
WTAPP1,1
C11ORF70,1
RPH3AL,2
TENM1,2
PIGQ,1
LA16C-407A10.3,1
TTF2,1
FAM76A,1
DDC,1
MEMO1,2
KCNB1,2
LINC01111,1
TNFRSF4,1
PAGR1,1
AC009133.23,1
LRIG3,1
QPCTL,1
CATSPERB,1
DNAH7,1
PAQR9-AS1,2
PRR14,1
U2SURP,2
CRYBB1,1
NSDHL,1
PODXL,2
OLMALINC,2
PP7080,2
DTYMK,1
AC008592.7,1
SPATA5L1,2
C15ORF48,1
AS3MT,1
BORCS7-ASMT,1
SLC5A10,2
DUSP10,2
FAM213A,2
PRKD1,1
HAT1,2
DLX2-AS1,1
GLYAT,1
LTA4H,2
MON1B,2
ACSL3,2
LINC01569,1
DLX2,2
BCL10,1
EPM2A,1
LINC00353,1
LINC01040,1
AVEN,2
NEIL2,1
TFEC,1
STAG2,2
GCM1,3
AKAP10,2
DPY19L3,1
SUPT7L,2
MED31,2
TTC28-AS1,2
UNC79,2
KIAA0753,2
SH3RF1,1
CBR4,1
MAL2,1
SLC38A9,2
EMD,1
ASB8,1
CPTP,2
SCRIB,2
FAM83E,2
C17ORF53,2
RABEP1,2
TGFA,1
ADD2,1
C2ORF48,1
GATA2,1
NECAB1,1
MED30,1
CA8,2
DDX55,1
DNAH10,1
IGLC7,3
TCTN2,1
SPESP1,1
AC107218.3,2
DUXAP9,2
NBEAP3,2
RIMS1,2
C14ORF37,1
MAPK11,1
MIRLET7BHG,2
MAPKAPK5,2
NT5M,1
DDI2,1
FAXDC2,1
BTNL9,1
SLCO1B3,1
ADGRA1,2
ASTN1,2
CADPS,1
PTPRG-AS1,1
PROX1,2
GRM4,1
RPS10-NUDT3,1
N6AMT2,1
ARID3B,2
MAPK10,2
HAPLN1,1
NFASC,3
SHOX2,2
SATB1,2
DCX,2
SCN8A,1
PM20D2,2
BTBD9,2
SRGAP2,2
KCNJ5,1
PLXNA2,3
C10ORF10,1
TMEM72-AS1,1
CDK18,2
LMX1B,2
ZEB1,2
RSU1,2
C1QL3,1
ZNF316,2
G0S2,2
EZH1,1
EVA1A,1
AMT,1
TRIM23,2
AC003002.6,2
MLPH,1
SYT16,1
HOOK2,2
ACTN3,2
INSRR,1
STRA13,2
NECAP2,2
ERC2,2
ADCY6,1
MTFMT,1
RASL12,1
IL1R1,1
LINC00861,3
NOS2,1
LYPD4,1
MTBP,1
CFAP52,1
XXBAC-B33L19.12,1
EXOSC1,1
WDR25,1
FAM71D,1
AC093818.1,1
HEATR9,1
ZNF175,1
AC018755.16,1
SLC26A9,2
LINC00926,2
LAS1L,2
RNF6,2
ATP8A2P3,2
RHBDD1,1
PRDX6,2
IGLV3-10,2
SLC34A1,1
AGR2,4
MREG,2
XXBAC-BPG308J9.3,2
SLC39A8,1
HMGN3,2
NDST3,1
USP53,1
LIMS2,1
ST5,2
FABP1,2
NUB1,2
DPP4,1
FLJ37453,1
UQCRHL,1
NABP1,1
MDGA1,2
TMEM107,2
SERINC1,2
HEIH,2
ISM2,1
NLRP2,1
NTNG1,2
NSRP1,2
ATP5F1,2
CDC123,1
DHTKD1,1
KIAA2012,1
TOPORS-AS1,1
AC010226.4,1
INPP5E,1
GABRE,3
RHOV,2
TMEM60,1
KLHL7,2
FKBP9P1,1
ANKRD30BP2,2
FAM69A,1
AP000439.3,1
HOTTIP,1
FZD4,2
GRK4,2
AC131056.3,1
CCL4L2,1
ISL1,2
PRC1-AS1,1
PON2,2
ANKRD13C,1
AC012531.25,2
CNIH4,2
LAT,2
METAP1,2
NINJ1,2
ID4,2
SLC6A8,2
FAM53C,3
ANGPTL4,1
GIT2,1
ORAI1,1
PTPN9,1
DDIT3,1
FAM101B,1
PPP1R21,1
STON1-GTF2A1L,1
SNAPC2,1
TM7SF2,1
B3GNT5,1
KLHL24,1
TDRKH,1
MRPL9,1
FAM160B2,1
MRPL38,1
TTBK1,2
CNIH2,1
TMEM151A,1
MAGOH,1
RTKN,1
C2ORF81,1
TRIAP1,1
CTDP1,1
XPO5,2
MTMR7,1
SDHAP2,2
MARCH9,1
LINC01006,1
C1ORF162,1
CORO6,1
GIT1,1
BCL2L10,1
PIANP,1
PLPP6,1
SRPK3,1
MATN3,1
C5ORF34,1
CRYL1,1
TPTE2,1
GNB3,1
HAUS3,1
FECH,1
UBE2I,1
BCL2L12,1
RASSF2,1
ZNF865,1
MFSD5,1
FMN1,2
EIF2B1,1
POTEA,2
MPHOSPH9,2
IGHV2-5,3
UNC13C,1
TIPIN,1
SH2B1,1
ATP2A1,1
IKBIP,2
ACAA2,3
ANO6,2
CD55,2
EML3,2
MOCS1,2
PMP22,2
COL5A3,2
FUCA2,2
ITIH5,2
SPEF1,1
AC139887.4,1
CS,1
TPH2,1
STK25,1
TRHDE,1
ADGRE5,2
KLC4,1
ZNF224,2
EPB41L4B,2
GORASP2,2
CDADC1,2
PTBP2,1
MYSM1,1
AC010883.5,2
TRAPPC8,1
DSC1,1
HHIPL1,1
LL22NC03-N95F10.1,1
SLC26A4-AS1,1
GPRC5B,2
ZRANB2-AS2,1
C5AR2,1
PUM2,1
KRT20,1
RCN2,2
DDX50,1
AGPAT5,1
MCPH1,1
GEMIN2,1
SEC22B,1
SCUBE2,2
KLK5,2
CDH23,3
LINC00483,1
FBLN5,1
TC2N,1
ZNF135,1
MED6,2
PPP1R2P3,1
SGCD,1
CAV3,1
MYRIP,2
SECTM1,2
ABCB5,1
JARID2,3
SMIM15,2
C11ORF58,2
UTAT33,1
MIR1539,1
C18ORF32,1
DPF2,1
CUL1,1
OPN1SW,1
ZMAT3,1
AF146191.4,2
PLS1,1
MBP,2
DERA,1
RCN1,1
MPV17L2,1
AK5,1
COQ7,1
GNGT1,1
RFXANK,1
GPM6A,2
ITGA4,1
AC068196.1,1
TP53RK,2
CDIPT,3
NUDCD3,2
PSMB8-AS1,2
TARS2,2
RFC3,2
PRIMPOL,2
SLC15A3,2
SLC16A2,2
DNAJB2,2
TFAM,3
NASP,2
C1ORF61,1
PIGV,1
AC091132.1,2
AP001469.5,1
C17ORF80,2
CLSPN,2
HINT2,2
LZIC,2
ZNF395,2
LAMA4,2
MRRF,1
AKR1C8P,1
GLI3,2
RHOH,2
PMS2CL,2
ARHGAP19,2
ARHGAP19-SLIT1,2
C12ORF10,2
ANKRD33B,2
WDR37,1
TKFC,2
RAB14,1
SLC33A1,1
PLCH1,1
SPG11,1
PAQR5,1
MYB,2
L3HYPDH,1
EXO5,1
NFYC-AS1,1
MCMDC2,1
C8ORF44,1
ZNF684,1
C16ORF91,1
WFDC3,1
SRRM4,1
HSPB8,1
CCR1,1
AAED1,1
ZFAND5,1
LURAP1L-AS1,1
ASIC1,1
MRPL22,1
KIF4B,1
BP-2189O9.2,2
TTLL6,1
LTN1,1
YAF2,1
ENSA,2
CDC14B,2
SLC20A1P1,1
NAA16,2
AIMP1,2
ANKRD10,2
ITPKB,2
WASL,2
SMC2,2
CCL13,1
ATP5O,1
ZMYND11,2
TRAT1,1
WTAP,1
TUBA3C,1
SMPD4P2,1
HSD17B11,1
SPARCL1,1
TSGA10,2
DSN1,1
RPLP1P6,1
CCDC137,2
TMEM69,2
ZWINT,2
TNIP2,3
HMGCLL1,2
OSTCP1,1
MAP1LC3B,2
AKR1C4,2
TOX3,1
GNAO1,1
PPP2R2C,1
C19ORF43,1
CCNI,2
ANXA9,1
PKD1L2,1
FSD1L,1
PIK3CG,1
AL592528.1,2
SUPV3L1,1
ATRX,1
LETM2,2
DOK6,1
FAM227B,2
REG1A,3
LINC00407,1
NEIL1,1
CNEP1R1,1
UBXN7,1
TMEM189,2
TMEM189-UBE2V1,2
ASH2L,1
KCNK12,1
BTG3,1
C21ORF91,1
ZC2HC1C,1
ING1,1
FNIP2,1
TOMM34,1
ZFP42,2
IL1RN,2
COL9A3,2
AP003900.6,2
CRBN,2
GALNT3,1
AC009495.3,1
RPL29,2
VSTM4,2
TMEM265,1
P2RX6P,1
OASL,2
TEX41,1
EPT1,1
DRC1,1
CCDC129,1
COG6,1
LRP11,2
FSD1,2
TMIGD2,2
BOC,2
DAPL1,1
OR7E28P,1
CPED1,2
CCNG1,1
COL19A1,2
CREB5,2
SPEG,2
GLI2,2
ITGB3BP,1
XRN2,1
KIZ,1
RPL23AP94,1
NEUROG2,1
C8ORF37-AS1,1
XPO7,1
PQLC2,2
C15ORF61,1
MAP2K5,1
RNF139-AS1,1
C5ORF66-AS2,1
PFDN1,1
NPSR1-AS1,2
DTX2P1,1
AARSD1,1
PTGES3L-AARSD1,1
STMN2,1
NMRK1,1
LIPK,1
TMEM39A,1
AGPAT2,2
TOP2B,1
TNFRSF1A,1
MOGS,1
LINC01232,2
LY75,2
MTX3,2
MYLIP,2
NMNAT1,2
UTP23,2
SFMBT2,2
SMYD5,2
CDC42BPG,2
ST3GAL5,2
STAG3L4,1
LINC01372,1
TNK2,2
ZCCHC9,1
ATP9B,1
ABHD3,1
PNPLA4,2
TRPA1,2
CFAP74,1
MYCBP2,1
INHA,1
STK11IP,1
COQ9,1
PPP6R2,1
PAPL,1
SMARCAD1,1
VWA8,1
TRIM4,1
P4HA2,1
HAPLN3,2
SLC25A10,1
ADPRM,1
ATG101,1
DCUN1D4,1
FKBP15,2
LGMN,2
SLC29A4,1
AC073133.1,1
C6ORF48,1
CARD17,1
FBXO22,1
COMMD4,1
UBE2M,2
BIRC2,1
DNAL1,2
RNF170,2
THBD,2
FGF3,1
DGAT2,1
TRAV1-2,1
STOM,1
POLR2B,1
PPEF1-AS1,1
RS1,1
CKS2,1
SECISBP2,1
FBXL16,2
OTX2,2
OTUD6B-AS1,1
TMEM55A,1
STRAP,1
AC079807.2,1
DPY30,1
CD8B,1
MYO18B,1
DUSP2,1
ASTL,1
KANK4,2
SEPT1,2
PLEKHD1,1
ZNF493,1
L2HGDH,1
ZNF132,1
C12ORF71,1
LINC00355,1
ACACB,1
KB-1562D12.1,1
MCHR1,2
MRPS36,1
PIP5K1A,1
SCNM1,1
TNFAIP8L2,1
SRR,1
GAS5,2
XX-CR54.1,2
VPS35,1
KRT86,1
C9ORF172,1
AC079135.1,1
DHX32,1
UROS,1
TIAM2,1
PALMD,1
BSN,1
FAM47E-STBD1,1
STBD1,1
C3ORF70,1
AMZ1,2
ECD,1
SH3BP5,1
MAFA,1
CROCC,1
ABCC12,1
LINC01511,2
GLIS3-AS1,2
EPS15L1,1
AC007228.5,1
ZIM2-AS1,2
PSMA6,2
FAM110C,1
CECR1,1
NSUN4,2
NCCRP1,2
PMS2P3,1
FAM110D,2
ZSCAN32,1
HAGH,2
MYO1F,2
GRWD1,2
SAFB2,2
AC004231.2,1
DEFB123,1
ANXA13,1
TPD52L3,1
GAPDHS,1
SEMA3E,1
STON2,1
SEL1L,1
MOV10L1,1
LINC00276,1
FSIP2-AS1,1
AC007966.1,1
PHC3,1
DCD,1
CENPT,2
DPEP3,1
RAG1,1
ZNF502,1
CCNL1,1
NMD3,1
CBX4,2
CCNG2,1
SPTSSB,1
PPDPF,2
TFF3,2
PCAT29,1
LINC00593,1
CXADR,1
AP000432.1,1
C11ORF24,1
EIF4A1,2
AC073094.4,2
ZNF423,2
ALDH9A1,1
NUDT7,1
C12ORF66,1
CHRNB1,1
TXNDC17,1
LUZP2,2
CENPL,1
RNF128,2
F11-AS1,1
LY6D,1
LYNX1,1
LINC00871,2
DOCK7,1
AC009478.1,1
KLRC3,1
PARK2,1
AC006946.15,1
KB-1572G7.2,1
SLC35E1,2
NOG,1
PODNL1,2
AP000304.12,2
NECAB3,2
KBTBD2,1
DPY19L1P1,1
C17ORF47,1
ZNF527,1
MRPS33,1
DPEP2,1
SF3B6,1
FSTL4,1
ZNF608,1
AC079117.1,1
AC073928.2,1
MKRN3,1
AC010745.2,1
C1ORF109,1
IST1,2
MACROD2-AS1,1
JOSD1,2
PLEKHM1P,2
ZNF597,1
ST6GALNAC1,2
DGKA,2
UBIAD1,2
TMEM63A,2
JRK,2
ZDHHC3,1
NDUFB4,2
GIMAP2,2
TMEM254,1
ANKRD12,1
RNASEH2C,1
MDC1-AS1,1
CD2AP,2
TMEM63B,2
