Gene,CellLine
AHNAK,30
BSCL2,3
HNRNPUL2-BSCL2,5
C15ORF57,640
CBX3,643
DHRS1,889
RABGGTA,889
MYO5A,5
IGF2,36
TNNT1,2
CALR,186
ARHGEF17,98
MCAM,10
BZW1,1
LAMA5,53
CCM2,2
SEC31A,7
DYNC1H1,14
EIF3A,13
ENAH,8
ARID1B,9
FAM120A,3
CFAP20,2
GSE1,7
SF1,24
ILF3,25
SFPQ,82
IMPAD1,1
MAPK8IP3,16
KDM2B,2
CDKN2C,1
LRRC47,103
MALT1,102
MAP3K3,5
NCL,410
MCC,3
RABL6,13
METTL13,5
POLR2E,6
MYEOV,7
UNC13A,3
PGAM5,4
GFRA2,1
PGM3,3
FGD5-AS1,9
PKNOX2,1
GSN,13
POLR2J4,2
TUBB6,3
RGS12,3
MPHOSPH8,1
SDK2,5
EHBP1L1,2
SLC1A5,20
HDAC4,3
SNX32,21
FLNB,23
SPEN,4
ELF1,4
SRSF5,2
MLEC,32
STK11,6
IGF2R,12
TCF7L2,3
UBE2D3,6
TMEFF1,1
VAT1,32
UBA5,1
FNBP1,3
VCP,10
VGF,19
ZYX,11
MORC2,1
C11ORF30,3
PRKRIR,2
PHACTR4,7
SMPDL3B,1
ARHGAP32,2
KCNJ1,1
GRM5,3
DAP3,7
YY1AP1,1
HN1,78
NT5C,74
SUMO1,40
AC079354.5,40
ADORA2B,39
TTC19,39
EYA3,3
ZBTB8A,1
ZC3H7A,10
BCAR4,9
POLA2,636
CDC42EP2,636
APP,242
CCAT1,172
CASC19,168
DPP8,3
RPL24P4,1
ABALON,10
TPX2,15
ANP32B,140
PTMA,188
NRL,67
DHRS4-AS1,67
NXPH4,16
SHMT2,21
SMG1P3,2
EEF2K,5
CCND3,9
PKM,229
FTH1,203
S100A11,5
KRT19,91
KRT18,65
LMNA,117
KRT8,81
PABPC1,39
TUBB4B,52
PCK2,4
PHLDA1,77
EGR1,14
SLC2A1,17
ACTB,325
UBE2G1,8
ANKFY1,5
ZNF718,101
ZNF876P,102
DNMT1,7
KEAP1,3
PSMD3,6
PPP1R1B,41
SMYD3,19
ZNF670-ZNF695,3
ZNF695,1
PRRC2B,11
PLPP7,2
RANBP1,1
TANGO2,13
ASCC1,4
MICU1,4
RBM14,19
PACS1,10
CDCA4,1
JAG2,8
CORO7,6
VPS13D,2
PRMT7,6
SLC7A6,7
RRBP1,10
OVOL2,1
LHFPL2,5
ARSB,5
CORO7-PAM16,8
NAP1L4,1
GPBP1,1
RASA2,4
PXYLP1,8
SMG5,620
PAQR6,619
RAB11FIP3,15
TUBB3,7
AXIN1,5
LMF1,4
PSPC1,5
FAM179A,2
NUDT3,5
BRPF3,4
GRHL2,3
NCALD,2
CLTB,2
NOP16,3
ZNF236,1
ZNF516,2
AZGP1,46
GJC3,46
ARFIP1,13
FHDC1,12
NAA40,2
C11ORF84,2
THRAP3,6
AGO3,5
PPP1R16A,29
ADGRB1,1
C11ORF80,19
CCS,4
GNAI2,16
RBM6,6
FRYL,2
OCIAD2,3
GMDS,7
PDE8B,1
IL6R,3
ATP8B2,2
RGS3,4
SLC31A2,1
STYXL1,1
GTF2IP7,1
DNAJB6,8
AC006372.4,6
DSCC1,83
TAF2,87
EZH2,5
PSD3,6
CENPI,6
TMEM35,1
INTS4,5
GAB2,11
CTPS1,30
SLFNL1-AS1,29
LHX6,72
NDUFA8,72
MIR646HG,51
CDH26,4
NDRG4,59
SETD6,60
PDZRN3,1
DCSTAMP,1
SETD7,2
NDUFC1,3
SNX6,2
BAZ1A,6
CSNK1E,12
ZBTB25,2
EEF2,320
KRT23,21
LINC00665,7
HKR1,9
NDUFB8,196
SEC31B,196
PUS10,24
AC010733.5,23
SIDT2,501
TAGLN,502
SNX30,4
KIAA1958,6
TTC39A,3
NRD1,30
UBE2J2,55
FAM132A,53
AARD,2
LRRC75A,65
FOXRED2,179
TXN2,178
GNAI3,12
GNAS,67
LY6E,25
ODF2,5
DNM1,3
PKN1,5
STARD3,48
SFXN1,2
ATP5C1,2
TMED4,2
MYO1G,3
TSC2,4
XX-DJ76P10__A.2,1
WRB,233
SH3BGR,233
ZNF620,1
PBRM1,6
MARS,10
AVIL,8
MET,28
CAV2,5
LRP1,22
INVS,3
HSD17B3,1
LINC00545,5
MEDAG,6
FOXO1,5
PAX3,2
SEPT9,53
VMP1,89
PEMT,2
IFT20,2
USP32,8
PTRH2,2
MAD1L1,16
MROH3P,2
LINC01134,5
LINC01346,5
FITM1,4
PSME1,4
RAPSN,5
PSMC3,7
XRCC2,18
C8ORF76,1
ZHX1-C8ORF76,2
ZNF841,3
AC006272.1,1
AGAP2,3
METTL21B,1
GATAD2B,4
NUP210L,6
ACYP1,23
MLH3,24
BCKDK,131
KAT8,136
ZNF432,2
CDK4,8
MYH9,175
LINC00619,10
LINC00840,10
AP000320.7,3
NPIPB1P,1
STAC3,2
MRPS6,44
OS9,61
SLC5A3,20
CTBS,628
GNG5,628
EEF1D,195
NAPRT,182
EEF1DP3,198
FRY,199
LINC00415,5
SHISA2,5
METTL23,74
MFSD11,76
RPS5,16
VIM,158
TBC1D22A,6
SLCO3A1,9
AC133528.2,79
ING5,80
ACACA,10
MED1,5
RPL3,32
MFSD3,119
LRRC14,118
AGAP2-AS1,4
RPL27,8
IFI35,5
RPSAP52,49
HMGA2,52
UBA52,69
AC099535.4,58
MIR4435-2HG,23
AC093616.4,22
APOL2,2
CREBBP,18
TRAP1,7
CDK1,1
EBF1,6
SMARCA4,43
C19ORF44,3
AKT3,7
DNAH14,4
CLTC,66
GOLT1A,224
KISS1,223
MT2A,78
NCKIPSD,26
CELSR3,27
SLC25A6,118
HDGF,67
TM4SF19,1
PCYT1A,5
YIPF5,127
IL3RA,126
AP1M2,62
CDKN2D,58
MB21D2,11
FGF12,10
SLC7A5,45
SNTB2,86
VPS4A,86
ACTN1,20
ANP32E,42
APLP2,112
CENPB,21
CMIP,5
EIF4G1,30
HNRNPU,26
LARP1,88
CNOT8,77
MAGIX,37
PLP2,39
MVD,58
TTC7B,60
NFATC3,32
PLA2G15,30
PIGX,7
PAK2,7
PTGES2,243
SLC25A25-AS1,245
ANAPC7,48
KDSR,46
ARNT,51
CTSK,48
DVL3,39
AP2M1,40
ENO1,194
H1F0,16
ETS1,3
SQSTM1,37
GCHFR,2
HSP90B1,22
IRAK1,30
SURF4,12
LMNB2,28
AP000318.2,36
POLR2A,14
COTL1,17
PRR11,134
SMG8,111
RPTOR,9
CHMP6,8
RTN4,71
SEH1L,11
CEP192,13
LDLR,33
TGM2,14
GANAB,18
TRMT12,45
RNF139,47
WDR35,5
TTC32,4
ZNF570,9
ZNF793,8
SLC29A1,118
HSP90AB1,175
CDK2,76
RAB5B,77
SLC22A18AS,2
USP47,5
DEXI,1
PPP6R3,8
STIM1,9
C16ORF62,2
AARS2,332
CA5A,330
CHKA,8
KIAA1549L,2
MIR34AHG,60
GPR157,59
PMEL,14
SCARB1,57
UBC,83
DDOST,57
MOG,20
DLX5,25
DLX6-AS1,28
PINK1-AS,39
ANKLE2,3
AC006129.1,25
LINC01480,25
CD63,33
ALDOA,144
SBF2,6
RBBP6,1
SLC22A18,2
TPT1,15
CTSD,94
RAB7A,42
DCT,3
MESDC1,6
CFAP161,6
NCKAP5L,3
PSMB2,46
LINC00887,45
ZNF544,151
AC010642.1,151
ZNF8,123
PTPN11,1
TRPM8,1
PPFIBP1,12
SMCO2,16
C19ORF38,3
RWDD1,1
FAM26D,1
LAMA3,6
RBBP8,1
PPP2R2A,2
SNX14,2
MXRA8,12
SMUG1,2
BCAR3,5
ALG14,20
RAPGEF6,3
BCL2L1,6
TTC39C,4
CABYR,1
HIST1H2AC,8
HIST1H2BD,6
CDK5RAP2,5
C5,2
CAPN2,14
RAB40C,4
WDR90,2
EBF4,1
TMEM50B,2
MAP4,16
CBFA2T3,10
RAPGEF3,4
NFE2,3
TTC27,7
BIRC6,8
ERP27,3
MGP,2
AMOTL1,5
C11ORF97,2
CASC3,58
THRA,9
SYT14,2
DIEXF,1
GMCL1,6
ANXA4,7
HEPHL1,268
PANX1,267
NDOR1,1
NELFA,3
ARHGAP26,2
BOP1,9
MGAT3,1
TAB1,3
PARL,79
MAP6D1,78
ADGRF3,2
OTOF,3
PRIM2,4
TRPC4AP,9
SPRTN,2
DISC1,2
TSNAX-DISC1,3
AC004549.6,29
HIBADH,29
C1GALT1,91
AC005532.5,91
PSMD2,4
CRK,18
YWHAE,22
PCCA,5
UBAC2,4
PXMP4,13
E2F1,15
SHOC2,1
RBM20,1
THAP11,80
ATXN3,72
ACTN4,150
PRKCSH,39
BAIAP2L2,65
SLC16A8,65
CCDC91,12
LMO3,2
CCL28,1
C5ORF28,2
COMMD1,47
B3GNT2,46
EP400,104
NCOR2,139
HOXC10,6
FLJ12825,17
MFSD7,79
ATP5I,79
ANP32A,74
NOP9,48
LTB4R,49
NR2F1,4
CAST,5
PLA2R1,3
SLCO1B7,1
L1CAM,22
PWWP2B,4
LRRC27,3
IGFBP3,19
SH3BP1,38
LGALS1,62
XK,41
CYBB,38
ZNF836,53
ZNF616,54
CHCHD10,169
VPREB3,169
CASC8,28
MIA2,58
CTAGE5,59
AC013463.2,37
SCN2A,37
POLR1A,8
REEP1,1
AL121578.2,133
SYTL5,133
TMC5,43
CCP110,44
IGFBP1,4
S100A6,112
AC004967.7,119
OR7E38P,119
ARPC1B,20
TXNIP,2
TECR,12
CXCL16,12
AC004066.3,13
PPA2,13
ALPP,3
CEACAM5,9
MSLN,1
PSAP,88
BAIAP2L1,6
CTSB,21
CLDN4,13
LYZ,25
GNB2L1,51
GLYCTK,363
DNAH1,362
GPRC5A,38
ITGB4,30
ARPC1A,9
HMGA1,37
PPIA,3
STAT6,13
TM2D2,1
ADAM9,13
AC012668.2,2
LINC01614,2
MTMR8,38
ASB12,38
CADM3-AS1,5
AIM2,5
TMEM141,74
CCDC183,74
CADM4,69
ZNF428,69
MED15,13
SRP14,12
LGR4,14
CCDC34,14
MSMB,4
NCOA4,4
TRB@,18
FTL,68
ACE2,5
PIR,3
ARNTL2,12
PDIA4,35
CRKL,6
XXBAC-B135H6.15,2
HSPE1,189
MOB4,189
LZTR1,3
MATR3,28
PAIP2,25
NCOA3,161
MN1,142
TPD52,81
MRPS28,75
AC007308.7,2
CTBP1,23
KATNAL1,18
CDH12,1
SNAP29,10
TRADD,118
B3GNT9,119
VPS45,221
PLEKHO1,222
RNASEH2A,2
ASNA1,1
CAPZB,30
TMCO4,4
EPCAM,4
MSH2,4
KLK4,9
KLKP1,9
AC156455.1,29
MLXIP,40
TBP,11
MISP,5
SRRM2,47
FASN,45
FBRSL1,27
HDAC8,221
CITED1,220
HMGB2,58
HSD17B10,10
SMC1A,12
JSRP1,115
RPS28,290
LRRC75A-AS1,13
DOCK1,6
SHPRH,38
FBXO30,39
FAM175A,65
HELQ,66
EYA2,7
C4ORF45,1
KIAA1217,3
RNF17,1
TMEM259,2
SBNO2,11
AAK1,3
AC092431.3,2
PARP4,1
CNTNAP2,2
NFAT5,7
CYB5B,5
SPIDR,10
XKR4,1
AC015849.16,2
CCL5,4
CWC25,4
FBXO47,2
LINC01429,8
SALL4,17
ASAP2,5
TONSL,5
SLMAP,8
ASAP3,27
TCEA3,27
NSL1,16
BATF3,15
P2RY6,96
TMED7,60
TICAM2,61
ZNF765,22
TPM3P9,22
AIM1L,7
UBXN11,7
ASNSD1,127
ANKAR,140
CUL5,34
ACAT1,30
HM13,63
ID1,52
IMMP2L,13
AC003088.1,1
PPFIA1,13
ANO1,8
TMED3,71
KIAA1024,70
BLMH,4
NF1,11
CD27-AS1,1
NOP2,2
ERBB2,63
GRB7,59
NDFIP2,10
LINC01068,9
RHNO1,29
ITFG2,29
SND1,15
KL,1
TACSTD2,42
OMA1,35
H19,3
GCSH,37
C16ORF46,36
RASSF8,18
SSPN,18
BAG6,13
SLC44A4,2
BCR,16
ABL1,24
NUP214,7
XKR3,1
LINC01169,53
SMAD6,53
C10ORF76,5
KCNIP2,26
AC023590.1,10
NQO2,12
C16ORF87,1
ORC6,2
DOCK4,11
C20ORF203,17
NOL4L,19
AC108488.4,31
ADI1,32
CRELD1,95
PRRT3-AS1,98
DUS4L,263
BCAP29,281
CCDC26,28
LINC00977,27
EIF1,165
PRKCB,3
AC079466.1,11
CD46,4
MAPK1,6
FAM126A,1
STK4,5
FUS,42
EWSR1,78
GCAT,12
GALR3,12
GS1-124K5.2,14
GTF2IP23,14
HAUS5,1
C7ORF43,2
C10ORF54,1
RPS6,65
B2M,70
SARS,4
CYP20A1,1
SNX10,6
AC004540.5,5
KANSL1,112
ARL17A,101
KCNH6,3
ACE,1
CCDC57,13
CCNE1,2
GOLPH3L,3
HACD3,20
JAGN1,2
TTLL3,4
ARPC4-TTLL3,12
VSTM2B,1
CRLF3,11
SUZ12P1,10
ADARB2,1
CFAP61,1
CGGBP1,3
TBC1D5,4
TBC1D24,7
ATP6V0C,18
C1QTNF3,26
AMACR,32
CAPN15,13
ZNF747,5
ZNF768,6
HN1L,12
PELI3,29
DPP3,32
PLA2G12A,30
CASP6,31
BICD2,8
IPPK,8
DHRS7B,1
PKHD1,2
RAB3B,27
PMF1,20
BGLAP,19
SIX3,28
AC012354.6,29
TUBA1A,22
TUBA4A,28
ARID1A,20
CHGA,16
ARL6IP1,5
RPS15A,4
BIRC5,9
AFMID,10
CACNG4,29
CACNG1,28
CIART,3
MRPS21,5
HSP90AA1,15
ACIN1,8
LARS2,23
LIMD1,30
LRRC59,17
MRPL27,15
CLYBL,2
PIGT,7
WFDC2,6
RDH11,11
VTI1B,11
SEPSECS-AS1,4
PI4K2B,5
SLC25A37,3
ZNF341,1
TNFSF12-TNFSF13,20
MPDU1,23
TNFSF13,20
WASF2,3
IFI6,3
TRAF2,3
ELP6,1
PTPN23,5
TRAF3,3
IGH@,71
CLCF1,185
POLD4,187
PRPF6,8
HUNK,1
UNC119B,28
ATP13A1,5
ZNF14,4
DBT,27
MECOM,6
CROCCP2,15
NBPF1,14
DDX54,3
TRIM28,12
ERGIC3,11
THRIL,12
FAM120C,1
NEAT1,20
FNDC3B,18
ECT2,2
MKNK2,10
PARD6B,15
BCAS4,19
TMED6,3
COG8,4
CAPZA2,19
LINC00893,89
IDS,90
HMGCR,3
ANKDD1B,1
SLC35A5,1
PIF1,14
STRADA,32
LIMD2,32
PSMC1,15
AC005540.3,9
LDHA,37
KRT7,133
CACNG8,36
CACNG6,36
PYCARD-AS1,6
TAPBP,13
NUCKS1,7
PTRF,95
STAT3,70
ANTXR1,2
AC011897.2,2
DDX1,7
AC068286.1,1
NFIA,3
AC097374.2,8
FAM84A,2
MYCN,4
RARA,9
SYN2,11
PPARG,13
AACSP1,11
ZNF354A,12
AC009336.19,6
HAGLROS,6
HOXD3,6
SSTR2,1
DDX39B,10
CHD3,14
FADS1,18
WWP2,2
STARD9,4
ARGLU1,4
EFNB2,4
DBNL,2
C22ORF29,4
EIF5B,4
DNAJC2,2
FGD4,8
DNM1L,5
MED28,1
INSR,1
MRFAP1,7
ARAP1,11
ZNF22,1
OGT,9
TNFRSF10B,3
RNF115,12
PDZK1,7
SCRN1,31
SPTLC2,5
BAG1,2
SRCAP,3
H6PD,2
TPM3,9
DLAT,1
TPTEP1,7
UCA1,11
TRIM33,2
EGFL8,1
VGLL4,5
ZMIZ1,17
ZNF644,4
PAPOLA,9
EIF3D,12
CDV3,3
ANKHD1,8
ANKHD1-EIF4EBP3,8
GPR1,2
TMBIM6,30
GUK1,8
IBA57,7
KLHDC4,3
TPM2,34
LBH,4
AC010547.9,1
ZNF23,1
MXI1,2
HARS,1
PSMD7,2
PGRMC2,1
RPL22L1,1
LRIG2,4
CHTOP,1
SEC24A,3
SPG20-AS1,1
CCNA1,1
TPM1,39
PTPRM,3
TRIM11,1
PREX2,3
UBE2L3,4
COMT,3
SPANXA2-OT1,1
XXYAC-YR29IB3.1,1
YBX1,60
MSANTD2,8
ESAM,7
TRPM7,7
USP50,5
ACTR3,55
LINC01191,55
MMP1,10
CANX,65
UBTF,45
URB1,83
MIS18A,82
RPL8,33
DAXX,16
YWHAB,32
HDAC3,14
DIAPH1,15
NTAN1,1
XPO6,7
TMEM245,23
CTNNAL1,20
TTBK2,36
CDAN1,35
COL3A1,25
COL4A2,27
COL1A1,83
RAD23B,63
TNXB,6
COL1A2,54
BRK1,78
VHL,76
SERPINB2,4
CDH13,14
FN1,81
SPARC,63
ADAM10,2
AF121898.3,4
CD36,3
THBS1,49
CALD1,34
SLC20A1,5
SPOCK1,22
TPBG,1
NARS,4
HEG1,7
KDM4A,9
ST3GAL3,10
SGSM3,1
TIMP2,11
PAK3,1
TFG,16
GLIPR1,2
ATP1A1,9
CFL1,41
C14ORF2,1
RPN1,10
CA13,2
CTNND1,7
ENG,6
FLVCR1,2
STX16,29
STX16-NPEPL1,2
HNRNPK,4
HSPG2,34
LTBP3,8
ICE2,4
RPS18,3
LOXL2,20
CYR61,17
RELN,1
MMP24,1
NME4,3
PAICS,5
B3GALT5-AS1,1
PDGFC,3
SERPINE1,54
ACADS,1
WAPL,2
IQGAP1,20
TIMM23B,4
PARGP1,4
MIF-AS1,41
ATXN2,14
SLC26A4,36
FLNA,119
G6PD,29
ITGA3,49
PPP1R12A,7
IL7,1
PRAME,1
RFPL1,1
PSPH,7
CCT6A,4
XXBAC-BPG252P9.9,11
IFI27,10
ARHGDIA,11
EDARADD,101
TKT,27
RPL39,12
TM4SF1,3
MSN,19
MICAL3,9
RANGAP1,68
TUBGCP4,2
GPHN,6
MPP5,4
MUC6,4
SAMD5,45
SASH1,46
LGALS4,4
HSPD1,4
PXN,12
AGRN,52
TRAF7,3
TNS4,18
FITM2,11
GAPDH,106
MINOS1-NBL1,4
NBL1,2
SLC12A2,5
EIF5A,15
SREBF1,10
UTP6,14
COPRS,12
RMND5A,2
ANAPC1,2
CEP112,10
AXIN2,7
PPP6C,4
SCAI,5
PFN1,32
SLC25A11,6
PTMS,87
PSME4,29
GPR75,19
P4HB,71
RPLP1,59
PLXND1,6
ZNF263,13
ZNF75A,13
KRIT1,1
COG5,4
BCLAF1,2
MTFR2,3
NELFB,59
TOR4A,57
PSMD11,11
CDK5R1,7
TBC1D23,40
NIT2,40
SET,16
ARL8B,8
EDEM1,9
CCDC174,1
C3ORF20,1
DPH2,34
ATP6V0B,34
ERBB2IP,9
SREK1,7
LINC01036,7
LINC01037,7
MFSD1,3
IQCJ,2
IQCJ-SCHIP1,3
SNAI3,1
NEK6,2
SIPA1L3,11
CSTF3,1
EIF3M,1
TNPO2,5
RFX1,3
EPN2,3
SPACA3,1
VCL,13
PLAU,6
IFT80,4
LCA5,1
ATF7,4
MAP3K12,2
PPM1D,4
BCAS3,13
SNCG,12
ADIRF,11
UBA2,74
WTIP,72
WWOX,13
VAT1L,5
EZR,42
PEAR1,11
LRRC71,10
CDC42EP4,16
CPSF4L,14
KCNA4,1
AMDHD2,4
FOXA2,36
LINC00261,32
NAP1L1,22
ARHGDIB,4
BRCA1,23
TRIM80P,24
SLC16A5,26
CALB1,3
PRPF31,3
HSPA5,22
LINC00886,19
TIPARP-AS1,19
QSOX2,24
BANK1,7
RBM12B,5
LINC00535,3
SLC35G2,15
NCK1,17
SMOX,57
LINC01433,53
PLEC,107
TRA@,40
UBE2N,3
TSKU,7
ACER3,8
ARL17B,17
VSNL1,2
AC064875.2,1
DPYSL5,21
GFRA3,1
CDC23,2
NMNAT2,7
MAP2,14
IGLON5,1
SBK1,6
SETMAR,1
ITPR1,4
TBC1D16,21
NOS1,3
ARHGAP35,21
MBNL1,5
FXR1,3
ATP5SL,12
ADORA2A,3
UPB1,3
SLC31A1,4
SPECC1L-ADORA2A,6
SPRY4,10
ADD3-AS1,3
XPNPEP1,3
CD4,14
P3H3,15
CRYBB2P1,16
ADRBK2,20
FAM167A,5
GLYR1,21
MEG3,14
NCAM1,5
NR2C1,15
ZNF470,15
STRIP1,6
LINC01397,6
ACTG1,106
CACNA2D2,3
CPLX1,3
FKBP8,39
MAZ,4
NCDN,4
KCNQ2,2
KDELC1,12
TEX30,12
KLF7,2
OPRD1,19
EPB41,23
PIRT,2
LINC00675,2
PPP1R16B,3
FAM83D,14
RBM22P2,1
ARL10,1
RPS27A,7
ZDHHC1,103
TPPP3,102
ZNF3,1
PPP1R9A,4
IL17RC,2
MTMR14,3
DHRS9,11
AC007556.3,11
CLIC4,3
TRNP1,1
MINK1,41
C17ORF107,49
GRPR,16
MAGEB17,16
LA16C-325D7.1,1
IFNGR2,2
ATAD2,61
C5ORF56,11
SLC22A5,1
F3,25
KLK6,3
ATP5G2,4
SNRK,1
ITPR2,5
ASPH,24
CSTB,20
MMP7,1
ACTR10,2
KIAA0586,1
LRFN1,3
GMFG,2
EIF3K,104
SCAF4,5
TIAM1,3
MBOAT7,5
FXYD5,9
MED12,63
NLGN3,44
LINC01004,6
LHFPL3-AS2,5
CCM2L,10
HCK,11
ORMDL3,72
GSDMB,75
TMEM138,9
TMEM216,9
C19ORF60,45
TMEM59L,46
SMIM3,11
IRGM,11
FES,16
MAN2A2,19
WEE2-AS1,26
KIAA1147,26
ZNF252P,3
ZNF16,1
BRCA2,2
PDS5B,4
MND1,15
KIAA0922,15
SGSH,1
RAD54L2,1
ZNF250,18
COMMD5,17
CCDC146,4
PTPN12,9
FYCO1,8
LZTFL1,15
MOCOS,8
SLC26A2,1
NLE1,1
RAD51D,1
RAD51L3-RFFL,1
PNPO,6
CDK5RAP3,6
PTCRA,4
CNPY3,5
ZNF71,31
SMIM17,26
TCF7L1,3
TMSB10,17
LARP4B,1
TSPAN33,2
SMURF2,9
DDX5,8
SNAP47,2
ME2,4
DCC,2
SBNO1,4
ERICH1,3
KCNQ5,4
AGAP3,3
CKAP4,4
C18ORF25,4
MALAT1,6
CCNF,2
GAS2L1,2
CRMP1,2
TMED9,13
DAZAP2,2
POLL,1
FZD2,1
NUDCD2,1
HOOK3,6
KCNH2,2
COL5A1,24
LASP1,22
MYL6,14
MARC2,1
SRSF2,2
MIR497HG,2
PCM1,4
SF3A2,5
MRPL52,2
LRRFIP1,11
NCAPD2,6
RHOBTB3,8
NSD1,9
PDXK,4
AP1M1,1
POLDIP2,3
PPIC,1
NIT1,3
RANBP2,2
TGFB1,13
SMURF1,3
PLA2G1B,5
OSGIN1,51
NECAB2,53
ELP2,6
FHOD3,8
PRKCE,6
TTC7A,4
SSRP1,6
TNKS1BP1,6
CHMP2B,1
MAGI1,1
CCNT2,2
AC098823.3,1
AC006273.5,31
PTBP1,37
OSGEPL1-AS1,15
ASXL2,3
CUTC,23
ABCC2,23
INF2,11
ADSSL1,3
SNRNP35,1
SETD8,1
GBP3,9
CCBL2,8
LMBR1,10
AC005534.8,11
AIMP2,8
ANKRD61,8
KB-1125A3.12,2
AHR,1
ZFAND1,6
SLC10A5,5
C9ORF78,3
NQO1,43
PFAS,36
RANGRF,36
SEMA3F,3
GNAT1,7
TRIM52,19
WSB2,1
VSIG10,2
DLEU2,2
RB1,3
DLEU1,4
LPAR6,2
KMT2A,31
MLLT3,8
CLEC11A,5
JMJD1C-AS1,8
REEP3,11
AC008440.5,6
PLSCR4,2
CEP19,1
SRGN,3
ARHGEF40,5
SLC25A36,2
CSF3R,4
DNAJC9-AS1,4
FADS2,8
AZU1,7
LSG1,3
RCC1,26
SSU72,4
MTPN,4
NISCH,2
GPT,25
SH2D3C,3
TOR2A,3
HDAC7,6
MMP14,30
HCG4P11,2
XXBAC-BPG248L24.12,5
LGALS3BP,37
BST2,1
L34079.4,20
PINLYP,23
NPM1,32
PDIA6,20
ISG15,2
SUMO2,13
DHCR24,13
LRRC41,4
PPM1G,38
PPP1R13L,20
ERCC2,18
TNS3,20
VIM-AS1,60
FSTL1,15
ANXA5,12
TRPC3,2
ARF1,9
CDK13,7
SUGCT,6
CERCAM,4
MOV10,2
NPC1,4
PLBD2,16
ELMOD1,13
MPZL1,1
RPLP0,11
SLC16A3,10
ARRDC1,22
EHMT1,22
RPF1,2
SEMA4B,4
ARFGEF3,1
CNPPD1,2
SLC23A3,1
FAM63B,2
TRIM41,2
FZR1,3
GALNT18,2
IER3,2
FBXL20,10
MKLN1,1
UTP14C,1
ZNF106,5
DDX17,19
RBM25,10
ABI2,1
SLC3A2,24
ABCA2,4
SUMF2,1
ZNF609,7
TINAGL1,26
TRIM8,2
GPAT4,1
DCTN6,1
RRS1,1
SDC2,3
LINC01299,2
LEPROTL1,1
EXT1,10
SENP7,1
MMP16,2
CNGB3,1
PDE7A,3
GS1-24F4.2,1
BAG4,2
OR7E15P,1
PSIP1,2
APTX,3
DNAJA1,2
CHST9,1
RHBDD2,17
POR,18
MFNG,5
ELFN2,6
GATA4,2
ZNF593,39
CNKSR1,37
DNMT3A,1
ADCY3,1
ZFP90,6
CDH3,9
KIF3A,1
SHROOM1,2
RPL37A,7
IGFBP2,8
EPS8L2,12
TALDO1,14
UBXN8,2
BMP1,2
ARMC6,38
SLC25A42,36
CDK8,2
FGF14,2
RNF216P1,20
RBAK,20
TNFRSF21,4
PTCHD4,1
NPTXR,14
DNAL4,14
ZNF529-AS1,33
ZNF382,33
CPSF6,27
TMEM184B,6
CUL2,1
MCM3AP-AS1,4
YBEY,3
ARHGEF7,28
TEX29,24
DRAXIN,10
AGTRAP,10
TMEM258,15
POLD2,6
POLM,3
SCNN1D,1
ZFAT,3
ARMC9,46
AC017104.6,42
BZW2,29
TSPAN13,29
CHCHD2,12
PHKG1,11
ERICH5,4
FZD6,2
FUT10,2
SFRP1,4
HAS3,6
CIRH1A,3
HSD17B14,6
BCAT2,8
AC015977.6,3
CIB4,3
ATP1A3,6
ATP6V1H,1
OXR1,4
BBOX1-AS1,10
SLC5A12,10
IRF2BP2,2
KBTBD11,4
TP53BP1,5
FAM20B,8
NARF,5
FAM83F,1
TNRC6B,4
GOLGA2P8,4
SEPT8,2
SLC16A1-AS1,2
MGRN1,21
NUDT16L1,6
MRPL21,8
CPT1A,16
MTURN,4
ZNRF2,4
NANP,21
NINL,21
PDP2,2
RN7SL405P,1
RNF187,5
DNM2,13
TMPO,12
SLC25A3,11
TXNL4A,12
PQLC1,11
ARID2,5
MACC1,6
TCF12,6
ZNF826P,1
SCYL1,4
FRMD8,6
PVRL4,1
ARHGAP30,3
USP7,4
MBOAT1,2
ACOXL,1
ACVRL1,1
SNX13,3
SFN,12
TRIM29,2
SUFU,5
RPARP-AS1,3
ARSI,37
CAMK2A,36
PTPRF,24
WDR72,10
AC068580.6,1
CELP,58
CEL,52
ANK1,4
BCL9L,10
ID3,2
TRIOBP,22
PVRL1,8
SH3PXD2A,34
BCL9,32
SLC25A43,27
SLC25A5,28
TSPAN1,6
LURAP1,3
VKORC1,16
PRSS53,17
KMT2C,4
TPTE,2
RFTN1,6
PVT1,50
MED20,2
C6ORF132,4
DENND6B,50
PLXNB2,68
NPW,11
SLC9A3R2,12
ASL,9
CRCP,10
WDR81,8
SERPINF2,8
RP11-381K20.2,81
KLHL3,81
BAIAP2,11
KCNN3,1
AR,2
NCOA6,9
TXLNA,18
CCDC28B,17
ALOX5AP,7
LINC00398,7
MCL1,6
RPS19,12
NOC4L,7
GRAMD1A,34
SCN1B,34
OXNAD1,2
APEH,18
RNF123,19
CLEC16A,5
CIITA,5
CRY2,2
MAPK8IP1,2
ERP29,5
NCKAP1L,1
GPKOW,3
WDR45,6
INPP5D,4
POU2AF1,10
ITM2C,10
IVD,12
BAHD1,8
MBD6,1
MFSD10,5
MMP17,2
ZFP36L1,11
SLC1A1,1
IL33,2
CD22,6
ZSWIM1,13
CTSA,10
COL16A1,22
MMP2,43
LPCAT2,27
ELOVL1,8
ITGA11,16
COL15A1,10
CTGF,30
IGFBP7,30
CCND1,53
DVL1,11
ADAMTS12,2
BGN,23
GABARAP,6
GPNMB,11
NOL6,6
RAB11FIP5,3
FAM234A,5
MFGE8,13
TIMP3,18
OLFML2B,3
PALM2-AKAP2,9
SMPD1,1
UACA,2
AKAP2,9
COL13A1,7
BACE2,16
MAU2,6
NDRG1,11
PCDHGA11,5
PCDHGB5,5
RHOT2,5
SH3KBP1,4
TMEM119,5
TPST2,2
UNC5B,4
WNK1,22
BASP1,6
SLC14A1,1
IMP3,7
SNUPN,8
ITGBL1,7
LMO7-AS1,4
COMMD6,3
MAP4K4,12
MPC2,2
ADCY10,2
NEO1,1
SEMA5A,4
SLC12A4,3
HTRA1,2
STX7,1
RPS6KB1,32
TFDP2,21
APOL4,1
ERV3-1,1
PDE1A,1
ZNF117,1
DNASE1L1,1
KIF1C,10
SLTM,1
KCNJ14,1
CABP5,1
EMP2,8
TMEM38B,3
CHIA,2
PIFO,2
EPB41L4A,3
FBXL17,2
SETD5,2
ATP2B2,3
ZC3H15,6
ITGAV,7
MANBAL,43
SRC,47
WDR43,3
DGKZ,1
HIPK3,4
FUT1,6
IZUMO1,6
GIPC1,13
PTGER1,7
TDRP,3
FBXO25,1
CAPN1,10
CLU,6
ASH1L-AS1,17
DAP3P1,15
MYH14,8
MYBL2,8
HMGN2,9
GSTP1,22
KANSL3,4
MORF4L2-AS1,16
TMEM31,16
RGS9BP,5
NUDT19,6
WDR5,1
DHX38,1
AMPD1,1
GFAP,4
CENPU,2
ENPP6,1
RBPMS,8
TBCEL,80
TECTA,80
WARS2,7
TBX15,4
LRPAP1,2
HDLBP,17
MICALL2,14
PEAK1,8
TSPAN3,11
TMSB4X,3
LENG8,16
COL6A1,14
CTNND2,3
DCAF7,11
TACO1,5
GPI,51
ANXA2,11
ITGB3,3
EFCAB13,1
CNR1,1
NONO,24
VPS41,4
SLC9A7,7
RAB11FIP4,5
TSPAN5,2
ADH4,1
KIF5C,3
GALNT13,4
UBXN2A,22
MFSD2B,18
FAM104A,3
CEP44,1
ADD3,2
CHAMP1,1
RPL23AP97,1
FUBP1,2
CSNK1D,9
GGCT,2
NOD1,1
LRRC8D,2
ZNF326,1
RAB40B,3
WDR45B,6
KIF1A,4
KCTD2,1
LIMK1,5
MCM8,15
PER1,1
SRCIN1,2
TCF3,12
PBX1,8
AC019118.3,9
LINC01250,9
DLEU7-AS1,13
RNASEH2B,13
MZB1,22
SLC23A1,17
LINC00426,15
ZC3H12D,13
PAXIP1,3
DPP6,2
UBQLN1,3
SHC3,1
RBM17,1
PFKFB3,1
SNX8,9
CAND1,3
C12ORF56,2
AP3D1,9
R3HCC1L,3
UBXN1,1
PCMTD1,2
GSTA9P,1
TSPAN31,4
RPS11P6,1
LINC00265,2
HDAC9,3
LRRC1,2
CA10,3
AC005355.2,21
JADE2,24
KIRREL,6
MPTX1,1
MACROD1,4
ROM1,1
SLC35B1,2
CLIC5,2
PXDNL,1
MPP6,2
PHF14,18
PLEKHJ1,2
TGIF1,1
TLE1,1
LYRM5,2
ZBTB1,20
PPP1R36,20
PTK2,18
TRAPPC9,15
C15ORF39,1
ADPGK,3
CHCHD6,2
ALDH1L1-AS2,1
SVIP,1
CCDC179,1
KRT80,35
ARHGAP23,4
MRPL45,3
KRT81,37
PPHLN1,4
ATXN1,1
CCNYL1,1
NRP2,12
KRT17,19
PLCG1,3
PHACTR3,3
COX4I1,3
GSS,4
PLK2,10
PLXNA1,4
SLC27A5,2
MAST2,5
NLN,6
ADAMTSL4,2
FOXJ3,8
MSMO1,2
RBM12,9
KRT8P11,2
TUBB,20
MAVS,44
MUC4,21
NCKAP1,2
UTS2B,2
OSTN-AS1,2
CAMSAP2,4
ADPRH,1
PLA1A,1
CCL22,1
CX3CL1,1
SLC43A3,14
PRG2,8
MIR3945HG,7
ACSL1,10
RAB29,4
CCND2,4
TIGAR,2
MIR155HG,2
JAM2,1
CNOT10,8
ANAPC16,9
GRN,16
NUBPL,8
SPN,28
SPON2,8
DGCR8,8
TRAF1,4
PHF19,7
WDR91,21
C7ORF49,20
UGP2,1
IGK@,48
CCDC93,1
SUSD6,3
RAD51B,5
IL23A,2
CD44,24
PDHX,19
VEGFC,1
GALNTL6,2
MTAP,43
CDKN2A,9
PLAA,2
NBEA,2
FOCAD,9
LINC01239,4
MIR31HG,2
ELAVL2,1
EBPL,1
HIPK2,11
PLCB1,4
CHRDL1,1
CALM3,17
ASCC2,3
COL7A1,20
FGFRL1,10
ITM2B,6
PTPN14,7
BCL2L14,2
BORCS5,2
LRP6,4
ETV6,9
CREBL2,3
TOP3B,2
CYYR1,1
MAP2K3,5
PLBD1,1
PLEK2,1
ATP6V1D,1
CIRBP,2
MYC,29
JUP,17
MUC5AC,9
MANSC1,2
NDUFA4,10
SLCO1B1,3
GOLT1B,2
ERLIN2,1
TMEM68,5
PRCP,2
RPS6KB2,2
KDM2A,12
CLNS1A,1
TENM4,6
SIRPD,1
RSF1,4
ZNF160,16
ZNF468,17
GPR107,2
LAMA2,2
NARS2,7
SCAND2P,4
KIF7,1
CCSER2,4
LINC00858,1
ADAP1,9
SUN1,8
CARNMT1,6
C9ORF40,6
AC027612.6,7
SERINC2,4
NDUFC2-KCTD14,7
ACADVL,3
SLC2A8,2
TIMP1,15
NTN4,7
IRGQ,7
SCUBE3,5
QSOX1,16
CDK16,3
RPS11,6
JMJD6,16
MXRA7,20
NOTCH2NL,1
TPM4,12
DCAKD,11
CDC16,5
LINC01024,1
NF2,3
CLK1,1
TRAK2,1
TMEM87A,1
NR6A1,2
GOLGA1,2
P4HA1,4
SACM1L,4
JAK2,6
PTPRD,4
RAB31,12
MYOM1,1
LINC00973,3
COPB2,5
NAA25,3
HECTD4,6
FAM234B,7
PRKRIP1,3
CUX1,14
TRIO,9
DSCR4,13
KCNJ6,13
RSPRY1,3
NLRC5,2
AK3,6
CDC37L1-AS1,6
GPR1-AS,7
ZDBF2,7
IAH1,3
MACF1,12
OSBPL2,9
CDH4,2
CYTH1,25
EIF3H,13
CCDC85C,6
SETD3,6
TATDN1,6
PCDH1,2
SUMF1,4
LRRFIP2,5
SAMD12,5
MRPL13,5
KLHDC2,2
SNTB1,8
NCOA2,6
LINC00536,2
CPNE1,3
PREX1,4
FOXK2,9
MTMR3,6
UQCR10,3
TBC1D31,5
ZNF704,4
COLEC10,5
VSTM2L,21
CTNNBL1,20
DHX35,15
ITCH,13
PKIA,2
HSPB1,10
SLC30A6,2
SPAST,2
AC098828.2,23
LAPTM4A,25
FBXL7,4
SUSD2,1
ATP5B,21
ADGRG1,19
ATP2A3,6
PCBP1,7
MCFD2,9
AC016722.3,3
MSL1,24
WDR82,5
PLCD4,2
CXCR2,2
RAB5C,6
SLC45A3,6
ELK4,6
AC010969.1,2
DHRS2,6
CSE1L,4
CTTN,16
CYP4F12,18
CYP4F23P,19
CHD4,7
FKBP14,31
RAD18,59
OXTR,56
SOX13,2
SCD,12
ATAD5,3
TLK2,5
MAPRE1,2
BPI,1
FOXP1,8
FAM188A,6
LINC01385,25
BTF3,26
MTERF4,6
CPS1,6
ARHGAP10,8
EDNRA,5
PRPF3,24
RPRD2,28
EMC3-AS1,2
PGM2L1,2
FCHSD2,9
ZMYND19,15
DPH7,19
HDAC11,7
FBLN2,14
USP4,3
TCAIM,1
CCDC64,1
CABP1,1
ZNF586,7
ZNF814,3
BRI3BP,11
POLRMT,2
TPGS1,2
PLEKHA1,3
TACC2,3
CMTM8,12
CMTM7,12
SLC35E4,10
OSBP2,11
TLCD1,1
NEK8,2
GSR,5
SCARA3,6
EIF2S3,5
OSBPL10,3
RHOA,12
SIAE,2
FCGBP,4
FOS,14
PDLIM5,5
CEP170B,3
ABHD2,6
ACP1,11
AC079779.4,11
BMP4,12
TMEM120B,5
CLUH,1
DENR,12
RHOF,1
ENTPD5,14
FAM161B,14
FBXW8,2
KSR2,1
GPA33,7
LRP5,8
CEMIP,13
SAE1,6
ERBB3,2
RBM3,7
TBC1D25,5
SETD1B,2
CLIP1,5
TRIM3,22
HPX,21
VPS28,3
YLPM1,2
AFF1,8
C20ORF197,51
TIFAB,2
H2AFY,4
DPP9,10
MYDGF,14
KIAA0930,1
CLPP,2
ALKBH7,2
NUP88,3
NKAPP1,5
LINC01402,3
ZNF546,2
ZNF780B,3
CDCA8,2
GRIK3,1
MTF1,2
FAM179B,6
PRPF39,6
SPP1,34
MAP3K14,3
SPATA32,2
MANEAL,4
C1ORF122,4
AKR1B10,19
CCDC124,2
E2F4,8
S100P,6
WI2-89031B12.1,13
CPLX2,7
PTCD3,2
RNF2,1
LINC00970,1
SMIM12,1
DLGAP3,1
TRMT10C,4
SMC6,2
TUFT1,2
PBXIP1,3
SLC11A2,1
LARGE,5
MOB1B,1
ATXN7,4
NLRP3P,20
VSIG1,21
KRT5,35
HNRNPA2B1,66
LINC01399,1
CAV1,12
ALOX15,1
ATP6V0D1,8
NUP43,7
CPA4,14
CRHR1-IT1,6
TMEM94,4
RSPH3,2
CCDC6,5
ANK3,3
CDK12,7
ZFAND2A,4
C7ORF50,19
DOCK5,3
CDCA2,3
SIAH1,2
ABCC11,3
IKZF3,10
GSK3B,5
GPR156,9
ARMC1,2
CCSER1,6
HERC6,2
EIF2AK3,1
PRKD3,3
PSMD12,3
ZNF710,2
WDR93,1
ITGB6,4
RBMS1,7
UBE2K,3
UGDH-AS1,1
PLA2G6,2
EIF4ENIF1,2
DHX30,1
SMARCC1,13
LLGL2,3
FEM1B,1
KCNG3,1
LONP2,1
RECQL5,2
SEC63,2
REV3L,3
TSEN54,1
NPEPL1,25
ADRM1,17
CCBE1,3
D2HGDH,34
GAL3ST2,33
AAMP,2
AIM1,2
BAMBI,1
CCNB1IP1,5
CHKB,3
CTNNA1,12
EPB41L3,1
FAM65A,3
HNRNPF,15
LSR,8
GDF15,13
HUWE1,34
XAGE1B,1
SLC52A2,5
SREBF2,15
TSR2,2
MRPS26,1
ADGRG7,15
CCR3,1
C1QTNF1-AS1,3
CANT1,5
GPR137,13
TEX40,11
ITPR3,8
FAM102B,3
GLMN,1
SOD2,4
SPIB,2
KIAA0125,32
RBL1,5
PPP4R1L,3
RNF213,10
ENDOV,3
KISS1R,26
ARID3A,30
PAX5,15
PRDM1,2
HBS1L,6
MPEG1,1
FAM129C,25
PTCD2,1
SNU13,16
LLPH,16
GAR1,2
RRH,2
MRPS31P4,18
HNRNPA1L2,18
SWAP70,8
NPHP3,3
UCP2,2
AC003006.7,4
ZNF654,1
C3ORF38,1
CBL,12
BCL11A,11
ERI2,1
AC004381.7,1
NCSTN,29
NHLH1,28
DRAIC,5
ARHGAP25,2
AC097495.2,2
ATF5,17
UBALD2,2
BAZ2A,10
CLECL1,1
DHFRL1,1
STX19,1
HNRNPUL1,42
LINC00511,16
SLC39A11,14
MYOCD,1
ARHGAP44,1
PPP6R1,7
PIM1,3
TAGLN2,22
TNFAIP8,14
HSD17B4,10
TP53I11,13
ZNF852,10
ZNF445,9
MCCC1,8
DCUN1D1,8
PPIP5K1,9
CATSPER2,8
WHSC1,21
SCO2,1
CHKB-CPT1B,2
UAP1,19
DDR2,18
KIAA0125P1,3
TNFRSF17,17
SNX29,19
PI3,3
XPO1,10
CCT4,1
C1GALT1C1,1
DNAH11,3
ZNF740,5
TAF1D,4
SCAMP5,2
PPCDC,2
CXXC1,1
MYO5B,3
JCHAIN,14
ADAMTS4,10
B4GALT3,10
BLOC1S5-TXNDC5,19
NES,4
ZBTB38,2
MFI2,10
RPSAP69,8
TXNDC5,20
IGKC,13
IGLC1,4
IGLL5,8
AL109761.5,2
CHODL,1
AQP3,11
ITGAL,4
SLC2A5,4
ITGB7,4
MKI67,14
OOEP-AS1,2
DDX43,2
SLC35F2,9
SLN,9
XBP1,5
CDC37,14
PDE4C,1
TPST1,8
SIRT6,1
TARM1,1
AC068533.7,2
ACVR1,1
CYTIP,2
AKAP8,2
BRD4,17
ZNF699,6
OCA2,1
HERC2,2
KDM4B,5
PLEKHF1,2
ASB4,7
GS1-306C12.1,6
DDB1,16
VWCE,12
RAB11A,6
FAM3B,12
CIT,4
SHB,3
IGSF3,8
CD58,8
SEMA4C,10
ANKRD39,7
CTNNB1,3
CAPG,2
HMG20B,28
NUPL2,1
ZNHIT1,1
YWHAZ,4
GLOD4,26
GEMIN4,25
C10ORF90,6
LINC00601,6
NFE2L1,21
BSG,18
TGFBI,43
TMEM132A,3
SUPT5H,11
RYR1,6
QKI,12
PACRG,6
CTCF,4
SLC9A5,1
EDF1,1
NDRG3,5
PIGG,2
ZNF595,3
ATP2C1,9
ALG1L2,1
LHX3,2
PLEKHG4,1
TGM4,1
RARRES2P6,8
FRG2JP,8
TMSB4Y,38
ANOS2P,38
FRAS1,4
NRP1,6
RAPGEFL1,24
NCOA7,9
TPD52L1,2
RRM2B,23
UBR5,27
PHRF1,7
RASSF7,2
RBMY2EP,6
PRORY,6
LRRC39,26
DUSP16,2
LINC00310,7
NOB1,2
RAB30-AS1,1
PICALM,12
SLC10A4,7
ZAR1,7
BTN2A3P,7
BTN3A3,1
TMEM158,4
KIFC3,6
SIVA1,1
POU6F2,1
LRP1B,2
AP5Z1,3
PUM3,2
CDC37L1,3
ANKRD28,5
HACL1,1
ZNF823,2
AC005624.2,1
APH1A,2
EFHD2,3
TAF15,44
CRLF2,6
DPEP1,1
SPATA33,1
AC018634.9,5
NME8,5
SPTLC1,2
NOL8,2
CDKN2B-AS1,35
CSF2RA,2
VGLL3,7
RASAL3,12
WIZ,20
CD81,35
TSSC4,31
MAML2,24
TMEM236,5
MRC1,5
CIZ1,8
POLR3K,24
IL9RP3,22
RAB9A,25
OFD1,25
TRABD,6
CD74,19
RIMS2,4
ODF1,1
LATS2,2
GLRA2,1
PHTF2,7
STAG3L5P,1
PILRA,2
ULK2,2
SLC47A2,1
AKAP8L,4
FAM217B,4
MKRN2,3
TSEN2,2
RPS6KA2,8
MPC1,1
ADGRL3,2
C5ORF24,3
SNX25,1
PNO1,3
ZFPM2-AS1,3
SDAD1,1
METTL7A,1
MGEA5,26
TTC12,3
ANKK1,3
DHPS,30
WDR83OS,30
FOSB,7
SLC25A40,1
AC004862.6,3
ZFHX3,4
LINC01572,3
CFH,6
CFHR3,4
GAS2L3,15
FGFR1,26
HOMER3,5
COPE,12
LA16C-380H5.5,1
CLDN9,2
DCAF11,4
SSH3,4
WNT6,6
WNT10A,6
SSX1,1
SSX8,1
MAP7D3,1
CRTC2,3
CORO1A,8
NUTM2A-AS1,15
MINPP1,16
SSX3,2
AC069363.1,2
PIM2,3
PRRC2C,12
MLLT1,4
NFIX,30
NACC1,17
PDSS2,5
ACSS1,31
APMAP,31
ARMC5,5
TGFB1I1,4
EAF2,18
SLC15A2,17
LCP1,6
USF2,2
PPP2R1A,5
PEX26,17
TUBA1B,5
MCM3,2
PGLS,19
FAM102A,5
GNPTAB,2
NUP37,2
PPP1R10,2
MDC1,1
ZCCHC14,1
DOCK3,3
AC068831.10,1
ZNF569,1
RALGPS2,5
RASAL2,2
ZNRF3,8
KREMEN1,3
TRERF1,4
IGSF9,9
PPA1,2
NPFFR1,1
BIN3,2
EGR3,2
SV2B,1
NKD1,6
ADCY7,5
PSKH1,3
PDGFA,2
AC147651.1,1
EMID1,3
SHC2,2
TNIP1,2
SLC36A2,1
RNF220,15
ATP11A,14
PTK7,6
CALCOCO1,7
IARS,6
STC2,7
CLSTN1,13
NUMA1,35
B4GALT5,3
CCNK,6
FGF19,3
HSF1,5
HYOU1,12
KMT2D,5
LA16C-360H6.3,3
TIGD7,3
MYO10,8
RBM38,4
DEFA5,1
RNF141,2
ROBO1,4
TNRC18,18
SLC7A8,4
TPR,16
SMARCB1,2
MARK3,4
APOPT1,1
CSAD,2
HOXC6,11
IGHV3-21,1
DBP,1
AKT2,7
PLIN5,3
HOXC4,4
CRABP2,5
IGFBP5,46
SFXN5,1
FAM49A,2
NBAS,7
AC008271.1,2
MAPT-AS1,1
ACOT11,1
HRK,1
SPSB4,7
TTC31,11
LBX2-AS1,9
VPS33B,11
PRC1,12
GEMIN7,2
RELB,2
CYB5A,1
ABHD17B,8
TMEM2,9
COL4A1,18
CRIM1,20
FEZ2,10
ACAP2,5
XXYLT1,5
TNC,7
RABGEF1,13
TMEM248,1
LIF,1
COL6A2,9
CXCL1,4
DCBLD2,17
KCTD7,6
MYOF,8
COL27A1,1
SMAD3,6
CXCL8,1
METTL9,3
EXTL3,2
TMX2-CTNND1,5
FAM149B1,2
AHDC1,2
FNDC3A,1
DCTD,1
FYTTD1,2
GCN1,13
INPP5A,5
RRAS,2
LRRK1,5
ALDH1A3,11
MDH2,4
USP5,3
MTF2,6
SRSF9,7
NUP98,5
PMEPA1,10
QARS,3
TTL,2
RNPEP,6
BYSL,2
ZNF839,1
PTPN21,1
CEP128,5
GOPC,2
ROS1,2
ALDH6A1,1
ARFGEF1,2
PHYHIP,1
ADK,15
GDF6,1
RAP2C,1
R3HCC1,1
NDUFA3,5
RNH1,5
VEGFA,16
CAPNS1,5
PXDN,9
TECPR2,4
AKAP12,6
ATN1,31
BLOC1S6,5
SQRDL,4
PRKACA,1
CCDC88A,5
MTIF2,1
CD151,11
CRTAP,6
CLMP,3
CTSL,4
SRSF7,4
DST,7
MAP1B,10
ENTPD4,3
EPS8,2
CDK6,12
PDCD6IP,2
FST,2
PCDHGA1,2
PCDHGA10,2
PCDHGA12,2
PCDHGA2,2
PCDHGA3,2
PCDHGA4,2
PCDHGA5,2
PCDHGA6,2
PCDHGA7,2
PCDHGA8,2
PCDHGA9,2
PCDHGB1,2
PCDHGB2,2
PCDHGB3,2
PCDHGB4,2
PCDHGB6,2
PCDHGB7,3
PCDHGC3,4
PCDHGC4,3
PCDHGC5,3
KIF18B,6
KPNA4,3
SWI5,1
NDUFV3,20
PKNOX1,20
PABPC1L,20
ZNFX1,4
TRAM2,4
PIGCP1,1
CKAP2,2
OSMR,4
PROSC,9
CHMP1A,16
PSMC5,1
ZNF384,7
KDM5A,3
RERG,2
SERPINE2,24
XRCC5,5
NCAM2,1
TUBD1,4
HTR2B,1
AGAP1,7
GNAZ,3
GS1-124K5.12,2
UTP18,2
SEPT2,19
RUNX1,13
AF127577.8,4
USP39,5
MAT2A,2
KPNA2,4
CDCP1,5
DSCAM,2
RRP1B,3
KPNB1,11
NPEPPS,11
NUDT21,10
AMFR,10
USP22,8
TRDMT1,10
ANKS3,6
UBALD1,4
UBR1,1
TGM5,1
TBC1D8,4
CREG2,1
MAP3K1,4
AC016644.1,1
MPRIP,7
DRG2,2
CYFIP1,3
CHP1,2
FRMD5,1
COG3,1
TDRD3,3
MIR205HG,10
MARCH6,4
MLLT6,27
STXBP2,1
WNT9A,2
PRSS23,17
LRRC37B,2
ADIRF-AS1,8
SLC6A20,11
CD38,4
ATP6V1C2,5
ATXN2L,12
B3GAT3,1
PDK3,2
BRD3,1
ESYT1,1
CCT3,8
CD99,2
HINT1,2
MMAB,1
HNRNPD,5
SON,3
KCTD5,1
REPIN1,3
PRKCH,5
SEC14L1,4
RECQL4,9
POLG,1
SLC9A8,2
CAP1,18
INO80B-WBP1,2
WBP1,1
UBASH3B,4
ATXN7L3B,1
WAC,3
MSI2,8
AL122127.25,29
MPV17,3
UCN,3
GP1BA,13
HERC3,20
FAM13A-AS1,20
LINC01237,6
AC093642.5,5
MGAT4B,3
AADAT,1
PCGF3,3
MAP7D1,6
SLC24A2,3
ADAM12,5
ALG8,11
NDUFC2,11
SLC9B2,1
SEC24D,4
ASB6,2
WARS,3
PRRC2A,29
PHLDB1,5
PLOD1,6
MICAL2,5
BRD8,3
EPHA2,5
LPP,5
MARCH4,2
PPFIA4,1
SPECC1,3
STEAP3,5
SLC4A2,5
FKBP10,3
ATP2B4,4
ABCC1,9
GCLM,5
IQGAP3,5
GALNT2,7
SERINC5,2
CCDC80,23
COL8A2,5
CLDN11,3
CTSZ,9
SULF1,6
CNN2,10
FLOT2,6
SLC12A9,1
MRC2,10
ITGB1,9
MYLK,7
BAX,3
DIP2C,3
EIF4A2,4
ELOVL5,4
HNRNPM,8
KDM5C,1
KIF26B,5
MRPS27,1
PITRM1,1
RASA3,3
SDC1,13
SSR4,6
TOLLIP,3
XYLT1,2
EPAS1,2
FBN1,17
PAPSS2,2
FNDC1,3
SPTBN1,14
TNS1,5
LTBP2,10
NPR2,1
PCBP2,16
SNRPN,3
SUN2,10
SYNPO2,1
TANC1,6
THBS3,1
TSIX,9
SLC46A1,1
N4BP2L2,4
PEX14,8
NRDE2,1
CALM1,6
HSF2BP,1
AP001610.5,1
R3HDM2,10
ARHGAP9,2
C1ORF52,1
DDAH1,4
MSI1,4
TMEM184C,3
ZNF217,3
BCAS1,3
COL11A1,6
IVNS1ABP,2
ALDH1A1,6
COL5A2,11
GRIA2,1
WWC2,4
TENM3,4
SLC48A1,7
FAT1,8
IGFN1,9
QPRT,3
SPNS2,1
KIRREL3,2
NIN,3
SAV1,6
BRDT,12
EPHX4,12
C14ORF159,2
ABR,5
NXN,2
KPNA7,4
DHX9,5
EP300,14
GOLIM4,3
NAALADL2,4
MCM4,9
PRKDC,9
NEK11,6
PIBF1,7
KLF5,8
UBAC1,12
CAMSAP1,13
BLOC1S2,3
CWF19L1,2
STK24,5
FARP1-AS1,2
C19ORF47,1
RECK,1
TCTN1,7
FBXO27,2
FBL,5
PSMC4,3
GAREM,2
NOL4,4
DMRTA1,2
ANPEP,6
ZFP36,8
MAEA,22
ACRC,6
PAF1,1
P3H2,5
ATG5,1
USP28,2
CWF19L2,1
DNAJC3,5
HS6ST3,1
PRTFDC1,1
IQCA1,2
KYNU,4
SETD2,5
SCAP,3
TM9SF4,5
LINC01125,1
MGAT4A,2
KAT2B,5
SGOL1-AS1,5
VAPB,12
APCDD1L-AS1,9
COL6A3,18
ZNF124,1
RABGAP1L,10
GDAP1,14
MIR2052HG,13
ZW10,2
SOBP,1
QRSL1,2
ATP5L,18
HRASLS,9
ATP13A5-AS1,9
RAB39A,6
CBX5,6
CDCA5,5
NAALADL1,3
PINX1,1
RP1L1,2
SCRN2,5
MRPL10,6
SPATC1L,22
FTCD,20
MAP3K2,1
ERCC3,1
ARHGAP15,2
RPL9P9,1
ERAL1,1
C10ORF11,8
GUCY2EP,5
LRRC32,6
MRPL37,4
SSBP3-AS1,3
PDLIM7,4
DBN1,17
YIF1B,3
GGN,1
ABHD13,6
TNFSF13B,6
TNPO3,1
TES,6
VASP,4
DDIT4,2
CNGB1,1
ARFGAP1,6
NFATC2IP,26
SPNS1,25
GS1-124K5.4,5
ARHGEF11,3
ETV3L,1
CAMKMT,2
FAT2,3
RAD21,12
NRSN2-AS1,13
C20ORF96,13
AKAP13,8
AARS,11
SLC35A2,2
TMEM123,4
SHKBP1,2
WBP2,1
ARPC5,3
BHLHE40,8
RAD50,13
FOXP4,3
DNAJC5,3
CABIN1,6
CDK10,3
CHST11,7
DGKD,3
EGFR,13
GPS1,1
MATN2,6
NDEL1,3
NFE2L2,3
PLEKHB2,7
SNRPA,8
TMEM131,2
USP49,3
HIATL2,15
ZNF782,14
LMF2,2
PCNA,1
SPAG9,7
USP36,24
AC009274.6,3
GATC,5
CRISPLD2,1
SLC25A39,9
RUNDC3A-AS1,4
PRMT5,2
RBM23,2
PTP4A1,19
PHF3,7
TANGO6,11
PIEZO1,23
CCDC62,11
KIAA1671,24
CRYBB3,20
LINC00176,4
TCEA2,6
MBLAC1,9
AC073842.19,3
PPIL4,1
RAB33A,1
ZFP2,2
ZNF454,2
PPP2CA,4
LINC00491,1
LYST,3
MTUS1,2
TACC1,3
SP1,2
PRSS44,4
PRSS46,4
C11ORF68,12
DRAP1,16
AC131056.5,8
PANX2,6
CYB5D1,11
DDX18,5
AC009404.2,5
LAMTOR1,21
MMP25,8
IL32,9
BTN3A1,6
ZNF90P3,1
GGA1,3
COL20A1,1
CAD,3
DHCR7,3
INTS1,21
PPP1R27,5
PAAF1,9
DNAJB13,7
PDDC1,13
PTCD1,3
RBM14-RBM4,20
ARF4-AS1,2
DENND6A-AS1,2
C10ORF53,3
CSNK2A2,5
EXTL3-AS1,1
CCDC25,1
KDELR2,8
LAMB3,15
NOXRED1,4
TMED8,4
PYGM,2
ATL3,1
TMEM52B,1
OLR1,1
MADD,2
DDB2,1
ECHDC1,1
NKAIN2,3
LINC01344,2
ZNF648,2
DENND5B,3
SMYD4,7
LEMD3,2
PTPRR,3
AC006116.14,8
AC006116.22,8
NMU,11
PDCL2,11
MIR210HG,1
EGFL7,1
PCBP3,1
RLF,8
ZMPSTE24,3
YAP1,7
FAM76B,1
JRKL,1
GDPD5,4
ARHGAP42,1
ZNF738,2
SMOC2,1
PRTG,2
DYX1C1,1
DYX1C1-CCPG1,2
MACROD2,1
TNFSF12,2
DNAH2,3
GTF3C5,1
MTDH,9
CNTN5,4
ATP8A2,4
POMP,1
GSX1,1
CTSG,1
PDCD6IPP2,4
TASP1,5
MIR17HG,2
GPC5,4
PAN3,3
PROK2,2
EIF4E3,2
FLT3,1
ZNF576,3
STRIP2,18
SMKR1,18
AC025171.1,10
ZNF131,11
EHMT2,3
ITGB2,2
LONP1,8
MTA1,2
MEF2D,14
ARL14EPL,3
COMMD10,4
TXNRD1,14
NFYB,1
ART4,3
SMCO3,3
RP11-386M24.4,28
H2AFV,30
PI4KA,3
CYP24A1,6
UNC13D,1
ZNF292,5
GJB7,1
ANKRD40,7
CNR2,9
FUCA1,9
CD2BP2,1
YTHDC1,3
LACTB2-AS1,5
XKR9,5
SOS1,3
SLC12A1,1
ALK,12
BRE,7
CLIP4,4
MRPL33,4
ZNF512,12
GPN1,15
RNFT2,3
MYCNUT,3
MPND,13
AC007292.6,13
RBKS,3
YPEL5,1
ATP5G3,6
SENP1,3
NOL12,13
NME1-NME2,8
LAPTM4B,1
KCNE3,3
ALKBH4,2
LRRC58,8
PANK2,40
PACSIN2,6
TTLL1,3
FLOT1,13
LINC00243,3
INHBC,1
LINC01183,2
LINC01184,3
ST14,4
ILDR2,4
YEATS4,1
POC1B,24
DUSP6,23
CFAP69,1
GTPBP10,2
DMPK,2
RSPH6A,1
EXPH5,15
KDELC2,15
MALRD1,1
SLC39A12,1
AC144450.1,1
CFD,2
LINC01363,1
RPL13AP20,1
MARCH3,2
WIPF2,20
DIXDC1,3
HSPB2,1
GCNT3,1
FAM81A,1
GCOM1,2
CGNL1,2
MYZAP,1
THADA,8
ZFP36L2,6
CBLC,6
CHSY3,1
DEDD2,13
POU2F2,12
DTL,4
PPP2R5A,4
TBC1D10B,3
NOLC1,6
OXSR1,2
SULT2A1,1
MYO1C,10
PKP3,2
PRRC1,2
TPTE2P5,3
MRPS31,3
VWDE,2
SRSF11,4
ACVR2B,12
EXOG,5
NAA50,3
NDUFA2,3
CD14,3
ORAI2,7
NDUFA9,1
SLC25A32,41
BAALC-AS1,41
AEBP1,3
RINT1,1
CARD11,4
RCSD1,3
CHMP1B,2
DAZAP1,6
EIF4G2,9
BFAR,1
GLA,1
BTK,1
IQCC,1
ADIPOR2,12
KCNS3,2
ZDHHC24,4
QSER1,4
ALMS1,2
RFX5,5
DNAJB14,2
SF3B4,1
ZNF41,1
SIT1,5
CD72,5
TMEM104,5
PPP2R3B,2
INTS2,2
ZNF652,2
BRIP1,5
NLK,4
NEUROD2,1
SSH2,5
EMP1,7
SLC9A3R1,5
MED13,6
PGAP3,7
RPL12P38,1
DENND4B,3
SLC39A1,5
S100A14,3
RAPGEF4,2
PDK1,2
SPATA20,2
HID1,2
ADAM15,4
KIAA0100,5
EFHD1,3
EPHB4,3
TOB1,3
CHID1,3
CDR2L,1
RPS14,2
FAM83H-AS1,1
MUC1,7
PHB,2
NEU1,3
SERF2,7
N4BP3,4
RMND5B,4
S100A16,9
RPL38,3
SNRNP70,6
TFF1,1
TRIP10,1
MIF,9
ZNF385A,2
SLC45A2,19
ABCB8,1
CACNA1I,1
KAZN,3
FHAD1,2
CYSTM1,3
EIF2A,2
MED12L,3
LIMCH1,4
UCHL1,5
MAML3,4
CAMK2N2,11
ALG3,11
KIAA0232,2
RACGAP1,2
BEND3,3
OAZ2,5
SIK2,9
SCRT1,4
DGAT1,7
FAM193B,3
DDX41,2
LRP10,5
KCNK3,1
RERE,12
UBAP1,7
UBE2R2,6
ZFYVE9,2
USP33,3
FBRS,5
ZNF771,2
HCG20,2
CHD9,2
PPME1,2
CMB9-22P13.1,3
WBP1L,5
CFAP58-AS1,1
PIGL,3
PIPOX,2
SLC30A9,2
ATP10D,1
GSTO2,1
CFAP58,1
NCOR1,3
AP005135.2,3
MAP2K6,1
TNRC6C,2
TG,2
CD24,19
FAM3A,4
THEM6,2
TAL1,4
LCMT1-AS2,1
ZHX1,4
CSMD3,2
LINC00824,6
PSMA3,2
KIAA0196,2
NSMCE2,4
BLVRA,2
COA1,1
CMC1,3
ZCWPW2,4
RQCD1,2
RUFY4,2
DAND5,10
FANCC,2
PTCH1,2
ST3GAL2,4
LINGO2,1
SMCHD1,2
XPC,1
EFS,1
SEMA3D,1
AC011997.1,5
LRRC69,5
MAPT,3
SPECC1L,5
CKB,4
RNF181,3
MTSS1,5
PCAT1,27
CASC21,33
PCOLCE,6
CKLF,1
CMTM2,1
FBLN1,6
CMSS1,3
NKIRAS1,1
OGG1,12
ARPC4,12
POLN,3
ADD1,3
HTT,8
MYL5,1
HSD17B12,4
LINC00969,5
LRRC37A3,2
TGFBR2,5
GPD1L,3
NEU3,3
DDX10,4
UVRAG,10
CCDC67,3
DLGAP4-AS1,2
MMP10,2
GULP1,3
PRPSAP2,1
AKR1C1,4
AKR1C2,4
THRB,2
BRAP,3
C3,5
FSCN1,7
HRH1,3
SLC6A1,1
PARN,4
BBC3,2
C17ORF64,1
ABL2,4
SPG7,4
ARID4A,1
AMOTL2,6
ANKRD11,11
RDX,6
PLAT,14
TAF6,5
CTSE,5
RAB7B,3
NDC1,1
GLIS1,1
ONECUT3,5
ESPL1,4
S100A10,4
EPHB6,2
NADSYN1,6
SUPT20H,6
ALG5,1
CDH17,2
FGFR4,5
PFKL,6
TMC6,3
NPLOC4,10
PDE6G,8
SUV420H1,6
EREG,3
BTC,1
EVC,3
STK32B,1
ADAMTS9-AS1,1
CLIP2,3
LAT2,2
OGFR,2
ZBTB8OS,5
YARS,4
CBFB,6
MYH11,3
MPO,7
SPI1,3
RPL18,5
ERG,7
STARD13-AS,1
URAD,2
AC007405.4,2
AC007277.3,2
IRF2BPL,20
PKP1,4
SEZ6L,2
HCG4P5,5
PTPRS,2
ERVK3-1,9
RAD9A,6
SHANK2,9
OTUB1,2
ZNF331,3
FMN2,1
RYR2,2
SPINT2,35
C19ORF33,17
OBFC1,2
CXCL14,4
TPTE2P1,7
CENPJ,7
ANKRD62,1
KB-7G2.8,1
ERAP2,2
HPGD,2
LINC00963,7
KIAA1324,2
LRIG1,1
FHIT,3
LYN,1
WHSC1L1,3
EMG1,13
SLC4A8,2
C11ORF88,1
MSC-AS1,2
PPP1R42,1
NTN1,1
LIX1L,5
FCRL4,3
SNRPD3,3
MIB1,2
BAGE2,1
EMC3,3
C5ORF42,1
NUP155,2
CFHR1,1
WNK2,7
TPCN2,5
C9ORF3,7
TMEM242,1
KDM1B,1
NDUFS4,5
EYS,5
SLCO1A2,12
DENND1A,7
GTF3C4,9
PLPP1,2
ST18,3
SDC4,5
MATN4,4
COL18A1,18
OAZ1,10
PMPCB,6
PSMC2,5
ATP6AP1,4
BVES,1
UBB,5
GPR39,3
SERPINH1,10
SART1,5
LAPTM5,9
CDKN1A,5
RAB44,4
IL2RA,2
MYH3,2
PTCHD1,6
BMS1P4,8
AGAP5,8
PARG,6
BMS1,7
ADAMTS2,6
MEGF6,8
CD248,10
PARVA,5
LTBR,8
STAT1,3
TYK2,4
JAG1,2
NUPR1,3
ACTA2,2
TMEM173,3
TRIM44,4
ACAN,6
AGPAT3,8
CYGB,2
DENND5A,7
GLG1,15
KCTD15,1
LIMA1,5
MFSD12,17
NDUFA13,4
SLC24A3,1
ARHGEF1,3
LMAN2,9
TMED2,8
TUBA1C,8
FLNC,16
MYL9,7
ATP8B1,1
ECE1,10
GAS6,6
GORASP1,1
KIAA0319L,1
NOTCH3,7
S100Z,22
CRHBP,21
PRCC,1
NTRK1,3
ST6GAL1,6
RIPK1,13
SERPINB9,11
MTHFD1L,6
CEP85L,1
STXBP5-AS1,4
TMEM27,4
FAF1,6
TMEM205,8
ZNRD1-AS1,9
MCCD1P2,7
C16ORF70,4
F7,4
SENP6,7
MYO6,7
RC3H1,4
SERPINC1,3
PDE3A,5
SLCO1C1,3
DEPDC1B,7
PDE4D,9
SEMA6A,2
TRDN,1
APOB,2
CCDC144NL-AS1,6
CYP4V2,2
DCTN1,3
MTL5,2
CASS4,5
ZNF367,1
SLC35D2,2
GNPNAT1,3
TXNDC16,1
SERPINA1,4
ALDH2,1
AP1B1,9
ATXN7L3,4
BPTF,3
GNE,7
CAMK2N1,6
DLG5,4
UBR4,7
GALE,1
TCEB3-AS1,1
TEKT4P2,4
DAB1,4
CPEB2,1
CC2D2A,1
CCDC18,3
TTC26,1
TIMM17A,1
IPO9,7
PAWR,6
LINC00504,1
FMNL1,3
ZC3HAV1,1
TRIM37,5
TMEM186,2
GTF2I,2
GTF2IRD1,4
G2E3,11
SCFD1,11
ABAT,4
RPS6KC1,5
TNFRSF12A,6
THOC6,5
MRPS10,3
TOM1L2,7
FLII,3
AC002454.1,1
FAM133B,4
AES,17
EIF3B,8
LHFP,7
SNX22,6
SULF2,7
WNT1,2
ANXA3,3
AP000721.4,1
EML4,5
MTA3,4
SLC27A4,3
STXBP1,2
FLYWCH1,2
RHPN2,3
ZNF507,4
ABO,8
GGA3,4
ESRRA,3
DNAJC4,3
ZNF346,3
TNIK,4
EIF5A2,1
ARHGAP39,1
RETSAT,2
C2ORF68,1
AC004980.7,1
SRRM3,1
AL928654.7,1
CRIP1,1
SLC44A2,6
GLB1,6
SUSD5,1
RHBDL3,1
PTPRG,5
C3ORF14,2
RNF224,1
SLC34A3,1
CCDC125,23
EIF3G,24
CEP152,8
SHC4,7
FAM45A,2
GRK5,2
FOXN3,5
LSM14A,12
SCGB1B2P,1
SCGB2B2,1
PPL,5
C16ORF89,2
RBM39,6
UBE2Q1,2
ASH1L,6
NUMB,6
MSH5,4
MSH5-SAPCD1,4
ARPP19,4
ABCA1,1
RPS6P12,1
HNRNPH1,10
C5ORF60,3
PFKFB4,4
TOP1,4
GPALPP1,1
NUFIP1,1
ZKSCAN8,1
ZNF192P1,1
CALM2,3
COLGALT1,5
PPP5C,2
NT5DC2,3
TMLHE,5
VAMP7,1
AC026188.1,1
ROCK2,6
MYCNOS,1
OR5H5P,1
OR5H14,1
CELF1,9
KBTBD4,1
PAFAH2,1
NR5A2,1
C2CD3,6
UCP3,5
FOSL1,8
MIR22HG,20
TLCD2,19
RBMS3,4
TMEM147-AS1,2
SBSN,1
NUGGC,1
SCARA5,1
PYGB,13
GINS1,1
VTA1,4
OR7G3,1
KHSRP,4
AC009133.12,4
LGALS17A,2
LGALS14,2
SELPLG,7
DRP2,5
CLEC7A,3
STX8,5
CNTN4,4
SSUH2,1
ARPC2,5
SIN3A,4
SMAP2,19
ZFP69B,16
SYNGR2,5
TAF7,1
GOSR1,3
MBTD1,4
AGT,2
ZNF670,2
SNF8,2
ZNF526,1
CXCL17,1
MTMR1,1
SPOP,2
PPP1CB,2
PLB1,2
ZNF256,1
TDRD12,1
SPDYA,2
PDCD6,9
SDHA,7
SLC25A51,2
SLC20A2,3
OSBPL8,1
CATSPERG,1
CARD8,3
HRAS,3
PIK3CB,4
NVL,1
TP53I13,4
GBF1,6
PHF8,2
NEBL,2
GRIN1,2
TMEM116,2
C6ORF106,12
RP11-356O9.1,5
TTC6,13
ZNF880,3
ZNF528,4
ANKRD13B,2
PCTP,1
WAC-AS1,2
TTYH3,20
AC010145.4,1
AC008069.1,1
XPR1,2
TRMT1L,2
PLSCR1,2
LINC01035,2
AC142119.1,2
GACAT3,4
RUBCN,1
RNF13,1
RFC5,2
AC008278.3,1
IMP4,4
PTPN18,3
CACNA2D3,1
SIL1,5
DNAJC18,1
LANCL3,6
PKN3,3
SPTAN1,14
TM9SF2,4
A4GNT,1
IFT122,2
EPHB1,3
AC008278.2,2
ATF7IP2,1
PRKCI,1
ERICH6,1
ARCN1,2
SAMD4B,6
EDC4,1
POU2F3,7
SF3A1,6
EIF5,4
TISP43,1
KBTBD6,1
C3ORF67,1
HIF1A,10
ICAM3,2
LAMC2,9
NPL,1
LLGL1,9
PUM1,5
UHRF1,7
LAMB2,4
ADGRG5,2
ELMSAN1,3
HNF1B,1
VPS13C,3
NPM1P47,1
MAPKAPK2,4
RASSF5,4
SYNRG,5
SLC22A20,3
ELF2,3
CCDC148,1
NKAIN1,2
CDK15,2
FOLR2,1
CEP250,5
ATG3,1
DCDC2,2
GPLD1,2
RFC1,2
PRKAG1,16
DDN,16
GSK3A,4
GRIK5,2
IRF9,2
GMPR2,1
YBX3,3
STYK1,2
ESRP1,13
DPY19L4,14
SQLE,2
TLE2,1
AC005264.2,1
ACBD7,1
ALS2,1
MPP4,1
UPK1B,3
TMEM184A,4
UQCRC1,27
CSNK1A1,2
ZNF300P1,1
DR1,4
FNBP1L,3
ENPEP,2
NMT2,3
EFNA1,1
SLC35F6,2
OST4,1
VWA1,11
ATAD3C,9
CLDN3,3
RAI1,4
METTL12,6
UQCC3,5
PHF20,6
CNBD2,2
RELA,2
PHYH,1
LINC00709,1
SRPK1,2
STK38,1
USP54,2
ANKRD36,1
CMC2,24
PRCAT47,27
BICC1,6
LINC00844,6
CENPE,6
BDH2,6
EHD2,9
RPL5,7
SH2D5,13
KIF17,12
MYO9B,8
COL4A5,12
CYBRD1,3
ITGB5,4
GATAD2A,9
SLIT3,7
CDH11,5
AAAS,3
FADS3,3
FAM168B,3
KLC1,6
NR4A1,3
NDST1,7
PAPPA,3
POLR2L,4
RGS4,2
SGPP1,1
CAT,4
ZNF230,1
RPL31P33,1
ARAF,3
FOXR2,1
DEK,4
SFTA2,1
ZNF790-AS1,2
CEP120,1
DCP2,1
MDGA2,3
EGLN3-AS1,1
CEACAM6,2
ZNF790,1
SPOCK2,8
BLCAP,5
CERS1,6
SEC24C,2
MYADM,8
FOLR1,1
ELL,14
OR51E2,1
ZNF229,3
ZNF285,4
BIN2,3
CELA1,3
LMO1,12
RIC3,10
STIL,3
APITD1,3
LINC01423,3
KLHL42,3
P2RY8,4
ASMTL,3
CRHR1-IT1_,4
SEPT6,3
LINC01225,3
XYLB,8
GKAP1,1
SOX11,2
AC010729.1,1
EEF1A2,6
DDX24,2
TRIP12,5
LETM1,3
TMBIM4,3
NELL2,1
TRA2B,7
KNG1,1
CASC11,14
H1FX,9
DHX16,4
IGKV1-12,7
IGKV1-8,7
BHLHE41,1
IRF4,8
MAP3K11,8
KCNK7,7
MBL1P,1
SFTPD-AS1,1
SEC61A1,5
PEBP1,2
DNAJA3,1
IGHV5-78,1
ZDHHC8P1,14
CES5AP1,16
OSER1,8
BAG2,1
TFCP2,2
CSRNP2,1
ZNF749,2
AC003005.2,2
ADGRG6,4
USP34,8
NCOA1,2
ATRNL1,1
ATP6V0D2,2
AC018742.1,6
AC009411.1,6
SMIM18,2
YWHAG,9
AKNA,3
RPL35,3
TP53,8
VAV1,1
DNER,5
ELL2,1
BNC2,4
ADGRE1,1
ST3GAL1,2
LINC01608,1
ZDHHC21,1
STX2,2
GCNT2,2
WNT5B,7
CMBL,3
COL22A1,4
MROH1,7
PARP10,1
FBXW11,5
RUFY1,1
MARCH1,1
HACD4,1
ZNF692,2
SOCS5,1
PREPL,3
KIAA1468,1
TNFRSF11A,1
DPH5,1
SLC30A7,2
KANSL2,2
TMEM178B,4
DLG2,5
COLEC12,6
MGA,9
MAPKBP1,11
PCBP1-AS1,5
KPNA6,5
RPL14,3
DANCR,6
THY1,7
COL12A1,13
HMCN1,4
PRR12,5
SCFD2,3
KIT,2
SIPA1L2,1
YTHDF1,2
KRT13,12
AKR1C3,3
TPD52L2,6
GS1-259H13.13,1
COX20,1
EI24,1
ZDHHC5,2
EXT2,3
ATE1,4
ATP6V1A,1
IGF1R,5
KIF11,2
ALDH3A1,9
MYO1E,3
COPA,9
PITPNA,4
PPP1R15A,9
BOD1L1,1
PRDX1,7
COPG1,3
TP73-AS1,1
SYNJ2,5
FAM174B,3
LUZP1,3
HHLA3,5
CTH,4
LRBA,8
SH3D19,4
LCN2,23
ZCCHC8,4
RSRC2,2
AC012668.1,1
CDCP2,1
TMEM59,3
HNRNPAB,2
RBM4,4
TRIM69,2
HINT3,3
SEZ6,4
FBXL21,1
SULT6B1,2
HIF1A-AS2,1
IMPG2,1
SPAG17,1
C1ORF194,1
GAST,2
TXNDC2,8
B4GALT1,8
SMU1,5
LINC01127,26
IL1R2,25
AFAP1,5
BRD2,10
NKTR,4
DAG1,9
ELOF1,4
PTP4A2,7
HELZ2,2
PIAS2,14
ST8SIA5,16
SYTL2,2
POU2F1,3
GMPR,1
MAN1A1,2
MUC13,2
SIGMAR1,4
ENTPD6,2
RAB25,3
PMF1-BGLAP,1
SHISA5,5
CYP2S1,1
PURA,2
CREB3,1
AC092171.4,6
FDPS,2
RPL28,13
ZNF672,1
KIF12,3
AMBP,5
LL0XNC01-116E7.2,15
RAB9B,15
CHST6,3
TMEM170A,2
GLIS2,2
PHF21A,2
AHCY,17
CXORF21,1
MCM7,6
NOL9,4
GNB1,13
BCL2,10
IGHG2,1
IKZF1,2
ROBO2,1
PAM16,3
NLRC3,1
ISYNA1,10
ZNF70,4
ACO2,2
AFF3,5
ACSL4,2
BROX,1
FAM177B,1
CD79B,3
GH1,3
YARS2,1
MDM4,7
SF3B1,3
TAF1,1
DDX46,4
PHACTR1,1
TCL1B,1
UCK2,3
IRF3,2
FBP2,1
PPFIA3,3
DUS1L,1
FANCI,3
DOCK9,2
DNAJC11,3
TTC34,4
CNNM4,2
GBP1,1
PPP2R5C,2
UBE3C,4
TNNC1,1
MZF1-AS1,2
TDP2,2
UXS1,1
OVAAL,2
OSER1-AS1,1
HELLS,4
MIOS,2
UMAD1,6
SLC16A12,5
LIPA,5
CNN3,21
SULT1C4,2
RPL9,3
CKS1B,2
FLAD1,2
HGS,4
TLX1NB,1
TRDC,1
TLX1,1
AE000661.37,3
C1ORF112,8
PGPEP1L,8
BAALC-AS2,1
CHST2,2
SLC9A9-AS2,2
AMPH,3
TRG@,6
FCGRT,11
RCN3,10
AC004538.3,4
HMHA1,3
GS1-124K5.11,10
RCBTB2,1
EVL,4
AZIN1,2
PCMT1,3
RNF130,4
VCAN,4
XRCC4,2
UBTD2,2
HMP19,1
SDCBP,1
ZNF91,1
ZNF146,1
SMIM22,1
NAA35,1
BHMG1,1
AF064860.5,3
IGSF5,4
DPH6,2
CA12,4
POLD1,3
GPR75-ASB3,8
ABCC3,4
RAP1B,2
AKR1B1,4
LINC01515,1
GLCCI1,2
ASB3,3
FOXP2,1
MLLT10,6
SLC16A12-AS1,1
RSBN1L,3
PARP6,4
SYMPK,2
CEACAMP1,1
RALGPS1,7
ERCC1,2
CLASRP,3
IMMT,3
ZNF148,3
PYCR2,1
NFKB2,1
IGFL3,1
HCP5,1
DIP2A,4
PCNT,5
TBL1XR1,5
HDAC6,2
SSX6,1
ZNF90,1
ZNF486,2
OPA3,5
FKRP,2
AGO2,16
SRSF4,3
TMEM200B,1
DGUOK,2
TET3,5
MIS18BP1,1
FKBP3,2
NADK,7
CBARP,3
DDX19B,3
PSMD8,21
SPRED3,20
RORA,1
PIK3CA,1
KCNMB2,1
ZC3H18,3
IL17C,2
PRPF8,6
CEACAM22P,1
PI16,2
MFAP5,2
BCL3,4
DCN,2
PIP5K1C,2
KLF6,4
ANXA1,5
ATPAF1,1
CALU,5
CAPN12,1
SBSPON,1
CAPRIN1,3
CD109,3
CEBPD,1
H3F3B,4
CYB5R3,9
EXD2,1
TNFRSF11B,2
FAM129B,12
GBE1,4
HK1,3
NUCB1,11
IL20RB,2
LEO1,2
RNF216,5
MRVI1,1
NT5E,1
PRRX1,2
SCAMP4,2
PSMG4,1
UBE2S,1
UBE2Z,2
PALLD,3
ANXA10,1
ARVCF,2
TXNRD2,3
RPS29,1
POLE2,1
ENOSF1,3
DLGAP1,3
TANC2,9
CHRNA4,1
MCM5,4
HMGXB4,1
PTPN2,2
PSMG2,1
POLD3,5
RNF169,5
ALKBH5,5
CCDC144NL,4
NCOR1P3,2
ZNF536,3
APRT,3
SH2B2,1
TGFBR1,1
ATG13,1
TNFAIP2,7
VPS52,1
MTRF1,1
CHI3L1,3
MYBPH,3
PEG10,11
SUB1,4
STMN1,5
XXBAC-BPG157A10.21,1
YIPF3,2
RPL11,3
U82695.9,3
NGFRAP1,9
BEX1,12
TAP1,8
PSMB8,12
TAOK2,4
KIAA0513,6
SLC38A3,6
KLHL29,3
MIR-371-CLUSTER,2
FKBP2,2
MYH16,2
SOX5,5
RNF10,4
SIRT4,1
CD47,5
IFT57,1
FAM222B,10
RHBDF2,3
TEX2,4
BCAT1,5
KRAS,7
C4ORF19,1
USO1,2
TBC1D1,4
USP3-AS1,1
TAX1BP1,3
PSD4,9
PAX8-AS1,9
ATG9A,1
SMIM8,4
CFAP206,2
ZNF136,1
KCNA7,1
NTF4,2
LINC00657,7
CACYBP,5
TRMO,1
GRB2,8
MAGT1,3
PLA2G2A,1
TXNDC12,2
DLX6,3
CARHSP1,5
RARB,1
NGLY1,1
CNOT1,5
SLC38A7,3
LILRA5,3
EXOC6B,2
TACR1,1
NHSL1,1
MAP7,3
RNF135,9
B3GNTL1,4
OGFOD3,4
INA,1
MTR,1
CDC73,5
WDR59,3
LDHD,1
BCAM,11
PPARD,6
KLF3,3
EIF4H,9
GJB3,2
RAD23A,4
AP3S1,8
LHX4,10
RP11-57H14.3,1
TEP1,4
PABPN1L,2
RNF168,4
WIPI1,1
LINC01054,1
SNAP25,1
DLGAP4,10
VRK2,1
AKR7A2,1
LINC00032,1
CBFA2T2,3
TYRP1,3
RCL1,5
CRTC1,7
PTGES,10
PCNXL3,4
HFE2,1
ELN,7
CBX6,1
TEAD1,5
IGFBP4,10
HNRNPR,3
TPMT,2
MICAL1,5
AKT1,5
UPF3A,3
ANAPC15,2
SLC12A6,3
MRPS12,1
LINC01221,1
GHDC,1
ZNF571,2
SYNCRIP,2
MTO1,3
KANK2,5
EPOR,4
AC096574.5,4
AL591893.1,1
PRUNE,2
APOE,5
F11R,1
FAM117B,2
BMPR2,11
NDUFAF6,2
CCNE2,1
RMDN1,1
VPS18,1
ZFYVE19,2
TAC4,1
VAV2,2
TRUB2,2
ZNF251,2
TSHZ2,1
SLCO4A1,1
FAM65C,1
STMN3,2
LRCH1,2
ZNF79,2
SYT7,1
CYB5R2,1
CHD6,3
SKAP1,3
CA3,2
CHMP4C,2
ABHD12B,2
UGT8,4
RIPK2,2
LDLRAD3,3
SYT9,1
IFT43,1
SERPINA4,1
LRRC24,8
RNFT1,1
SARM1,1
CCDC64B,1
HCFC1R1,2
PNPLA2,2
RHOB,3
SLC2A4RG,4
SYS1,1
HOXB7,1
CAPS,2
SMIM14,2
UGDH,2
HOXB9,2
CLN3,2
FGFR3,7
NPDC1,4
RAB1B,6
HYLS1,3
DDX25,2
PPP1R9B,5
PPP2R4,7
RSG1,15
ANO7P1,16
SPIN1,6
NXNL2,5
XYLT2,2
PSCA,4
ATP6V1G1,2
C9ORF91,3
ATXN1L,2
C2ORF82,1
EIF4E2,5
MYO18A,9
IMMP1L,4
ELP4,8
LIN52,5
ECHDC2,2
KIAA1522,4
SPPL3,1
IDH2,1
SYS1-DBNDD2,2
DKK3,7
BRF2,2
PTGS1,1
LCE1F,1
LCE2A,1
MYH10,8
OGDH,9
PLEKHA4,2
JUN,10
DYNLRB1,3
SEPT11,5
VPS53,6
GTF2B,1
MUTYH,3
ATP13A3,5
TMEM44,1
AOX1,1
SMIM4,1
STAB1,1
NANS,2
KNSTRN,2
ZMYM2,1
RPN2,9
NETO2,1
ITFG1,1
BTBD10,1
TERT,3
FLVCR2,1
BATF,3
USF3,2
DDHD2,2
LINC01222,1
DAB2,1
LINC00604,1
AC108676.1,1
GBP2,1
FGGY,2
SCN2B,4
SCN4B,4
TESK2,5
LVRN,4
NEURL1,1
PDCD11,1
NR2F1-AS1,1
LINC01332,1
U47924.27,13
ZNF510,1
GPX7,7
FAM159A,7
ASIP,4
PITPNC1,2
NCK2,4
TEN1,4
CDK3,2
KLHL5,1
LY6H,1
RALA,4
YAE1D1,3
KCNC2,1
CAPS2,1
APBA1,2
PTAR1,2
PAM,4
LINC00492,1
NFIB,1
UNK,9
PKD2L2,2
TRHR,1
NUFIP2,9
NUP62,9
CCDC122,3
ENOX1,4
ELMO1,4
AOAH,3
FRMPD3,1
PRPS1,2
NFIC,7
PODXL2,2
TYW1,2
ZNF92,1
UBL5,1
PIN1,1
PFDN2,1
RPL7L1,2
WBP2NL,1
COMMD2,17
WWTR1,20
B3GNT3,1
RNF26,2
ACSS2,3
DARS-AS1,6
AC068492.1,4
AC084193.1,3
AC008067.2,4
MSH6,3
CSTF1,5
CXCR4,1
TMEM198B,1
ABLIM2,3
AL136419.6,3
TM9SF1,3
NUP210,10
ASXL1,1
RAVER1,4
CHMP4A,4
PAXIP1-AS1,1
DUSP22,6
GAS7,5
GTPBP4,2
ING4,5
ACRBP,5
MEX3A,2
RPRD1B,3
SF3B2,6
IGHG1,6
STK33,1
TTC33,1
POLH,2
ZMYM3,4
KLHL2,3
INPP4B,4
ANAPC10,2
LINC01305,12
SP9,12
ZNF605,1
CHFR,1
TUBGCP2,8
ADAM8,8
LYPLAL1,2
RRP15,3
MDK,1
TKTL1,2
FAM205C,1
CTBP2,1
PTEN,2
CSNK2A1,1
ATP6V1G2-DDX39B,1
SNAPC3,1
POLR1E,2
LST1,2
AIF1,4
COL9A2,6
CA2,2
SLAMF9,8
FLI1,6
CHRDL2,3
LMBRD2,6
UGT3A2,5
PRRT4,2
RBM28,4
LINC00221,1
SALL2,1
METTL3,1
AK7,7
TEPP,3
USB1,4
UBE2V2,4
FXR2,2
ADNP2,2
NSF,1
KDM3B,2
REEP2,1
EHD4,9
PRDM2,1
WDR60,3
FRRS1L,2
CSF2RB,2
PLCXD1,4
WBP4,1
SLC25A15,1
RORC,3
THEM4,1
TMEFF2,1
SDPR,1
AP000347.2,7
ASLP1,6
LHX2,1
DNAJC24,7
NF1P3,1
PPP6R2P1,1
PHF6,6
HPRT1,7
ZNF519,2
MAP1LC3A,1
IGHM,11
LMAN1,2
LINC01416,1
COL17A1,5
MMEL1,1
KRT14,5
GRM7-AS2,1
RPS17,4
PJA2,4
OTP,2
COBLL1,5
GRB14,4
SPRR1B,1
PCAT2,6
GPR153,2
ICMT,4
KRT16P4,1
CYC1,4
SCRN3,7
AC010894.3,7
HSPA2,2
GOLGA2,5
HNRNPH3,1
LAMP1,10
PLCH2,2
RPS16,4
KRT84,2
LINC00649,3
NCKAP5,2
AP2A1,5
OAF,3
WDR41,1
TENM2,4
AC100830.3,1
AHNAK2,2
ALYREF,2
C1S,5
COQ4,3
DCPS,9
ST3GAL4,9
GAA,2
KRT6A,3
POLR3H,2
RXRA,1
TAF13,3
WDR47,2
UNC45A,4
SHBG,6
WRAP53,7
C6ORF62,2
PHBP12,1
KIF20B,1
TMEM181,6
SYTL3,2
NUP107,3
ACSS3,2
YIPF1,5
ZCCHC11,2
COL4A3,2
FBXO36,1
SHISA4,1
MTMR2,1
CLSTN2,5
SCHLAP1,21
UBE2E3,21
CDK14,6
SNX4,1
HSCB,2
FEN1,1
FAR2,3
OVCH1,2
AC068580.7,10
MGAT5,6
TYMS,2
PRSS3,3
FGD6,5
MIATNB,2
RBX1,1
B4GALT4,2
DLC1,3
PIWIL2,1
PRKAR2A,2
SLC25A20,2
C8ORF46,1
PIP4K2B,6
AC113608.1,2
SPDEF,13
FBN2,4
CDK11A,1
SLC39A14,4
FDFT1,3
FGFR2,10
COL14A1,9
PCNX,9
DSG2,3
ZNF490,2
AC079613.1,1
SIMC1,4
VAPA,2
USP44,1
MAGEC3,1
MAGEC2,1
MAGI3,1
SYCP1,1
DNAJC17,1
RMDN3,1
PKD1,4
ABCA3,2
FRS2,5
KIAA1033,1
PRR14L,2
PISD,2
SMG9,1
LYPD5,2
ELF3,7
TTLL12,5
ATP2A2,3
TMPRSS11CP,2
GNRHR,2
MYCL,9
TRIT1,6
RNF165,14
LMCD1-AS1,3
GRM7-AS1,1
ZC3H7B,6
L3MBTL2,5
NDUFS5,1
AKIRIN1,2
HEYL,4
DTNA,3
IGFL1P1,4
DKFZP434J0226,4
RFX4,11
RIC8B,12
PPIE,6
RRAGC,2
TRIM16L,1
RHBDL2,2
FASTKD3,1
LINC01019,1
COQ2,1
LINC00616,1
SYT11,1
HOXB6,1
CISD3,1
ARFGEF2,8
HILS1,4
TMEM135,7
GRM5-AS1,2
PDZK1IP1,1
PCGF2,6
HOXB-AS3,1
TMEM74,1
KRT222,1
SGCA,2
XPOT,1
MOB3B,2
TEK,2
DDR1,2
NUP160,4
PROM2,2
FER1L6-AS2,2
ZMIZ2,4
UBA1,12
SCGB2A2,2
DENND1C,1
CRB3,1
CACNA1H,2
FAM84B,8
GOLM1,3
AP000857.3,1
NR2F2,3
NME2,7
WDR12,2
HIC1,1
MAPK14,1
C7ORF55-LUC7L2,3
UBN2,1
LUC7L2,4
DPH1,2
OVCA2,1
CTBP1-AS2,14
FAM69B,2
AC023669.1,1
ERCC8,1
ELOVL7,4
SYNPO,13
LRRC8A,3
ITGB8,2
CTDSP2,10
EPHA1-AS1,2
GTF2H3,1
MFN2,4
RFXAP,1
ITGAX,1
CSNK1G1,4
DAPK2,6
EIF2AK2,4
CEBPZ,1
FAM134C,1
EVI5,5
GFI1,4
KHNYN,1
DDX27,5
EIF6,4
RCOR1,1
PPM1E,4
ZBTB7B,2
CARS,4
OSBPL5,5
AHRR,9
EXOC3,7
DUSP1,1
APOL1,4
LINC01138,2
TBL1X,2
WWC3,2
ERC1,11
WDR4,1
FRMD3,1
PLA2G7,1
PEA15,4
GREM1,3
PLD3,10
ZDHHC8,1
ARL6IP4,8
SHROOM3,4
CDC42BPB,6
DPYSL4,2
EMX2OS,1
AHCYL1,5
GHITM,1
KLF13,4
ARHGEF2,4
RBCK1,2
C21ORF58,2
TGM1,5
ANKRD20A11P,1
CYP4F35P,1
C5ORF45,23
NUMBL,2
SERTAD1,2
PRX,2
ZNF330,1
RNF125,2
RPRD1A,2
PCDHA10,18
YES1,19
AFG3L1P,5
GAS8,3
SPATS2,5
DDX51,4
ZNF10,1
ZNF268,2
CTDSP1,2
DNM3OS,1
UBE2D2,13
TICAM1,4
PLIN3,10
DNAJC6,9
LEPR,4
LARP4,2
DIP2B,6
CUEDC1,9
MRPS23,8
PLCD3,8
SLC19A1,5
AXL,12
SNRNP200,5
NDUFAF2,2
CCDC77,1
ATG7,4
SLC6A11,1
AATF,3
TMX3,1
ZNF521,1
PARP12,1
DENND2A,1
PBX3,2
CASR,1
GLE1,5
CD3G,2
UBR3,3
PTPRJ,5
FBXW4,1
BTAF1,2
MARCH5,2
KDELR1,1
SUGT1P3,1
KAT6A,2
CEP89,2
SLC7A9,2
LUC7L3,2
CRHR1,1
NUDC,5
SYT17,2
MFHAS1,1
TFPI2,3
TACC3,4
ADGRF1,1
SNRNP40,1
CCDC12,5
FABP4,2
PRR35,1
UGT1A6,4
MROH2A,3
CTSH,1
FBXO11,4
TMPRSS7,3
C3ORF52,3
ASAP1,11
FAM19A5,1
PPP1R8,2
FMNL2,3
UPP2,1
HPN,2
ASIC2,4
ARHGAP5,4
AKAP6,5
PKD1L1,2
CPE,1
TLR3,1
RAB8B,1
TMEM127,5
HCFC1,3
C19ORF12,1
SIK3,4
PCSK7,7
CAMK1D,2
GPR63,1
TNR,3
MEGF8,7
TTLL7,2
C19ORF53,1
ZNF431,2
POMK,4
HGSNAT,5
CLPX,2
PARP16,2
TBRG4,3
GTF3C1,3
DCTPP1,3
VPS37A,2
SRM,3
ERRFI1,3
VWC2,2
SPTBN5,6
AC144450.2,6
ZNF789,1
C1QL1,1
LINC01503,1
ADAR,5
INADL,2
THOC2,1
PRPF40A,1
CORO1B,1
SESN2,1
DCAF5,3
PAX9,3
PTPRCAP,1
TCL6,1
UIMC1,3
RPL37,2
RPS25,2
FOXR1,6
STK17B,1
HECW2,1
SORL1,1
ARID5B,1
LRRC20,1
UGGT2,1
GRIK4,1
CDC5L,1
SPATS1,1
OSGEPL1,2
ORMDL1,2
DEDD,2
UFC1,2
EPN1,1
AP001596.6,2
CYYR1-AS1,1
IER2,2
LLFOS-48D6.2,11
EFTUD2,8
HNRNPA0,5
SLC7A7,1
CHD7,6
ENO2,2
CCDC81,2
CACNA1C,3
SPSB2,2
TRMT61B,1
POU5F1B,4
THSD7B,2
AC022182.1,6
C3AR1,1
CLVS1,6
YTHDF3,3
SENP2,2
MAP3K13,4
EED,4
SCD5,3
GAK,1
SRGAP1,4
TMEM5,3
SAMM50,1
BPIFB4,1
METTL24,2
WASF1,1
PRH1-PRR4,8
TAS2R10,5
PRR4,8
TNK1,1
TMEM256,1
RCCD1,1
AC009950.2,11
SP140,11
CLASP2,1
FBXL2,3
TMEM256-PLSCR3,2
RNF214,2
PAFAH1B2,5
LINC01230,1
DMRT2,1
CPSF3,2
EXOC5,1
BRD7,1
ATF6,4
HCG27,1
LINC00574,1
SERBP1,2
IL12RB2,1
KHDRBS1,2
ZNF274,2
JPH1,2
ZSWIM4,1
C8ORF44-SGK3,2
SGK3,2
COPS5,1
ICAM5,1
ANO8,1
RASSF3,3
FRG1BP,1
HSD17B8,1
RING1,1
SPAG4,1
TMEM9B,1
TMEM41B,2
KIF6,2
SIM2,1
RIPPLY3,1
WEE1,2
TFEB,4
NCLN,5
ZNF398,1
C2ORF54,2
TK2,3
CACFD1,2
CD59,4
DIDO1,3
HNRNPL,5
GNG4,3
ADCK4,1
LRCH4,2
MTCL1,4
MCF2L,4
HSPA9,2
PARP14,2
PI4K2A,1
RFWD3,10
TRAPPC3,1
RGAG4,1
DHX15,2
DNAJC10,1
S100A4,4
MRPL28,1
POFUT2,5
STK10,2
TRRAP,2
HP1BP3,7
CHURC1,1
ATF6B,3
ZDHHC20,2
FBXL13,2
TTC21B-AS1,3
AC010127.3,3
PPP2CB,4
MECP2,5
ARHGAP6,1
DIAPH3,4
KIAA1324L,1
CSNK1G2,4
SLC37A1,2
PFKFB1,2
AC006486.10,1
MLKL,2
RRAGA,1
SAXO1,1
SELO,1
TUBGCP6,2
MICALL1,2
EIF3L,3
ATXN10,10
DMTF1,1
AC006486.9,2
AC073343.13,1
USP42,1
ARL14,1
PPM1L,1
MTCH1,1
ARL13B,2
NSUN3,1
HOMER1,2
EXOSC10,6
MINOS1,2
RCC2,4
SLC26A3,1
ARL4D,2
CDC42BPA,3
FPGS,1
LETMD1,1
HES6,1
KIAA1614,1
ZNF207,2
C1ORF21,2
RALY,3
NSUN2,3
VPS26A,4
PA2G4,1
RNPS1,2
GPATCH4,3
YKT6,1
SYAP1,4
YWHAQ,2
SEZ6L2,3
ESR1,5
CCDC170,4
KLHL31,2
DPYD,7
MIR137HG,3
DYNC1LI2,4
EPHX3,1
MAP2K2,6
ZFAS1,3
COG4,1
AC005523.3,1
ITPK1,5
EIF3I,2
IRS1,3
INTU,1
SLC25A31,1
PHC2,4
GOLGA4,2
MLH1,1
GPC4,2
HS6ST2,3
PLIN2,2
TMTC4,1
DENND4A,2
SYCP2,2
CYP4F32P,7
TMED10,4
NEK9,3
CPQ,2
ABCA13,3
DAP,1
ETFB,2
SLCO4A1-AS1,1
LOXL3,2
NRG1,2
MRPL48,4
B3GALT5,2
MUC5B,5
FCRLB,5
DUSP12,5
ADCY5,4
PAK1,2
AAMDC,2
GTDC1,1
ZNF592,12
ALPK3,10
C9ORF173,2
GABRA2,3
CSF1,3
TCF21,1
TBPL1,1
PITX1,1
CCL2,1
SVEP1,1
LAMC1,6
TMEM176A,1
NPY,2
POLR1B,1
CLN8,5
MAT2B,2
HMMR,3
BDH1,1
AC024560.2,1
SORBS2,2
C11ORF98,2
LBHD1,1
NUP205,6
C7ORF73,6
UQCRC2,3
LCMT1,1
GGT6,1
MYBBP1A,1
TMCO3,8
NCBP3,4
LINC01315,2
TCF20,4
LMNTD2,2
XRCC1,3
SH3GL2,2
ZNF418,2
SHFM1,5
SLC26A6,13
AC073342.12,6
KEL,8
TP73,2
CDKAL1,9
GK5,4
QTRT1,2
LSS,6
PIK3C2A,3
MAP4K5,3
AKIRIN2,1
CYFIP2,3
SGMS2,1
CYP2U1,1
ZFYVE21,2
PPFIBP2,2
BEAN1-AS1,1
BLACE,1
PGBD2,1
CLDN2,2
CD164,2
FOPNL,2
TBC1D20,1
CHST3,4
DNAJA2,1
ATM,4
INCENP,3
LAMB1,6
LARS,3
CNNM2,1
ANKS1B,3
MAP3K4,1
C6ORF118,1
MED29,3
FREM2,1
TK1,4
FXYD3,2
PRDM15,3
CRYZL1,1
TMPRSS15,4
HERC1,6
CTSC,1
TIMELESS,2
TBC1D30,2
OLA1,2
DBI,4
SPAG16,3
DYTN,1
BAZ2B,2
MYT1L,2
LDAH,3
LINC01122,2
AC010884.1,1
MIER1,2
IL23R,1
METAP1D,1
FARSB,1
RBM44,1
PEX19,4
DEPTOR,5
TAOK1,7
TRPS1,4
ENPP2,2
CENPO,1
RAB10,2
TOP1MT,2
TIMM23,1
NOV,2
TMEM71,2
SLC13A2,3
BPIFB1,1
FSBP,2
RAD54B,3
ZMYM4,3
HOXB8,1
NBEAL2,2
FMOD,1
CYP2B7P,2
ARSG,4
CBX1,5
SEC16A,3
SLC30A1,1
CPSF1,3
PACS2,3
XIST,4
PLEKHA6,6
SLC25A5-AS1,1
RGS13,1
TOMM40,5
ABLIM3,1
POU4F3,2
NUP188,2
AL109767.1,1
SUPT3H,1
ADGRB3,1
FLJ22447,6
C22ORF39,5
UFD1L,2
EXOSC4,5
HIRA,5
STK3,6
NIPAL2,1
DNAJB12,2
UTRN,6
STX11,1
NSMF,1
EXD3,6
EFCAB2,3
ZNF277,3
MTCYBP24,1
GMFB,4
CNIH1,4
ZNF506,1
PPIB,9
PPIF,4
PFKP,13
PITRM1-AS1,13
C1ORF43,4
SCAMP3,1
VPS72,1
SHANK2-AS2,1
FSTL5,1
AP002884.2,1
BCO2,2
LINC01317,1
LTBP1,4
LYSMD1,1
PARD6G-AS1,3
AC139100.3,2
EFNA3,1
SLC39A6,4
SDC3,6
LUM,1
CPM,1
KIF5A,1
IPO5,2
IRS2,2
KRT76,1
GLI1,1
DCTN2,5
CSRP1,6
B4GALNT1,1
SLC26A10,2
TUBGCP3,2
SPRY2,1
ALPL,1
PIP4K2C,1
PITPNM3,2
DTX3,1
WI2-85898F10.2,7
BRAT1,1
UBE3B,1
PVRL2,3
CCAR1,2
MZF1,1
IFITM9P,1
CDC27,1
PTGES3,4
JAKMIP3,5
DUS2,1
NIPBL,5
WDR70,3
FAM214A,4
TRIM59,1
SLC38A1,3
DEAF1,7
SCT,5
REV1,2
IGHD,5
SMC5-AS1,1
UAP1L1,1
MAN1B1,1
ANKRD13D,1
ADRBK1,10
BCOR,2
CHD8,4
RPLP2,7
RTN3,3
PCAT4,1
SDHAF3,1
MUC15,1
SORD,1
C15ORF43,1
RBM19,2
PHF24,1
RNF185,2
SMTN,4
PLOD2,3
IPO11,3
KIAA0825,1
CELSR2,4
ANKIB1,2
DTX2P1-UPK3BP1-PMS2P11,2
POLR3G,1
RET,1
KLB,1
AFP,2
SLC23A2,8
LRAT,5
RBM46,5
LOXL4,4
MGLL,2
DAD1,4
HPCAL1,8
SERPINA3,2
CLDN10,2
KAT5,1
RASIP1,1
ATP6V1C1,8
LINC01181,6
SNX17,2
GTF3C3,3
CDC42SE2,5
RIMKLB,2
CLEC6A,6
WWC1,2
TFAP4,1
INIP,2
KCNU1,2
TAS2R14,5
PRH2,2
BHMT2,2
ABCD4,1
ZFYVE1,1
WDR36,2
NREP-AS1,1
PROM1,2
MMP28,1
RFT1,1
AY269186.1,2
CWC22,2
TXNDC11,4
LITAF,2
DRD4,1
TCP11L1,3
JPH2,1
LLNLR-245B6.1,2
DPRX,1
RPA1,2
PVR,3
ARHGEF10L,2
PADI6,1
COX4I2,1
RTP1,2
RIF1,2
ZNF606,1
CHEK2,4
TTC28,7
GPC3,3
LPXN,2
TMEM19,1
RAB21,1
BRSK2,1
TSPAN4,5
C11ORF49,3
CKAP5,1
DBR1,4
LINC00605,1
REEP5,4
NT5C3B,2
PRRG2,1
CCDC155,1
ARHGAP29,3
CIC,3
IQSEC1,3
SEMA5B,1
SLC9A9,1
KDM3A,3
PARD3,5
AP000230.1,1
RFX3,2
GLIS3,2
FBXO34,4
RALGAPA1,1
STAT2,6
PAN2,4
VTCN1,1
TRIM45,1
LINC-ROR,2
COX7A1,1
RAB11B-AS1,4
KANK3,4
ARMC7,3
TFB2M,1
SCCPDH,4
GDA,2
KCNK4,2
BRF1,2
NID2,1
ADAP2,7
CFAP221,3
DNAJB11,2
MCUR1,4
PLXNB1,2
PTPRU,1
RNASET2,7
ZNF34,2
ADHFE1,1
SLC12A3,1
SLC34A2,5
SNX12,1
SOCS5P4,1
ATAD3B,2
DHX57,1
ZNF787,2
SOX2-OT,4
TULP4,4
IDI2-AS1,1
DLG1,5
FAM155A,1
GNL3L,1
HIF1AN,5
HMX3,1
LINC01483,3
LINC01497,3
MEX3C,1
MRO,1
SLC15A1,1
ST7,10
NPIPB5,1
CLDN16,3
CLDN1,3
MID1,2
CTPS2,1
PELP1,19
PIK3AP1,1
LYSMD4,1
IMPDH2,2
HIAT1,6
ZBTB11-AS1,1
NR2F6,2
VPS13B,6
MYO16,3
SLC38A10,6
ENTHD2,1
C1QTNF4,1
TIAL1,1
MCMBP,1
RSRC1,4
PDAP1,4
ATP5J2-PTCD1,1
CCDC9,1
DHX34,3
MTOR,4
PHACTR2,2
SLC22A23,1
DMXL1,4
MOGAT2,1
C12ORF49,2
ATP10A,2
TYRO3,1
RTF1,2
USP3,2
NTSR1,1
TAF1C,3
KCNG4,1
ZNF503-AS1,1
MUC16,2
ANKRD13A,2
TCHP,3
P2RX1,1
RBPMS2,1
LINC00686,1
CHD2,3
NUP85,2
FANCM,3
RPL13,2
PRDX3,4
DPYSL3,8
TMEM182,2
IL18R1,1
STXBP4,3
TOM1L1,1
STRN,1
SULT1C2,1
AC058791.1,1
COPG2,2
DIO2,3
BTNL8,1
SERINC4,1
MFAP1,1
C16ORF58,4
WBSCR17,1
RRP8,1
WNT2B,3
ZUFSP,1
KHDC1P1,1
C7ORF60,4
TMEM168,1
CACNB4,1
ST6GALNAC3,1
PEPD,2
LRP12,1
GRB10,4
BP-21201H5.1,1
NUDCD1,1
SYBU,1
SLC7A11,5
SDF2,1
LATS1,2
OXLD1,8
SEPT7-AS1,5
HERPUD2,5
SYNE2,5
FADS2P1,1
HADHB,1
RNF121,4
P2RY2,1
UBAP2,2
TOM1,2
PITPNB,3
SAMD4A,3
ZBTB24,2
KCTD1,1
IPO4,2
CCDC127,3
KANK1,3
NPAS3,1
MTCH2,2
PDK2,3
RALGAPA2,2
RIOK3,2
AQP4-AS1,1
AEBP2,3
DCLK1,1
MYO9A,5
SP2-AS1,2
SP6,2
NEGR1,2
PTGER3,4
ADA,1
SERINC3,5
APITD1-CORT,2
CD3D,2
MPZL2,2
KCTD21-AS1,2
USP35,2
ANKLE1,2
TCF7,5
TTC16,2
TJAP1,2
ZMAT5,1
ADNP,2
TSNARE1,2
TTC3,3
CHST12,3
KRT78,1
TMEM241,2
FANCD2,4
ZYG11A,1
SCP2,3
FAM168A,6
RAB6A,2
HEXA,3
HELZ,2
HECW1,2
PPP1R12B,5
GRIP1,1
RMDN2,2
EFCAB8,1
LGR6,2
BRAF,1
CRYBB2,2
MIPEP,1
FAM65B,2
UMODL1-AS1,1
PRSS42,1
PRSS50,2
SEMA3C,2
XRRA1,3
MIR194-2HG,3
EHD1,4
DMD,4
FNBP4,3
COX19,2
RTEL1-TNFRSF6B,1
TNFRSF6B,1
ZSWIM8,2
TMEM230,1
TBC1D9B,2
TSPAN2,1
NGF,1
ARIH2,9
P4HTM,7
PEG3,2
RAB4B,2
RAB4B-EGLN2,2
ZIM2,1
PIK3R3,3
COL24A1,3
TROVE2,4
STRN4,3
TBCA,2
ZNF573,1
FARSA,2
RPL13A,4
RAD54L,1
TCEANC2,1
ISLR,3
CUL7,3
MED24,6
PDGFRA,5
CLTA,3
CRLF1,3
EPDR1,4
TMEM109,4
RIN1,1
MIPOL1,9
SOAT1,4
AXDND1,3
CASP4,2
RPL4,3
TWSG1,1
PIK3C3,3
PPP4R3A,2
HEATR3,1
PKHD1L1,4
HSDL2,4
UBE2B,2
SFTA3,1
HDAC2,2
ZNF649,1
ELOVL6,1
RAP2A,1
PCDH9-AS1,1
FBXL3,1
TRPC4,1
DYRK1A,2
PPIEL,2
INPP5B,3
PABPC4,7
TMCC1,2
CYLD,2
VPS8,3
XRCC6,3
PTPN1,2
EBLN3,4
ZCCHC7,8
DCAF4,1
TIAF1,1
NANOS2,1
RUNDC1,4
KCNQ3,3
PIAS4,2
UNC5C,2
ARHGAP17,3
CCDC88C,3
DYRK4,1
SGK2,1
IFT52,1
ASB16,2
USP10,6
ZDHHC7,2
TIA1,1
DIRC2,1
VWA2,1
HJURP,2
RC3H2,2
ABCB9,3
C2ORF42,3
ENKD1,1
TMPRSS2,2
ADCK3,1
INPP4A,3
ZNF577,1
FAM172A,1
C5ORF47,1
PSMG1,1
RANBP17,3
DOCK2,3
CNOT6,4
JMY,1
DMGDH,1
MAST4,1
ZNF57,1
PLPPR2,2
KLK2,1
ANO10,4
ADGRV1,4
RASA1,1
C5ORF30,1
PARD3B,3
NREP,1
ZNF410,1
AC025918.2,1
ACPP,1
MARCKSL1,4
ACLY,8
COLCA1,2
ELOVL2-AS1,1
HSPA8,8
SEPN1,7
F13A1,1
C19ORF48,3
GFPT1,5
KIF2C,1
RPS8,3
KLC2,1
RELL2,1
THAP7,1
NIPSNAP1,2
SNX27,2
AP2B1,5
LLNLF-65H9.1,2
AC022153.1,2
SEMA3B,1
S100B,3
PRPF19,1
PLOD3,5
CHPF,4
CST3,3
OLFML2A,2
SDF4,7
MICA,1
RILPL2,3
BATF2,1
PNMA5,1
ASRGL1,2
ILF2,2
CD99L2,5
C1ORF127,1
LSP1,2
MAN2A1,2
GRK6,4
RPL35A,2
STT3A,2
IGLV2-23,1
KLF2,1
TMEM214,1
IFNAR2,2
HMCES,2
PTP4A3,1
SRSF1,1
SLC7A1,4
TMCO1,3
UBAP2L,8
RPL30,5
RNF157,1
RPS3,7
ZBTB40,3
AC005943.2,3
MBD3,3
PPP1CA,2
SNX9,4
HERPUD1,2
MR1,1
RHOC,1
BAZ1B,6
FAM46C,1
ASNS,3
MGAT2,2
ARFGAP2,2
NFYA,1
NME1,4
PSMB5,2
SIN3B,2
TRIM65,3
SMARCC2,4
INTS12,1
MGAT1,4
NAB2,2
RPL23,7
CHL1,1
KCNJ15,3
TIPRL,1
DCAF6,1
TADA1,1
CDK5RAP1,3
CLPTM1,8
AP1G2,1
FARP1,3
RALGAPB,8
TSC22D2,2
ZNF587,6
LINC00493,5
DHX40,2
TMEM105,2
WSB1,5
HDAC5,2
EME1,1
KCNJ2,1
CFTR,2
ARHGAP27,3
FGL1,2
SPHK1,2
CACTIN,1
ZFR2,2
ADAMTS9,2
ASPSCR1,5
ACBD4,1
LRRN2,1
HAAO,1
SLC25A26,1
BAP1,2
MKRN2OS,2
POTEKP,2
LINC01087,2
EMC10,2
SMAD5,1
RBBP8NL,3
CABLES2,4
SIRT7,2
SYVN1,2
BCAP31,5
CTNNBIP1,2
PLEKHG3,1
TMEM9,2
SRSF6,2
DDAH2,1
UTP20,1
PKIG,2
FAM118B,1
KIRREL3-AS1,1
AC024084.1,10
AC009784.3,10
SPATS2L,1
AC004221.2,1
NPC2,1
RCAN3,1
SRRM1,2
ATR,3
GRAMD1C,1
SCNN1G,1
CASP9,1
AC084809.3,2
LOX,6
ANGPTL2,2
CYB561,1
GNA12,4
F8,1
CLIC2,2
MAN2B2,2
KIAA1191,2
EIF4EBP1,3
ERGIC2,1
CHRNA6,2
ICE1,1
MARCH11,2
HEXDC,2
BID,2
XXBAC-B461K10.4,2
LPCAT1,2
SKP2,2
THSD4,6
LRRC49,3
CEP72,2
ZDHHC11B,1
GPR132,1
LINC01484,1
BOD1,3
OSMR-AS1,1
C9,1
TMEM87B,1
MERTK,1
PUS7,4
SRPK2,3
AC016629.3,4
APPL1,2
SGPL1,1
COPS2,4
SECISBP2L,1
EHHADH,3
C8ORF31,1
CDYL2,3
ZNF19,1
SLC26A8,2
TUSC3,2
POLB,6
BCAS2P1,1
PCF11,2
ARHGEF10,6
KLK3,2
GLMP,3
PRTN3,3
APOC4-APOC2,3
PDCD6IPP1,3
PYGL,1
PRSS57,5
EXOC4,4
DNMT3B,1
ELAC2,3
TUG1,1
TJP1,1
PYGO2,1
ATP13A2,2
SHC1,3
TTC17,3
EXOSC2,1
TSPO,2
USP1,1
GUSB,2
CDC6,17
ANKRD26P1,1
SRP54,2
CCDC175,2
CDX2,3
PDX1-AS1,1
ANXA7,2
GNLY,1
PMM2,2
BTRC,2
LBX1-AS1,1
RBM33,2
ETFA,2
GPSM2,3
P3H4,6
CPSF7,2
ASPHD2,1
SRRD,1
HSPBP1,3
MGAT5B,3
RBBP7,2
DDX3X,2
EIF1B,1
TSPAN15,4
TAF3,3
TBC1D17,2
GLS,5
GNS,6
TRAK1,3
CADM1,2
HSPH1,2
IL17RA,2
MRPS34,1
NOA1,1
NT5C2,2
CPSF3L,1
PDE1C,2
POLR2G,1
MRPS2,3
RAN,3
SNTA1,1
PDLIM1,2
KARS,1
TRAPPC2L,1
NLRP1,4
WBP5,1
DISC1FP1,2
KIF13A,2
THBS2,7
RUSC1-AS1,1
DHH,3
RHEBL1,3
RANBP6,4
KIAA2026,4
C20ORF194,2
GABPB1-AS1,6
TBC1D22B,1
ISM1,1
BLVRB,6
SERTAD3,3
PRICKLE2,6
ZNF177,1
CCDC105,1
ZNF559-ZNF177,2
GATAD1,2
GDPD1,1
AC022182.3,1
LINC01602,1
FAM110B,2
SEC24B-AS1,4
WDR13,4
VN1R110P,4
TFE3,3
AP003419.11,1
FAM53B,1
GVINP1,1
MRPL17,1
AC011558.5,1
PSMB9,1
REL,1
OVCH1-AS1,1
GNA11,3
PPP3CC,3
DAZL,3
FN3KRP,2
ARHGEF12,2
TSPAN11,1
KDM4D,1
KIAA0391,3
CAMKK2,1
P2RX4,2
EVX1,2
ZSCAN5B,1
C17ORF77,1
STRN3,5
IQSEC3,1
CCT6P1,1
VKORC1L1,1
EXOSC3,2
CA5BP1,1
GS1-594A7.3,1
LINC00315,1
ABHD17AP3,1
ANKUB1,1
SEMA3A,2
WBSCR22,1
OSBPL9,3
IGF2BP2,5
LIPH,1
IKBKB,8
ST3GAL6,1
POM121,1
RUNX1T1,1
FAM189A1,1
TM7SF3,3
C20ORF24,1
CLK3,1
TARS,2
EEF1G,2
GART,2
KAT2A,1
MED17,1
SBF1,3
ANAPC5,1
STYX,1
WDR27,2
SUGP2,4
HNF1A-AS1,1
POP5,1
ATF1,2
LINC00592,3
LANCL1-AS1,1
SRGAP3,2
IFIH1,4
MED16,4
CRTC3-AS1,1
TAOK3,2
ANKRD46,1
SNX31,1
FAM134A,2
MFSD6,2
UBE2H,4
ACOX1,1
CENPF,4
DRAM1,1
RPS23,2
SHANK3,3
MCM3AP,3
PTGIS,2
PTPDC1,1
RRM1,3
MLF2,1
TGOLN2,4
CREM,1
SCARF2,1
ZNF74,1
EML6,3
FAM195B,1
LINC01440,1
AL163953.3,2
PTGER2,1
FAM135B,1
CH17-373J23.1,6
GTF2IP9,5
LINC00174,5
ARL16,10
BRPF1,1
CPNE9,1
GTPBP6,1
STS,1
IFIT3,1
LIPJ,1
DHX36,2
KCNAB1,1
NBEAL1,1
SCPEP1,2
EVPL,2
SRP68,2
TBCB,3
WDR62,5
GAN,1
BCO1,1
ZNF407,2
IGHMBP2,2
SPTBN2,3
CRYGN,1
WDR86,1
PIGU,4
FOXK1,2
DNAJC15,1
C10ORF95,1
CUEDC2,1
ABHD18,1
LARP1B,2
AMZ2,1
THRB-AS1,2
AC133680.1,2
EML1,2
YY1,4
PPP1R1C,2
SSFA2,4
CASKIN1,2
GNL1,3
GOLGA3,5
IPO7,6
ZNF143,2
AK4,1
ARHGAP1,2
PTPRK,6
LNPEP,1
FAM171A2,5
MYL4,2
GABRA4,1
CFAP70,4
CAPRIN2,2
UBE2E1,4
RPL15,1
KCTD16,1
BDNF,1
MAPKAP1,1
PLCL2,2
CPVL,1
JAZF1,1
AIF1L,1
PLPPR3,3
MIA,3
MIA-RAB4B,3
FAM49B,10
MRPL51,2
ADAMTS6,3
TP53BP2,1
ARF3,2
PPIL2,1
CCK,1
ABHD12,4
MROH9,1
PATZ1,1
KDM6A,3
STPG1,1
USP12,1
POLR1D,1
THYN1,1
SPATA19,1
CCDC92,1
LAMP2,2
ZDHHC15,2
LINC00850,1
MAGEA8,1
ADAM17,1
PSMA7,5
FAM20C,6
SNED1,3
FHL3,1
POGZ,2
ZFPM2,1
PI4KB,5
UQCC1,5
GZMA,1
AMBRA1,4
C11ORF54,1
LINC01502,1
SLAIN2,1
TMEM255B,3
TMEM156,2
AUTS2,7
AP000438.2,1
ATP5J2,1
SNX1,1
IRF2,1
LINC01060,1
SLC9B1,3
CLCN3,1
EMILIN2,2
RAB3GAP2,1
CERK,2
SMARCA2,3
APLP1,3
PDZD8,1
CISD2,1
FLG,2
DESI1,1
SKIL,3
C17ORF98,3
MLANA,2
RGS1,1
PTTG1IP,8
E2F3,5
IGHA1,2
ABI1,1
IRAK3,1
DERL3,1
TMC8,3
PARP1,3
CASC5,3
GMPPB,3
CST7,1
GARS,4
WNT10B,1
MOCS2,1
KIAA0355,7
KIF1B,5
UBE4B,6
ZNF706,3
AC004893.11,1
TTK,1
SH3BGRL2,2
BOLA3,3
CCDC142,1
MRPL53,1
MDN1,1
LYRM2,1
CH507-9B2.3,1
DCAF10,5
ZNF587B,6
PTGR1,5
RNASE10,2
SLC1A2,4
PLPP4,1
DYNLRB2,1
WDR11,1
APIP,2
TRIP6,10
SRRT,11
ATP5A1,2
DYNLL1,2
PLCB3,1
THOP1,7
ZNF554,6
ZNF415,1
KIAA1429,2
CCL15,1
RDH13,2
TSEN34,6
CYP39A1,2
LRCH3,7
HNRNPUL2,2
RAB37,1
MDH1,3
LINC01278,4
PKD2,1
ATP2B3,1
GLIS2-AS1,3
KPNA1,1
EEFSEC,1
ZNF646,1
CTF1,1
ABCA4,2
NME7,1
FUBP3,3
DEGS2,1
FOSL2,3
HIST1H2BF,1
PCOLCE-AS1,1
RNGTT,2
CFAP43,1
AIFM1,3
AIP,2
ATP1B3,1
ZFPL1,1
C19ORF66,1
ERO1A,3
NAB1,1
POFUT1,3
PLEKHH3,2
RELT,1
CALML5,1
ZBTB4,3
TCIRG1,6
TMEM150A,1
RGL2,2
CECR5,2
MIAT,5
SULT4A1,1
KB-226F1.2,7
DDT,9
GTPBP1,2
CPNE2,3
ACR,1
COL8A1,7
CD276,2
PGK1,5
REC8,1
COL23A1,2
ZNF667-AS1,2
ZNF471,2
GACAT2,1
TOMM20P3,1
MAGED1,3
NAV1,8
ARHGAP24,5
NFKBIZ,3
SSC5D,2
ALDH16A1,1
MED25,4
HIST1H1C,1
ALDH5A1,3
CARM1,9
LA16C-321D4.2,1
ZSCAN10,1
RAPGEF1,3
TCF4,1
TXNL1,1
C9ORF24,7
KIAA1161,7
COX18,10
METTL17,10
SCIMP,4
ZNF594,4
CNFN,1
LIPE-AS1,1
FAM171B,3
CCDC149,2
CROCCP5,4
NBPF3,5
DHRSX,1
TCEANC,1
EDEM3,1
FAM129A,8
CYBA,2
GLTSCR1,1
KCNK9,3
MTHFD2,1
NFIL3,1
AUH,1
PATL1,2
RSL1D1,6
SAT1,1
WDR7,1
IGLV4-60,3
TMEM117,4
FARS2,3
ENTPD2,2
SSBP2,2
CCL3L3,1
NUSAP1,2
OIP5-AS1,4
EMC1,2
NAA10,1
ARHGAP4,4
FARP2,4
EPB41L1,3
BRWD3,3
HMGN5,2
SHTN1,1
POLE4,2
HK2,2
TULP3,3
FKBP4,1
TBX10,1
AGBL4,5
ATP6V0A4,1
TMEM213,1
ST7-AS1,1
LINC01510,3
PGC,1
LINC01376,1
SVOPL,1
ST7-OT4,2
SCARB2,1
ZNF320,1
PNCK,2
JKAMP,2
TRAV35,1
ZZEF1,3
HORMAD2-AS1,2
SLC38A2,5
KCNV1,3
AKR7A3,1
ABCF1,5
GPANK1,2
HNRNPC,4
MAN1C1,1
TTC14,1
PPIP5K2,1
RUNX2,1
KCNMB2-AS1,1
SEMA6B,3
VDR,3
CACNA2D4,1
CCT2,3
MYRFL,1
RAB3IP,2
CNOT2,3
LRTM2,2
RPAP3,1
AC025263.3,1
BEST3,1
ENDOU,2
C12ORF54,2
SLC35E3,1
LINC00935,1
OR7H1P,5
SLC6A7,1
CCNT1,1
MANBA,2
DHRS7,2
EIF2S1,1
ZNF776,1
NLRP4,1
LINC01481,2
GFRA1,6
INHBA,4
TRA2A,3
IGF2BP3,1
MDM2,3
TTLL5,2
DES,2
ERI3,3
CNTLN,2
ADAMTSL1,2
BNC1,1
ACYP2,3
CD37,2
NRXN1,2
PIGO,1
IFT88,1
R3HDML,2
TOX,1
MXD1,1
EHBP1,4
AC092155.4,1
RGL1,3
MNAT1,4
SLC38A6,3
CORO2A,2
HGH1,1
MVP,4
PRELP,1
SH3BGRL3,4
SERTAD2,2
PRG4,2
ZNF7,3
C8ORF33,2
RPS24,2
CAMK2G,2
OSBPL6,1
AC005037.3,1
OSBPL7,1
CUL3,1
STAP2,1
PRAP1,1
SNRPA1,2
ADAMTS7,1
CALCOCO2,3
SPCS1,3
TEX35,2
TXN,2
AC005498.4,1
ZNF582,1
AC006116.21,1
NOTCH1,4
BCL7A,3
STIP1,7
ACAP1,1
ILF3-AS1,1
ANKRD52,6
ZNF444,2
CACNB1,3
ARL5C,3
DNA2,1
FEM1A,1
KIAA1109,3
PPT2,1
AFF4,3
PPT2-EGFL8,3
TPGS2,4
PSMA1,1
UCHL3,4
PARPBP,1
WIPI2,2
TRAPPC6B,2
LRP8,4
APOBEC3B-AS1,1
SOX10,7
CCDC39,1
DGCR2,3
EP400NL,2
PUF60,2
KATNA1,1
NSA2,1
SNX5,4
F2R,3
PIK3CD,3
TMEM161A,1
RAB5A,1
PSMD1,4
HIVEP1,1
SCO1,2
BTBD1,1
SOGA1,3
TSC22D1,6
DCAF8,5
IQCE,4
TRIB3,2
CYP1B1,1
AADAC,2
SUCNR1,2
ZFAND3,4
CFB,1
ZNRF2P1,2
DPY19L1P2,2
GTF3C2,2
FKBP1A,1
BORA,1
POPDC3,1
SDCBP2-AS1,2
RRNAD1,1
CTSS,2
RSBN1,3
PHTF1,2
LMO7,5
SCEL,1
WDTC1,3
CSF3,1
GLT8D1,1
GTPBP2,3
ABCA7,1
POLDIP3,1
DDX42,5
CAMSAP3,1
ISOC1,1
RGS11,1
HOXB3,1
IBTK,1
WDR26,1
PAK4,5
PDCD4,2
AMIGO3,1
TAB3,1
RPS9,3
PLXDC1,2
ZNF362,3
CEP131,1
FBXO3,2
UPK2,1
CDC25B,2
GALNT11,2
JRKL-AS1,3
CCDC82,3
SYNE4,1
C19ORF70,1
GZMM,3
CLEC4D,5
ZRANB2,2
WDR78,1
ZNF565,1
GS1-293C5.1,1
ZNF585B,1
MID1IP1,2
UGGT1,5
SLC43A2,3
DMXL2,1
CYP19A1,2
SERPINF1,3
PEX5L,1
SPAG7,1
EIF2AK1,3
PMS2,2
NLGN1,2
PEX5L-AS1,1
RBMXL1,2
GABRP,4
SH3GL3,1
ZFYVE27,2
YTHDF2,2
TAF12,2
ESYT2,4
NCAPG2,5
ARX,1
CLCN3P1,5
FREM1,5
HEXIM2,1
NMT1,3
LINC00662,4
ERVK-28,4
RBM10,1
ADAM18,3
ZFP64,4
AC099850.1,2
TXLNG,2
CA4,2
FCHO1,2
HACD2,3
RAD51C,4
AP4B1-AS1,2
ADAMTS19,2
SLC27A6,2
ZMYND8,6
GPR37L1,2
TAF4,3
ABCA5,2
EMCN,2
DCLRE1B,2
SARNP,3
MMP19,3
ARRB1,4
MAP6,2
PNPLA7,3
KCND3,1
ENO3,1
PRMT2,1
DSCAM-AS1,2
ULBP1,1
HIPK1,2
DENND2C,4
PDE8A,9
POP1,3
RNF126,1
KLHL35,3
OTUD5,4
GRIPAP1,1
RNF41,4
APOF,1
RGS17,2
VAV3,1
PSMD14,1
METTL10,1
FAM175B,1
WDR66,3
XXBAC-B33L19.4,1
ZNF619,1
HIP1,4
SPAG1,2
UPK3B,2
FAM127A,3
GPRC5C,2
SPON1,3
SCIN,1
WDR1,2
ZDHHC16,1
PPP1R2,2
MYNN,1
YDJC,1
FPR2,1
EDC3,2
UBL7,1
ATF7IP,3
IDUA,1
AC073321.4,3
ACTG1P17,3
AC105339.1,3
PLEKHM2,4
NTSR2,1
BPHL,2
AP000462.2,1
CACNA1A,4
DYM,3
PDS5A,1
EPGN,1
SLBP,1
DENND1B,1
TH2LCRR,1
EPX,1
STAM2,1
XPNPEP3,3
CBLB,2
ALCAM,2
KRT16P6,4
SLFN5,1
USP43,3
AHSP,2
GNB1L,2
SEPT5,1
ANKRD34A,1
GREB1L,2
MFAP4,2
TTC23L,1
PNPT1,1
MYRF,2
RPS6KA3,3
IL11,1
PLCL2-AS1,2
CEBPE,1
CHCHD3,2
DXO,2
GM2A,2
PTK2B,1
PAPD4,1
SSH1,4
LANCL2,2
RAVER2,1
SFXN4,1
LINC01258,1
FBXL12,1
E2F5,1
CPNE8,3
CHAF1A,2
LINC00162,1
LINC00163,1
MUC2,6
AACS,2
EPM2AIP1,2
AC024592.9,1
LINC01356,1
HECTD1,6
SDHC,2
NDUFS2,2
ATOH8,2
NEDD4L,1
CTTNBP2,1
CSDE1,6
RPS21,7
PYCRL,2
VPS37B,3
PITPNM2,4
TNPO1,3
NIFK,1
SLC2A6,1
CYTH3,3
STARD7,2
GAREML,2
ST7L,1
DDX6,4
ZNF571-AS1,1
ZNF540,1
C14ORF166,3
SLC25A21,1
RPL31P11,1
CASP7,4
PLEKHS1,1
XX-FW83563B9.5,2
FERMT3,2
MMRN1,3
PHKB,1
MSRB3,3
PPP4R3B,3
SMIM10L1,1
CDHR3,1
DCLK2,1
MXD4,3
MANF,3
RSPO3,2
TRAF5,7
LINC00467,7
ARHGAP11B,1
GOLGA8UP,1
C1ORF101,1
DESI2,1
PES1,4
NEURL1B,1
ARHGEF9,4
CDON,2
CRIP2,3
UNKL,2
MBTPS1,1
MITF,1
SH3GLB1,1
PALD1,1
RAF1,3
RRP1,1
FBXO9,2
LAMTOR5,5
SKI,2
TPP1,1
ZKSCAN5,2
ZNF469,1
UBE2G2,3
ZNF703,2
LINC00317,3
AF241725.6,3
CEP170,2
SDCCAG8,2
VAC14,4
SMR3B,1
PROL1,1
TEFM,3
RPL36,8
CATSPERD,7
DHX8,1
EPHB2,9
HEMK1,1
PITPNM1,1
PLEKHA3,1
TTN-AS1,1
SIRT2,2
EPRS,2
PCNXL2,2
PDSS1,2
RASGRF2-AS1,1
DNASE2,3
SRSF10,4
BNIP3,2
ZNF335,1
C1ORF174,2
TIMM13,1
EML5,2
MED14,1
KIAA0141,1
LINC-PINT,4
CARKD,1
RUSC1,3
STXBP5,2
TSEN15,2
ZMAT2,1
LDB2,1
ZNF559,1
CCDC42,1
RAP1GAP2,1
SMG6,4
MYO15A,1
KRBA2,1
NAA38,3
ARL15,5
FBXO24,3
COX10-AS1,2
ERBB4,3
LL0XNC01-237H1.2,1
AVL9,1
LINC00997,1
RAB2B,1
RPPH1,2
CACNA2D1,2
ABCB1,1
DIAPH2,1
ADGRL2,2
SYCP2L,1
CASC15,3
ZNF806,1
MGST3,2
RAB2A,3
RAP1GDS1,2
C4ORF33,1
UHRF2,4
KDM4C,7
RANBP9,1
ERVFRD-1,1
FAM50A,5
ARRB2,1
EPB41L2,4
CTDNEP1,1
EOGT,2
FBXL18,7
GPR155,2
CIR1,2
ZKSCAN1,3
LINC01252,2
PSME3,2
DOK1,1
NDUFS1,2
C17ORF62,3
GYG1,1
TATDN3,1
NUP58,2
RAC2,4
MICU2,1
RIC8A,1
GZMB,1
SCAF1,6
SNTG2,2
SSR2,5
GPD1,1
TMA7,3
METTL21A,1
TOX4,1
TBK1,5
USMG5,1
CALHM2,1
USP19,2
CD93,1
MRGPRD,1
CELSR1,2
PDZD2,1
TRIM14,1
PFDN6,1
CHRM3-AS2,2
PIGC,2
NFKBIL1,1
PHF1,2
HIVEP3,4
ST6GALNAC5,2
ZNF687,1
TRIB2,1
BUB1B,3
IFT172,1
GPN2,1
NOTCH2,2
NPTX1,2
VANGL1,2
GLRB,1
CTR9,1
RXRB,1
IMPG1,1
AC007563.5,3
FURIN,2
LMOD1,1
ANKH,2
ANXA11,4
WFS1,2
PAMR1,5
FENDRR,1
PM20D1,1
SLC41A1,1
UBE3A,2
PCSK1,1
TRIB1,2
CXORF40A,1
LINC00184,1
AIG1,2
DDX23,2
CCNB1,3
SYPL1,1
LARP6,2
RPL7A,1
STK39,1
MYL12A,1
TMEM54,1
MAPKAPK3,1
ARSD,1
SEC61G,1
LINC01445,1
SLC25A5P3,1
ZNF33A,1
LINC00839,1
VCAM1,1
CADM3,1
PSAT1,1
HMGB1,2
ITGA1,1
MAP1A,2
IL22,1
P3H1,1
ATP6AP2,2
ATRN,3
BRSK1,1
CDH2,4
FAM114A1,2
GSTK1,1
HEXB,1
KCNG1,1
MYO19,2
PLEKHA5,3
STARD13,1
SSR1,1
COL21A1,2
AGPAT1,1
EFEMP2,1
GPSM1,1
HOXA11-AS,1
MFAP2,1
NBR1,3
PAQR4,1
SGCB,4
GUCD1,2
SLC39A13,1
SPPL2A,2
TCEB3,2
WNT5A,2
SMARCD2,2
FTSJ3,3
PIK3R1,2
POLE3,1
TTPA,1
GGH,1
PNP,1
PROCA1,1
TMEM33,2
SNRPD1,2
AC008163.4,1
PHF12,4
NFXL1,1
GABRB1,1
SLC22A1,1
NALCN,2
LINC00393,2
PMM1,1
BMPR1A,1
ITGAE,2
RANBP3,4
RFX2,4
SGTB,2
BACH2,4
AC013733.4,2
NEUROD1,2
EFNA4,1
C11ORF1,1
ZFYVE28,2
REXO1,1
ATP8B3,1
METTL16,1
DKFZP434A062,1
RPS15,1
BFSP2-AS1,1
PRIM1,1
AC018816.3,1
LINC00907,1
MTFR1,1
TFRC,4
FAM178B,3
WDR20,1
CCDC187,1
BTG2,1
CFDP1,3
PXK,1
ST8SIA6,1
ENAM,1
UTP3,1
NR2C2,2
PLXNC1,1
CRADD,1
USP15,4
MON2,3
BMP2K,2
LINC00534,2
DECR1,1
SAMHD1,3
USP48,1
GSDMC,3
YBX2,1
SAMSN1,2
SLC10A5P1,1
IMPA1P,1
HBG2,2
WASF3,2
XPO4,2
XRCC3,1
TLN1,4
PPP1CC,3
HAUS7,1
TREX2,1
PHKA1,1
USP9Y,1
PPIG,2
NAT8L,1
ZBTB20,7
LSAMP,5
UBL4A,1
MIR548XHG,3
ACOT7,7
ZNF350,1
AC002314.4,1
C17ORF104,3
PDE4A,3
UPK1A-AS1,1
SPATA17,1
CHCHD5,1
URB2,1
HMGB1P26,1
IQCB1,1
DNASE1,1
HRH4,1
CCDC69,3
ANXA6,1
HSD17B1,2
COASY,3
DNAJC9,2
CSK,2
LMAN1L,1
MTRF1L,3
FBXO5,3
NADK2,1
CD40,1
DHX37,1
RAB8A,1
ERN1,1
RARS2,1
MAP3K7,2
LINC00472,1
MARCH10,2
PTPN13,2
CORO1C,6
ICAM2,1
LRRC6,2
C4ORF22,2
BMP3,2
ARID4B,4
BCL6,1
BCKDHB,1
CENPBD1P1,1
CYB561A3,1
ERGIC1,4
KATNB1,2
CNDP2,2
MOB3A,3
MTMR9,2
KCNMB4,1
FAM35A,1
RRM2,6
TBC1D14,2
PLPP2,1
WDYHV1,1
TMX2,5
RNF11,1
AC019178.2,1
RPL32,1
AC006445.6,1
FCHO2,2
TMEM174,1
HIST1H2AL,1
HIST3H2A,1
TOPAZ1,1
G6PC3,2
AC114755.4,1
RPL27A,3
AP000439.1,2
MYL6B,1
MYL6P2,1
ACTG1P10,1
ACTBP2,1
DACH1,3
SSNA1,1
FUT8,3
FNTB,1
CHURC1-FNTB,1
CEACAM19,1
DCP1A,2
HOXA-AS2,1
PRKD2,2
URI1,4
SLC7A10,1
CEP70,3
LYL1,3
TRMT13,1
ZNF280C,1
SYTL1,2
CABLES1,2
CMPK1,1
OSR2,2
ATG14,1
TBPL2,1
TSPYL6,1
KB-1458E12.1,1
ASTN2,1
FAM182B,1
LY6K,2
MNX1-AS2,3
CCDC47,1
SCN4A,1
GLTSCR2,5
SLC50A1,2
DFFA,3
MNX1-AS1,2
MILR1,1
MRPL30,2
SLC45A4,1
GLCE,3
GET4,1
GNB5,3
SYK,3
R3HDM1,1
SGTA,2
NR3C1,1
CLINT1,1
COX15,1
LIG1,1
EXOSC8,1
FAM78A,1
FAM58A,1
NMRAL1,4
LEF1,1
C1ORF27,2
RALBP1,1
RBMX,1
TMEM126B,1
RHOT1,2
RLIM,1
COPS6,1
CNP,1
RUVBL1,4
PTPN7,1
SLC25A29,2
SMC5,1
SUGT1,2
LMNB1,1
TCL1A,2
CMTR2,1
TSPEAR-AS2,1
KRTCAP2,1
MMP20,1
PCDH7,4
MBOAT2,4
SPRED1,1
RNF111,2
PTPRA,3
HHLA1,2
HMGXB3,1
PPARGC1B,1
OC90,1
IGSF23,1
PIGN,1
WRNIP1,1
UQCC2,2
GSTM1,1
LCORL,1
MIR100HG,1
ZNF202,1
LRIF1,1
NOS1AP,1
IFI16,1
PAG1,2
AC060834.3,1
GSTM2,1
TGFB2,2
C1ORF143,2
ZNF484,1
FGD3,1
AC007326.9,6
AC000095.9,7
SCAPER,2
TM6SF1,1
SUMO3,1
PFN2,1
LINC00865,2
LINC01374,2
CHD1,1
AC008522.1,1
ABCB7,1
GTF2E1,2
NAP1L1P3,2
PNN,4
TM9SF3,4
TLL2,3
ZC2HC1B,1
PAPD5,1
RIT1,3
TSSC1,1
DCLRE1C,1
DKK4,2
MTX2,3
RPSAP25,1
IL17RD,4
ARHGEF3,5
MMP9,1
SLC12A5,1
ZNF195,1
ADAM19,1
SOX30,1
AFAP1L2,1
ABLIM1,2
SUPT4H1,3
SEPT4,2
GDI1,5
VIP,1
PDCD10,1
SERPINI1,1
SLC39A9,2
ADGRL1,2
CST1,1
SLC24A4,1
MAMLD1,1
ZNF404,1
TIMM50,4
TRY2P,3
C9ORF92,2
FSIP1,2
STAU2,2
MYBL1,2
WISP2,2
HIP1R,1
NTF6G,3
CGB2,3
DNAJB1,3
SUPT6H,7
GNG7,1
PALM,7
MAGI2,2
SEL1L3,1
TTYH2,1
VTI1A,4
MCAT,1
WDFY2,2
SERPINE3,1
UBE2D1,1
PSEN1,5
CENPP,3
QRICH1,3
ACSBG1,1
LINC00664,2
UPF1,5
SLC35G1,2
ZNF365,1
GPR158-AS1,1
ZNF429,1
HEATR4,2
PTPRZ1,2
EDEM2,2
IPMK,1
PRKG1,2
RTKN2,1
PRPF40B,2
COQ5,2
JMJD1C,1
FLG-AS1,2
LDB1,5
PDE11A,1
NAPEPLD,1
ITGB1BP1,1
CCDC163P,1
PURB,3
LEUTX,1
TEAD4,6
AMN1,2
EGLN2,2
C12ORF60,1
ZNF461,1
CLIP3,1
ZNF473,1
SPTBN4,1
LTBP4,6
PRSS22,1
KIF21A,1
ASUN,1
ECH1,3
ABCC9,1
SAMD12-AS1,1
COX6B1,4
UPK1A,2
NAPSB,1
ITPKC,3
PCED1A,2
B4GALT2,4
BCRP8,4
RSPH14,3
CTTNBP2NL,3
FAM60A,4
OVOS2,2
GRIN2D,1
TPCN1,1
RGP1,1
ACO1,2
SOX9,2
PLBD1-AS1,1
PSD2,1
CMTR1,1
PKP2,3
DGKG,1
ATP5E,2
FBLIM1,2
CDT1,3
VEGFB,2
DCHS1,1
MALSU1,4
CFLAR-AS1,2
C19ORF52,1
RASL10B,1
GOLGA5,1
CYP46A1,1
ZC3H14,1
DNTTIP2,4
SLC5A2,1
TIMM8A,1
TAF7L,1
MEST,4
IFNAR1,2
PPT1,5
FAM9B,1
UHRF1BP1L,3
DEPDC4,1
CNTN1,3
PLEKHM1,3
PNPLA6,2
STC1,2
GGNBP2,2
DHRS11,1
LL22NC03-63E9.3,1
TEKT2,2
POU3F2,3
KIAA0907,4
MVB12A,2
BISPR,1
CCAR2,2
CLK2,2
FAM189B,2
NDUFA11,2
GATA6,1
DSG1,2
AC024592.12,2
ALKBH1,1
AC008074.4,1
AFTPH,1
STXBP3,2
SLC25A24P1,1
APOM,1
CSNK2B,2
XXBAC-BPG32J3.22,2
AHSG,2
ALB,1
TF,1
SEPP1,2
CCDC152,1
A2M,2
GREB1,1
GPT2,2
SOX12,2
TAF5L,2
NUP133,2
IL4I1,1
TRMT11,4
CNOT3,2
GNPTG,3
LA16C-312E8.2,1
PRKAR1B,3
KIAA0895,1
GFOD1,1
GRIA3,2
SLC2A11,3
SPHK2,1
FGF21,1
MNT,2
NAPB,1
NDUFA12,1
OBSL1,2
SH3GL1,1
ZNF260,1
ZNF566,1
C5ORF51,3
FBXO4,3
ZFYVE16,2
FAM151B,2
C6ORF89,1
HYAL2,1
TMEM115,3
FAR1,1
FAM13B,2
SLC6A15,2
TSPAN19,1
TMEM88,3
BOK,1
ZNF420,2
GALNS,5
HS1BP3,2
PLEKHA2,3
GABPB1,2
C15ORF52,1
AC010105.1,1
RAE1,2
RPS20,3
SPDYC,1
DA750114,2
ASS1,2
ADSL,2
CCDC134,2
NRAV,4
CIB1,1
RN7SL440P,1
ABHD11,1
ADAMTS15,1
ATF2,3
ATP7B,3
LINC00282,3
CALB2,1
CDH6,2
DROSHA,1
GGA2,3
IMPA2,2
NFU1,2
GTF2E2,1
DNM3,4
SLC7A5P1,4
SMG1,5
TPRN,1
ANAPC2,1
LRGUK,1
ZC3H12C,2
MGAT4C,3
AHI1,2
DNAJC22,1
PGAM2,2
HDAC1,3
CCPG1,2
DNAJC13,2
PIGB,1
NEDD4,2
PRKACB,1
TLN2,4
KDM5B,2
SVIL,6
PIP4K2A,3
C2ORF91,5
AC104654.2,5
NUBP2,2
RTN4R,2
PYGO1,2
MAPK6,2
TLDC1,2
SNX21,2
AC009133.24,1
NRBP2,1
TCEB2,4
HERC4,1
FAM127B,2
IFFO2,2
FNDC4,1
TMOD3,2
SELT,1
PRRT2,2
SACS,2
ELAVL1,2
SEP15,2
RABEP2,3
ZHX3,1
SP3,2
AC106900.6,1
EIF4EBP3,1
SERP1,1
DHRS13,1
ZAP70,1
ZSCAN16-AS1,1
MAP3K5,4
REC114,2
AIFM2,1
ARSE,1
ETV1,1
GPX4,7
GNB4,2
TTC23,1
DIS3L,1
RABAC1,4
ARMCX2,1
CNPY2,3
SNRPD2,1
ZNF829,1
DLD,1
LRRC31,1
ABRACL,1
CDHR1,1
KLF16,1
SMARCA5,1
DLX1,2
FUT3,1
ATP2C2,2
LINC01057,2
NIP7,1
BAIAP2-AS1,1
SPG21,2
EIF3J,2
MST1R,1
ACTBP13,1
ZNF680,1
SNAP91,2
ZNF121,2
KMT2B,3
DMKN,3
CIB3,1
PPM1B,2
SLC3A1,2
AL513412.1,5
PARD6G,1
FAM32A,1
NAALAD2,1
NAV3,1
CNTNAP4,1
GLP2R,2
GALK2,2
CCDC171,2
ING2,1
LINC01535,3
MLST8,1
WDR34,2
E2F8,3
CSRP3,1
SCAF11,2
EHF,2
CFAP53,1
UBE2E2,2
LINC01378,1
APOOP4,2
CCNJ,2
BLNK,1
IGFBP6,1
SOAT2,1
DHDH,2
HLCS,2
GDF1,4
ARHGEF18,3
RRAD,1
CDH16,1
SLC22A13,2
SLC22A14,2
TP63,1
XRN1,4
CPLX4,1
MBNL2,1
GPAA1,6
IL21-AS1,2
BBS12,2
SLC39A10,1
CCDC94,5
ZNF77,1
PCAT19,2
RAB11B,2
RPAP2,1
ANKDD1A,2
TMEM180,1
CCDC28A,1
ECT2L,1
PEX11G,1
GSKIP,1
ACTR2,2
CARD10,1
CCDC86,1
RAD51,2
COG7,1
EPHA4,1
TCF25,4
ZC3H8,1
SASS6,2
LRRC7,1
MED13L,5
FAM101A,1
LRRC40,2
FAM207A,1
ADARB1,3
MIR4432HG,2
AC007381.3,2
TSPAN9,5
C15ORF65,1
ECM2,1
MGMT,2
DYNLT3,1
RIC1,3
PDCD1LG2,3
EBI3,4
ZNRF1,2
PLEKHG1,2
FAM208B,3
STX18-AS1,3
TSGA10IP,1
RHBDL1,1
ABCC5,1
BCL2L13,3
CECR2,1
ASCC3,1
ISG20L2,2
GRM1,1
TMEM253,1
APOH,2
IKBKE,2
MAP2K7,4
TGFBR3L,3
SLC41A3,2
PVRL3-AS1,1
ZNF212,1
MSX1,2
DPF3,2
IGSF9B,1
C2CD5,2
SMPDL3A,1
CWC27,3
ASXL3,2
TPPP,1
BPIFB5P,1
BPIFB3,1
FIG4,1
ARHGEF33,1
GALM,1
ACTL6A,2
LILRP1,1
AC098784.1,1
HPSE,1
LYRM7,3
FAM195A,1
C17ORF75,1
YEATS2,7
AC004791.2,4
AC004510.3,4
OR5P2,1
OVCH2,1
FAM83H,4
DNAJC8,1
SEC14L5,1
GMEB1,1
NIPA1,2
CUL4B,1
TMEM255A,1
PEX3,1
SLC25A47,1
APC,4
INO80B,1
WDR54,1
C1ORF132,1
CD34,1
NPHP4,3
PDCL,2
FBXW9,3
CNOT7,2
RICTOR,5
IFITM3,1
APC2,2
ARIH1,1
PABPN1,3
PPIH,1
LINC01470,1
NEDD1,1
RGR,1
NENF,1
ZMYM6,2
PRKAA1,1
EGFLAM,1
TPK1,2
NFYC,4
KCNQ4,3
CAMTA1,4
VAMP3,1
DNAJC3-AS1,1
EXOC2,2
CCDC126,2
FAM221A,2
PFDN5,1
DCAF13,2
INPPL1,4
UCHL1-AS1,2
APBB2,6
HSBP1,2
KHK,1
COX16,2
RNF113B,1
GTF2H5,3
MAP2K4,1
LINC00670,1
AC105760.2,1
AGFG1,3
SRRM2-AS1,2
ZNF345,2
ZNF568,2
MSL2,3
RNF14,1
AP003068.9,1
ACTN2,1
PREP,1
PDE4B,1
MAFG,4
GRSF1,1
DCTN5,1
MPP2,3
IK,2
RNF145,1
LEMD2,2
UQCRQ,1
MSRB1,1
MKKS,1
TRIM21,2
SLC44A1,3
UBE2L6,1
BCAR1,2
RXFP1,2
AVPI1,2
C12ORF75,2
SHROOM2,1
CCDC7,1
PPP1R18,2
TSG101,2
AC073218.3,1
DAGLB,2
AREG,1
PAX8,2
TBC1D13,1
ADAM33,1
AP3S2,3
C15ORF38-AP3S2,4
FOXM1,4
USP14,1
TRNAU1AP,2
ZBTB7A,2
FAM189A2,1
RGS14,2
ZNF629,2
AKAP7,1
POLE,3
THUMPD3,1
AP000695.4,1
NCEH1,3
SPATA16,1
MYLPF,3
SMO,1
METRNL,1
KRTAP5-11,1
ZNF585A,1
CLGN,1
C8ORF34,1
TMEM136,1
PRMT3,2
NAV2,1
TIGIT,2
NCAN,1
LRRC66,3
SOX9-AS1,1
ARHGEF4,1
GOLGB1,1
ILDR1,1
MORC3,1
DOPEY2,1
FNDC7,1
PXDC1,1
ELDR,1
KIF15,3
ZNF501,2
FIGN,1
AC013461.1,3
GABBR2,1
VOPP1,1
GINS2,1
EMC8,1
MSH3,3
RASGRF2,1
MTSS1L,3
BSDC1,1
CALCA,4
CHGB,5
RAD51AP1,1
ANKRD7,1
DSP,4
NRCAM,3
GDF11,1
CA11,1
NUP153,2
MFN1,1
CDH1,7
C14ORF1,1
MGST2,1
SEC22C,1
SV2A,1
CCDC180,1
ZNF48,1
UBA6,1
ACSBG2,2
IL27RA,2
MPDZ,3
TTI1,4
CER1,3
ENTPD3-AS1,2
EIF1B-AS1,3
HSPB11,2
OPCML,1
LEPROT,5
LPCAT3,1
PHB2,1
ZNF227,2
ENTHD1,1
PICK1,2
AP000233.4,1
LINC01341,2
KCNQ1-AS1,2
NGFR,4
CSRNP3,1
PLEKHG2,3
DPM2,1
ATOX1,2
GALNT10,1
SAP30L-AS1,1
TEKT5,1
NR2E3,1
MUM1,1
RB1CC1,1
ATPIF1,1
GAS6-AS1,2
JUND,4
RBM42,1
KIAA1919,1
IFITM2,1
TEN1-CDK3,1
PHOSPHO2,1
SSB,2
DUS3L,1
GPATCH2L,3
ESRRB,3
ERAS,1
MRPL50,1
BAAT,1
USP18,6
SLC25A13,1
ACTR1A,2
TUBA8,3
HKDC1,1
NDFIP1,1
ERMP1,1
FNTA,1
LIPG,1
PTDSS1,2
ULK1,2
SDR39U1,1
TRPM4,1
USP45,4
FAXC,3
NKAIN3,2
KRT223P,1
LRRC37A11P,1
KCNMA1,5
OR7E19P,1
SPINK5,2
WDR33,2
SAP130,3
DNAJC14,1
TMEM106B,1
SYNJ2BP-COX16,1
SLC26A11,2
ATAT1,2
KIF23,2
ST8SIA4,1
MRPL4,3
NKRF,1
SEC24B,1
PIEZO2,1
TOR1AIP2,2
SEC14L2,1
HORMAD2,2
FAM228B,1
TRIM54,1
MIER3,1
CDC20B,2
HCG18,2
AC069277.2,1
AC026167.1,1
KB-1410C5.2,1
MKL1,5
HCG17,3
ATP13A4,1
PRR5-ARHGAP8,1
PHF21B,1
ATP13A4-AS1,1
PRR5,1
PUS7L,1
DAPK1,1
LRRC3B,1
SENP5,1
NCBP2,1
ASB16-AS1,1
LRRC46,1
ADAM32,1
KCNB2,2
AC145124.2,1
FAM85B,1
SNX11,1
KIF1BP,2
VIMP,1
ENTPD1,1
NTS,1
FAM9C,1
CCDC38,1
CRYAB,3
RAPGEF2,1
HTATSF1,1
PRRG4,1
AC074019.2,1
RGMB,1
SPINK13,1
SPINK7,1
ANKRD54,1
TMEM91,1
CDNF,1
FAM107B,3
SPRY1,1
SPATA5,1
ALPK2,1
SORBS1,1
TCTN3,1
FOXRED1,1
TIRAP,1
FYB,2
CELF5,1
ATAD2B,2
PROCR,1
BABAM1,2
YTHDC2,1
PPAT,2
AASDH,2
NOD2,2
GRIA4,1
ZBTB34,4
IL22RA1,1
MYOM3,1
RAB3GAP1,2
ACMSD,1
PSMB6,1
SFT2D2,1
PEX5,1
TPI1,2
LRRC23,1
U47924.6,1
VARS2,2
MYO5C,1
FANCA,1
B9D1,1
CD82,5
GABRB3,2
CENPM,1
ANTXR2,1
TNFSF10,2
PKP4,2
MRPS14,1
WISP1,1
TJP2,1
CDCA3,2
FAAP100,3
STAU1,2
FAM57A,1
BBX,3
SPIRE2,2
TBC1D2,3
TCOF1,2
RAB22A,3
RNF34,1
ARFGAP3,1
SEMA4D,1
SGSM2,1
SUSD1,8
TOMM20,1
TSR1,1
PQBP1,2
AC108004.2,4
DOC2B,4
JTB,4
SNAPIN,1
HSPA4,1
RAB11FIP1,2
CDYL,2
TSC22D3,1
CH17-340M24.3,1
SMYD2,4
FKBP5,3
PPP1R15B,1
S100A2,7
POLR2J,1
TNFAIP1,1
SOCS4,1
WDHD1,2
C2ORF69,2
VPS54,4
PELI1,4
PTPRB,1
SORBS3,1
PDLIM2,1
KCTD20,2
TSPAN14,5
FAM83A,1
YWHAH,1
SDHB,1
STRBP,1
YOD1,6
C1ORF116,6
HNF4A,1
SFI1,2
FANCG,1
KIF9,1
PPP4C,2
MARCH7,1
PHF23,2
POMGNT1,3
TRIM13,5
RECQL,1
FGF23,1
NEXN,1
DNAJB4,1
NET1,1
MDFIC,2
LINC01393,1
TPRG1,2
CEP95,2
MRE11A,1
NPRL3,3
TOMM7,1
RAPH1,1
VAMP5,1
NXF3,3
SPG20,4
PRAM1,1
SAA1,1
MYH7,2
PAPLN,3
DACH2,1
SLC22A17,2
C9ORF66,1
SLC35F4,3
AP5M1,1
LINC01117,1
AIPL1,4
TMEM56,4
EIF3E,2
ZFP14,1
MDM1,1
ZFC3H1,1
TMEM132B,3
GFM1,1
KIF3B,1
NXPE2,1
ME3,4
FAM19A2,4
HEPH,1
ADGRG4,1
CYHR1,1
FOXH1,2
AC002539.1,1
MSRA,4
SGK223,1
PPP2R1B,1
TVP23C,1
COX10,1
AP006621.5,2
FER1L6,3
HMG20A,1
OTX2-AS1,2
TMEM260,3
PCBP4,1
UBFD1,1
SCNN1B,2
BCL2L2-PABPN1,1
PPOX,1
LRRC52,1
MFSD2A,3
POMT2,1
NGB,1
ATL1,1
UNC80,1
TSNAX,2
NOP58,3
C1ORF198,1
VANGL2,4
ARHGAP12,1
CNPY4,7
SLAMF1,1
DLG4,1
ASGR1,1
FCF1P7,1
POM121L3P,1
TEX10,1
ANAPC11,1
C1ORF159,2
PRKCZ,3
GSPT1,3
KIZ-AS1,1
MEN1,2
HBP1,1
TFDP1,4
MX1,1
ABCG1,2
SAP30BP,1
NFKBIB,2
KCMF1,2
D21S2088E,1
GALNT7,2
SAP30,1
DENND4C,1
G3BP2,2
PC,3
TSPAN18,1
C1ORF50,1
MAML1,3
G3BP1,1
PLEKHG5,2
MORF4L2,1
ZNF219,1
AP4B1,1
BCL2L15,1
CHI3L2,1
STK38L,3
DOT1L,2
BICD1,3
APBA3,1
TJP3,1
C7ORF26,2
ZNF853,2
NAGLU,3
HSD17B1P1,3
MC1R,1
FAM83B,1
BZRAP1,1
ALDH7A1,1
CHN2,1
NT5C3A,1
CHSY1,3
SCML2,2
FBXO42,3
GLRA1,1
SLC1A3,1
DECR2,1
KLHL18,2
RUNX3,1
EME2,3
PACSIN1,1
SRSF3,1
SPC24,3
DOCK6,1
PIK3C2B,1
C2CD2,3
SURF6,1
SLC25A44,2
STARD10,2
CDKN3,2
MPP7,2
COL2A1,2
ITSN2,2
CACHD1,3
ROR1,3
KCNAB2,4
SAMD8,4
DUSP13,2
BEAN1,2
ROMO1,1
BCS1L,2
ZBTB17,2
SLC22A15,2
SSSCA1,1
RARG,3
UBN1,2
ZYG11B,3
ANKS1A,4
MKX,1
CTHRC1,1
SARAF,1
UST,1
DEGS1,2
HDHD3,1
MTG1,1
LRPPRC,1
ZC3H11A,1
NOX4,1
PYROXD1,1
TBCD,2
GPR182,1
LMO4,1
PLD5,1
EEA1,2
TESPA1,2
UPF2,2
ERF,1
SLC16A7,1
CCDC60,1
LINC01204,1
MAGOHB,1
AC064871.3,2
KRT8P10,2
PRH1,3
PTPRN2,3
CRTC3,3
SYT13,1
RTN4RL2,1
FAM111A,2
GPATCH1,2
MRPS35,3
ZNF383,2
PHLPP2,1
TXNL4B,1
ZNF784,1
C19MC,1
TMX1,1
LINC00640,2
HBEGF,1
EPC2,1
MBD5,2
AL357140.1,1
ADAMTS1,1
GPC1,6
BTBD6,1
MCM2,2
DENND2D,1
FAM160A1,1
PNISR,1
ODF2L,1
TRIM73,1
TIMM9,1
TMEM262,1
POP7,1
ACBD6,1
TMIGD1,1
TYW5,1
SGMS1,1
ASAH2,1
UHRF1BP1,2
ALS2CR11,1
WDPCP,4
AC009501.4,1
NEDD8,5
NEDD8-MDP1,4
TCERG1,1
RBM27,2
PTPN4,1
HPCAL4,2
NETO1,1
CCDC102B,2
RIMS3,2
LYPD6B,1
KAT6B,2
TMEM177,2
RNF43,1
TRIM25,2
TMCO2,2
ZFP69,2
TRAM1,2
ZNF774,1
PPP2R3A,2
TEX15,2
GATA3,1
MOB1A,2
AC007403.2,1
LRRTM4,2
NR4A3,2
TRIM47,2
GATA5,1
AGPS,4
HNRNPA3,1
SLC25A3P1,1
SNRPB,1
NEK7,4
ROR2,1
AC007403.3,1
DAB2IP,1
CALN1,1
C14ORF39,1
MEAF6,2
SPEF2,1
PPP3CB,1
MSS51,1
LINC00598,2
HOXC9,2
GINS3,3
AGBL1,1
TMEM65,1
AGMO,2
DGKB,3
SCAMP2,3
PGS1,3
SSR3,1
THRA1/BTR,1
STAC2,1
AHCTF1,1
NAAA,1
ACSF2,1
DOK5,1
SKA2,1
OR10J1,1
LRTOMT,2
CYP4F8,3
ILVBL,2
SYCE2,3
RBM47,4
HPS5,1
CEBPB,1
RAD51-AS1,1
INO80,1
LINC00629,1
OLFM4,1
AC073283.4,3
EPHB3,2
SAT2,1
ANGPT1,1
RHD,2
RSPO2,1
LINC00462,1
ATG4B,1
TBCK,2
KCCAT211,1
HMOX1,3
DDTL,1
OTUD7B,1
PTBP3,5
NBPF19,2
AC073254.1,1
ZNF302,1
ORMDL2,3
COMP,2
PML,5
CAMTA2,3
APOBEC3C,1
CNTNAP1,2
JDP2,4
NNMT,2
LOXL1,1
MOXD1,2
SEC13,2
KIF28P,2
B4GALNT3,1
RP11-798K23.4,1
CPHL1P,1
ATP11C,2
DYNC2H1,5
CERS3,1
ZNF75D,1
PTCHD1-AS,2
NUTM2B-AS1,4
INSC,1
KIAA1211,2
AP001462.6,1
NEFL,2
DCXR,1
ZCCHC17,1
ETS2,2
TRAPPC5,1
ANKRD24,1
CLEC17A,1
NFATC4,2
NYNRIN,2
ZNF414,1
TRPV5,2
APOC1P1,1
APOC4,1
ENPP3,1
LINC01351,1
MIER2,1
AC034243.1,1
TMEM145,1
ASAH2B,1
CTNNA3,2
GNG2,2
TTC37,1
ARSK,1
GAPVD1,2
PHF5A,1
NTMT1,1
C1QTNF6,1
AP5B1,2
CARNS1,2
PRKAG2,2
MKRNP2,1
BACH1,2
GRIK1-AS1,2
LINC01362,1
CPEB3,1
IDE,1
SLC16A4,4
WDR3,2
HDDC2,1
INCA1,1
RTFDC1,1
TSC1,1
AC104024.1,1
TNFRSF13B,2
ABHD6,1
RPP14,1
ERMN,1
PLAC8,1
MBD4,1
EFCAB12,1
TRPM2,2
DMTN,3
NPM2,1
ELANE,1
ZNF140,1
ZNF460,1
MMS19,2
EXOC6,1
AC005786.7,1
SZRD1,3
PRR7,1
SMC4,2
CD19,1
RPL34,1
OSTC,1
TNNI1,2
GRINA,3
LIMK2,3
DEPDC5,1
SSBP4,1
AP000253.1,1
NICN1,2
TRAIP,3
UBA7,3
RABEPK,1
KIF24,2
HAUS1,1
ZNF580,1
AREL1,1
NCAPD3,1
EFNA2,1
OR7G2,1
GIGYF2,2
MRPL12,3
ZNF581,2
BMP7,3
ZBP1,1
MED9,1
SCNN1A,2
BP-2171C21.4,1
UBE2O,2
KMT2E,4
LHFPL3,2
AC061992.2,1
THAP4,2
AC114730.8,1
MLF1,2
TMEM99,1
CDC25A,1
AKAP1,4
SEC61B,1
AC104076.2,1
IKZF2,2
RETN,1
MCEMP1,1
FAM173A,2
HAGHL,2
PPP2R2D,3
KRT9,1
LINC00974,1
LINC01468,1
RNLS,2
R3HDM4,1
GNAT3,1
CLASP1,3
UROC1,1
ITGA9,1
ST7-AS2,1
ZFP62,1
LPAR1,2
ASZ1,3
CELF4,2
TMEM39B,1
CD68,4
AC007319.1,1
ZNF83,1
ZFR,2
TMEM164,2
SH3BGRL,1
SLC25A53,1
MCTS1,1
PASD1,1
WNT7B,1
FAP,1
FAM169A,1
GFM2,1
HCST,1
LINC00941,2
SPA17,1
TYR,3
GRAMD4,6
TEF,2
ESR2,3
TMEM179B,1
TAF6L,2
SENP3,1
SENP3-EIF4A1,5
IGLV3-21,1
SLX4,4
KIF21B,2
MCM9,1
NRXN3,3
DIO1,1
FNIP1,2
MEIKIN,1
PRKAR2A-AS1,1
PRR36,1
VEZF1,1
LPAR3,1
MCOLN2,1
RPL12,3
CEP85,2
HAUS2,2
SNAP23,2
AC007879.5,1
AC007879.2,1
IL4R,2
KIAA0556,3
C1ORF95,1
SGCG,1
ZNF541,1
SLC25A45,1
HIST1H3E,3
FIP1L1,2
STMND1,1
IMPDH1P10,1
SH3BP2,3
CDCA7,1
PARVG,1
DYNC1I1,1
STEAP4,1
RHOXF1-AS1,2
CLEC5A,1
PRSS37,1
CYSLTR1,1
FNDC3CP,1
CPEB1,2
WFDC1,1
PRKAR1A,1
GYPC,1
APOLD1,3
COX7B,1
ATP6V1E1,2
TNFRSF14,1
POLR2C,1
TNFAIP3,1
DCAF16,3
C2ORF27A,1
LINC00877,1
CBLN4,1
CLCN4,1
BTF3L4,1
GATS,1
GPC2,1
MIEN1,2
AP000892.6,1
AC005276.1,2
MGC32805,1
AC006262.11,3
IGFL2,3
IGSF11,1
CDC42EP1,2
TFB1M,1
NOX3,1
AP000350.6,1
TBC1D10A,2
AC093388.3,1
CXORF23,1
SPICE1,1
CFAP44,1
LINC01430,1
STT3B,1
TRIM71,1
MARK2,2
GATSL3,2
SPCS3,2
WDR17,1
MSRB2,1
BCAN,1
CLC,1
PPM1H,2
RILPL1,1
ZNF732,1
KLHL28,1
GOLGA7B,1
LINC01605,1
NAT16,3
ADAM22,1
ADGRL4,1
SFSWAP,1
ORC4,2
GOSR2,1
TMEM98,1
MYO1D,2
NDC80,1
TMTC1,1
UBE4A,2
PRPSAP1,2
MEI1,1
STX4,1
FBXL19,3
CEBPA,1
PTPN6,1
TNFRSF1B,1
PAFAH1B3,1
PHLDB2,2
AC010880.1,1
KCNRG,1
FAM201A,1
CD164L2,3
FCN3,3
LINC00471,1
SETD9,1
FGF5,2
PPARGC1A,3
SHPK,1
P2RX5-TAX1BP3,1
TAX1BP3,2
RRP12,2
SLC6A6,2
TMBIM1,3
CHMP2A,2
PLAG1,1
CREB3L1,3
PIGR,1
CASC1,2
SLC35C1,1
PEX16,1
CREB3L2,3
PTN,1
ARHGAP21,2
ARMC4,1
FA2H,2
C3ORF17,1
CD200R1,1
AC012501.2,1
GALNT1,1
INSL4,1
OVOL1,1
AURKA,1
TMC2,1
LDHB,4
NDUFA4L2,3
APLN,1
NDUFA1,1
AKAP14,1
CSGALNACT1,2
RBM7,1
PHLDA3,1
PORCN,1
ACOT8,7
TNNC2,7
FRG1KP,1
WNT2,3
EEPD1,3
SPRED2,3
FANCL,2
ALOX5,1
ARL11,1
WDR6,2
HDAC10,2
HNRNPDL,2
HS2ST1,3
MAPK12,4
MMP25-AS1,1
NFATC1,1
FAM122B,1
NHLRC2,1
YRDC,1
NOP56,2
ZNF622,2
RPS4X,1
SS18,2
TOR3A,2
ZSCAN18,2
ATL2,2
HNRNPLL,1
TCAP,1
PNMT,1
SF3B3,3
MGST1,1
AC009299.2,1
ZDHHC4,1
SIKE1,1
IGLL1,2
AP000347.4,2
GUSBP11,3
NRAS,1
ALDH8A1,3
CYP2B6,1
PGPEP1,2
PBX4,1
CHERP,1
TUFM,2
HMGN1,1
RPE,1
PRNP,2
DDIAS,1
LZTS1,1
METTL2B,1
S100A1,2
IPO8,1
AC091199.1,1
POLR3E,1
IFT27,1
NPIPP1,1
CRAT37,1
CLCC1,1
HIST1H2AE,2
NEFM,1
STK40,2
OSCP1,1
NOM1,2
ME1,3
C1ORF168,1
RNF149,1
BET1,1
VWA3B,1
ZNF107,1
ATF3,1
SNTG1,1
CIAO1,1
LRR1,1
RPL36AL,1
SH3TC1,1
RBBP4,1
ZC3H3,2
EPS15,3
HTATSF1P1,1
BMI1,1
COMMD3-BMI1,1
GTF2A1,2
BMS1P20,1
JADE3,2
RGN,1
LIFR,2
IGLV5-52,1
MCF2,1
NAA15,3
RAB33B,3
CHST15,1
CPXM2,2
SLK,1
DNAH5,1
EEF1E1-BLOC1S5,1
AC004485.3,2
EEF1E1,1
INO80C,1
LMTK3,2
AGRP,1
ZNF254,1
ZNF93,1
RPA2,2
TSNAXIP1,1
GAB3,2
MPP1,1
SCMH1,2
TIE1,1
ZNF253,1
AURKB,1
LINC00324,1
FMNL3,1
FAM186B,1
CEP104,1
ICAM4,1
DKC1,2
HADHA,2
KCNC3,1
AUP1,2
C12ORF57,1
U47924.31,1
HTRA2,2
INHBE,1
RPS6KA1,2
SLC4A7,1
NOX5,1
EWSAT1,1
CNKSR2,1
KB-1572G7.3,1
KIAA1456,1
EFCAB7,3
PGM1,4
MDFI,1
RIOK1,1
CAGE1,1
SSX2IP,1
MIR3681HG,1
STAT5B,1
NCF2,1
MPI,1
PPP3CA,1
CEP83,1
TMCC3,1
UNC5D,1
AC007192.4,2
BIRC3,1
IFI30,1
IGKV3-15,1
C5ORF67,1
IL6ST,1
IL17RB,1
CACNA1D,1
FRMD4B,2
DCAF12,2
LINC00636,1
LUC7L,3
EAPP,1
ENTPD1-AS1,2
SDK1,2
TFAP2A,1
AC116035.1,1
CEACAM16,2
CDK17,2
CFAP54,2
LSM12,1
AC091177.1,1
ALDH1B1,2
MKL2,2
CCDC157,1
LINC01224,2
SAR1B,2
FAM227A,1
ZDHHC17,1
PPP1R14A,1
DPF1,1
TCTA,1
SRP54-AS1,1
HAX1,4
ANO7,2
REM2,1
MELK,3
LIMS1,1
DGUOK-AS1,1
ALG9,1
DLEU7,1
CECR7,1
KCNH1,2
KIDINS220,2
CERS2,1
KHDC3L,1
BZRAP1-AS1,1
UBE2J1,3
TMEM169,1
CPNE7,2
GRAMD1B,2
MYO15B,3
RPS13,1
PLEKHA7,1
SSSCA1-AS1,1
ERP44,2
ADAD1,1
RPL22,1
GABARAPL1,1
KLRD1,1
TBX2,2
TMEM150C,4
ZFAND6,1
FAH,1
REXO2,1
AMIGO2,3
DYSF,2
MESDC2,1
RCAN1,2
CHMP3,1
EDIL3,1
EIF2B5,1
JAK1,1
JMJD8,1
MTHFD1,1
PIGS,3
SYNE1,3
RBM15B,2
TOP2A,3
SIRPA,1
LRRC37A5P,1
BEST2,1
RNF4,1
DCUN1D3,1
RNF138,1
KATNBL1,1
C8ORF88,1
CTDSPL2,2
ECI1,1
LRRC28,2
IQCH,4
MCTP2,1
MTMR10,1
TRPM1,1
U91319.1,1
HYI,1
FEM1C,2
CCDC112,1
CHORDC1,2
IQCK,2
PNRC2,1
ALPPL2,1
BTBD8,1
GRAP2,1
GPR180,1
GPC6,5
PTPRH,1
POF1B,1
NFX1,1
DNMBP,2
CRTAC1,1
POC5,1
COL4A3BP,1
KCTD21,1
BNIP2,3
GTF2A2,1
CPSF4,1
RBM5,2
ASB1,1
COL4A6,2
PRDX4,2
HSPB6,1
AGGF1,2
ZBED3-AS1,2
MEA1,2
EMILIN1,1
PERP,2
PP12613,1
EXOSC9,1
SSTR1,1
SYNGAP1,2
PRDM7,1
TRAF3IP2,1
SMAD7,1
SH3BP4,2
AC093838.4,1
KIAA1549,1
MBL3P,1
PVRL3,1
CD96,2
PNPLA8,1
AP4S1,1
DPY19L1,1
MCF2L2,1
LAMP3,1
RPS6KA5,1
AC005355.1,1
PPP3R1,2
GNPDA2,2
YIPF7,2
CEP97,1
ENC1,1
KIAA0319,1
TRAF4,1
NDUFB10,1
AC141586.5,1
AP2S1,1
TNKS,1
AP1G1,1
ZNF821,2
BRD1,2
CCDC97,1
ACP6,1
AKR1C7P,1
DSE,2
NT5DC1,3
AC016723.4,1
PLGRKT,1
AP000289.6,1
SS18L1,2
LSM14B,1
SMTNL1,3
KRT4,2
N4BP2L1,2
KRT8P14,1
ZNF770,1
AQR,1
UNC13B,2
EIF4G3,2
ZNF518A,1
SRXN1,1
RPS4Y1,2
TCEAL4,2
TCEAL1,1
PHLDA2,1
MLLT4,2
Z69720.2,1
UQCR11,1
NACA,2
TMCO6,2
ZSCAN22,1
GALNT16,1
CKMT2-AS1,1
AC108051.1,1
S1PR2,2
LINC01578,1
MYO3A,1
PKD2L1,1
DYNLT1,1
SYN3,1
HSBP1L1,1
TAPT1,2
BDP1,1
NKIRAS2,1
RBFOX3,1
JAKMIP2,1
DOK4,1
PRKCA,3
ICAM1,3
CFLAR,1
MRPS16,1
PIP5KL1,1
ST6GALNAC4,2
NELFE,2
TAZ,1
CTNS,2
EMC6,3
RUVBL1-AS1,1
ZNF281,1
LINC00862,1
SZT2,5
HYI-AS1,4
UFSP2,1
LRP2BP,1
PSMB1,2
LINC00937,1
POLR2J3,1
AC004951.6,1
RPAP1,1
LTK,1
TTC21B,1
AC009495.4,1
FUOM,1
CALY,1
MYLK3,2
PARP11,3
SAPCD2,1
UBR5-AS1,1
KB-431C1.5,1
TCFL5,1
HMGCS1,1
ZNF717,1
RPL23AP49,1
EXOC7,1
LIN54,1
FAM161A,1
NPRL2,1
FADD,1
VPRBP,1
SELL,1
AC074286.1,1
PTCH2,1
SLC4A1AP,1
PLA2G16,1
KCNK2,1
LINC01052,1
EML2,1
JUNB,2
NUP93,2
PUS1,1
STX17,1
CMTM4,5
CPPED1,2
FTO,2
RBFOX1,2
ANKRD20A19P,1
PPP4R1,3
PRR16,1
CDC25C,1
ABCC8,1
BTBD7,1
UBR7,1
CEP126,1
ARNTL,2
PAX6,1
CITED2,1
CCDC84,2
PRDM14,1
ETV5-AS1,1
CRACR2A,3
CLHC1,1
GTF2F1,3
HPS1,2
THEMIS2,1
ZSCAN29,1
ATIC,1
PGAP1,1
DHX29,1
GFER,1
SYNGR3,1
RPS2,1
NTHL1,1
LINC01128,1
PLA2G2D,1
OBSCN,1
SIRT3,1
MEGF9,1
PLEKHF2,1
SLC28A1,2
FBF1,2
NCS1,1
TIMM17B,1
CLPSL1,1
LHFPL5,1
LINC01420,1
LRSAM1,1
GARNL3,2
SLC9A2,1
IL1RL2,1
ASB7,2
CHRNG,2
FXYD7,1
FRMD6,3
SLIT1,1
IFNG-AS1,1
ARNT2,1
C10ORF71,1
SNAI2,2
AC084809.2,2
PPIL3,1
XIAP,1
SEC11C,2
SMC3,1
TLK1,1
PPM1F,1
BRINP3,1
SVOP,1
ADCY1,3
PIAS1,1
TMEM50A,1
POLR2K,1
NGDN,1
THTPA,1
APPBP2,1
LINC01441,1
C16ORF45,3
RP11-1021N1.1,1
KIAA1024L,1
SART3,1
TEX14,2
UBE2V1,2
TBX2-AS1,1
PTGFRN,2
IQCG,1
LACTB,1
BBS1,2
TESC-AS1,1
ZZZ3,1
LINC01358,2
CEACAMP10,1
SH2B3,2
FRMD4A,2
CDKN2B,3
PRR13,2
CRH,1
PENK,1
PTPN3,3
MRPL49,3
FAM134B,2
ODC1,1
PHKG2,2
ALDH3B1,2
OAS1,1
TRIM26,2
TRAPPC10,2
SUPT16H,1
WIPF1,1
PTPRC,1
AP000266.7,1
HCN2,1
MBNL3,1
MIDN,1
PLPP3,1
ITGA7,1
PTX3,1
IFT81,1
SLC47A1,1
KIAA0368,1
TMEM212,2
BANP,1
WNT4,1
PLD1,1
NXPE3,2
ABI3BP,1
TRMT112,1
PRDX5,2
ABCB10,1
NOP14-AS1,2
AGMAT,1
SLC12A8,1
EXTL1,1
ANAPC13,1
VIT,1
RYBP,1
GNPDA1,2
SEC23A,3
NUDT13,1
DERL2,1
ASCL1,5
DCST1,1
ZNF184,1
PPP2R5D,1
NEMF,2
SOS2,2
RALB,1
LMTK2,1
GMEB2,2
DARS,1
HCFC2,1
DUOXA1,1
DUOX2,1
CROT,2
CD9,4
CLDN10-AS1,1
HOXD11,2
LINC01206,1
SBF2-AS1,3
CEP135,2
GCLC,1
VSTM2A,1
MTMR4,3
HCN1,1
MYH15,1
HHLA2,1
MIB2,1
MLYCD,2
CDC42EP3,1
LINC01381,1
PDGFD,1
RHBDF1,2
DDC-AS1,1
ZNF433,1
ZNF20,1
FAM177A1,1
GLTSCR1L,1
USP13,1
NUTF2,3
EPHA6,1
LRRC56,1
DBET,1
GCDH,1
TESC,1
FBXO21,2
C1ORF56,1
SETDB1,1
ADCY9,3
CARD19,1
ARMC8,2
CPNE4,2
B3GALNT2,1
LINC01500,1
DAAM1,1
FAM73A,1
KRBOX1-AS1,1
CYP2T1P,1
RRP36,1
ITGA2B,1
ATG4A,1
TTC1,1
SRD5A1,2
PLK4,1
AC004448.5,1
FRG1HP,1
KIFC1,1
ZNF208,1
AP001172.2,1
MIR99AHG,1
SEPT12,1
ZNF625,1
ZNF625-ZNF20,1
DOCK8,1
RFX3-AS1,2
HPSE2,3
GABRB2,1
GYPE,4
ZNF347,1
ZNF702P,1
IL16,1
TMC3-AS1,1
AF165138.7,1
CASC4,2
CUL4A,2
PCID2,1
ALDH3A2,1
RNF103,1
CD8A,2
CNGA1,1
TXK,1
RNF103-CHMP3,1
SPINK6,1
ELAVL4,2
NUDT2,1
AP3B1,3
FTSJ2,3
MAGEA4,1
IP6K1,1
GTSE1,2
CCT7,3
NDUFB1,1
ESRP2,1
ZNHIT6,1
IGHA2,2
TREML2,1
LDLRAP1,2
NPAT,2
DPP7,1
IDH3G,1
AC074289.1,1
ATHL1,1
VARS,3
IGLV2-11,1
RALGDS,1
AC011625.1,1
C7ORF77,2
GPR37,2
DLK1,1
CHRNA3,1
PHOX2A,1
SURF1,2
MED22,2
TMOD1,2
NCBP1,2
CHRNA5,1
CENPH,2
ZDHHC14,1
TGFBR3,1
CRLS1,1
ANLN,1
CHMP5,1
ZNF827,1
FAT4,1
SNX29P2,1
AC004623.3,1
TIMM10,1
SLC43A1,1
MLC1,2
AMER1,1
MAK16,2
ZGPAT,1
MPG,1
TOX2,1
VRK3,2
RAI14,1
RIN2,1
FAM193A,2
ETFDH,1
OAS3,2
USP6NL,1
ZNF321P,1
ZNF888,1
SLC8A3,1
CH17-174L20.1,1
AC133633.2,1
KLF12,2
CENPK,2
AC112198.1,1
AC016738.4,1
FGD5,1
RGL3,2
ECSIT,1
SYT12,1
CPD,1
AC109826.1,1
GLS2,1
GON4L,2
COL26A1,1
CDC42,1
CELA3A,1
MKNK1,1
DNAJC28,1
PEX1,1
MEPE,1
FHL2,1
THAP8,1
PDLIM4,1
DMRT1,2
NME5,1
TMEM163,2
BMPR1B,1
DUX4L37,1
DUX4L26,1
PLGLB1,1
GTF3C6,1
SH3BP5-AS1,1
ZBTB3,1
THUMPD2,1
LRP4-AS1,1
UBA3,1
UCK1,1
MED27,2
LCMT1-AS1,1
CLUL1,1
CLPTM1L,3
GLUL,1
OSBPL1A,2
ROCK1,1
DDX52,1
IL1RAPL2,1
NRK,1
COLQ,1
CCDC79,1
CDC20,2
CAMK2B,2
CDKL1,1
SHISA9,2
PFN4,1
BAHCC1,1
XCR1,1
AP000345.1,1
GOLPH3,2
DNAI2,1
SRPR,1
ZNF579,1
BP-21264C1.2,1
CYB5D2,1
KRT15,1
EIF4A3,1
CCDC71L,1
MOGAT3,1
NAGK,1
SH3D21,1
RMND1,1
AC072062.1,1
WDFY1,1
AC072062.3,1
SP100,1
RIN3,1
ETV2,2
MAP3K10,1
C5AR1,1
HAND2,2
RPL19,1
EPHA5,1
IL10RA,1
CABP7,2
FSHR,1
SC5D,1
LINC00161,1
LINC00240,1
STARD4-AS1,1
C10ORF91,1
GLRA3,1
SOX7,1
SERPINB5,1
VAMP1,1
SYNE3,1
PHF20L1,1
FOXA1,1
BRWD1,1
VPS16,1
STRADB,1
ITSN1,2
ATXN7L1,1
CNST,1
HARBI1,1
RUVBL2,2
FAM212A,1
COX8A,2
BNIP3L,1
HSPB7,1
USP24,1
ITGA6,3
AC104088.1,1
TADA2A,2
TRIM40,1
C21ORF62-AS1,1
ARHGEF26-AS1,1
DBNDD2,1
ULK4,3
AC005262.3,1
SNX19,1
LINC01153,1
ILKAP,1
PI15,1
H2AFZ,1
ZNF542P,2
CYP1A1,2
COQ3,1
FRA10AC1,1
PRODH2,1
GNAI1,1
RAB17,1
DOCK10,1
AC016717.1,1
AC016831.7,1
CPA5,1
MTERF1,1
SGCE,1
TMUB2,2
SETX,2
CSDC2,1
EVI5L,1
ITGA5,5
SOCS3,1
TMEM30A,1
TADA2B,1
RAB30,2
SUCLG2,3
CX3CR1,1
OPN3,1
PGGT1B,1
TRIM36,1
ST6GALNAC2,3
ETV7,1
EBAG9,3
IGKV4-1,1
C7ORF72,1
TMEM18,1
DLEC1,1
CNOT11,1
DYNC1I2,2
ETF1,2
ARF6,1
PCED1B,1
STX3,1
RASSF6,1
SOD1,1
ACADM,1
RABGGTB,1
XXBAC-BPG252P9.10,1
GIMAP3P,1
GIMAP1-GIMAP5,1
TSPO2,1
APOBEC2,1
RAB3IL1,1
SLC4A1,1
LYPLA1,1
VWF,2
C18ORF8,1
RAMP1,1
NDP,1
RPL13AP23,1
TARBP1,1
TRIM56,2
ORAOV1,1
PLS3,1
AC017101.10,1
OR7E47P,2
STAT5A,1
GALNT8,1
PRMT8,2
CCDC89,1
CREBZF,2
AC073316.2,1
RNF186,1
MAST1,2
ZNF791,1
MC2R,1
CIB2,1
TBC1D2B,1
TNFAIP8L1,1
IGHV7-81,1
ERLEC1,1
CTSLP2,1
OPTN,1
MCM10,1
SLC25A19,1
GINM1,1
AK9,2
HIST1H2BE,1
NEMP1,1
MYO1A,1
KLHL12,1
RABIF,1
MAP2K1,1
ZBTB5,1
TOPORS,1
GPBP1L1,1
IPP,2
AC006159.4,1
LINGO1,1
LIN7C,1
TSTA3,2
AC015922.5,1
LINC01116,1
MGAM,2
IDH1,1
SLC25A1,2
CBR3-AS1,1
LACTB2,1
TNRC6A,2
FZD7,1
AC005562.1,1
LRRC37BP1,1
MARCKS,1
TNS2,1
TRIM2,1
RAB1A,4
ALAD,1
CAPN5,1
FASTKD5,1
SYNDIG1,1
IL1B,1
SH3PXD2B,3
TAB2,1
ITGA2,1
UBOX5,1
PCDHGB9P,1
ZC3H13,4
DZIP1,1
PPP5D1,1
CDC40,2
AC006116.12,1
ACHE,1
PRPS2,2
TLR7,2
CSPG4,1
CLIC1,2
STRA6,1
OOSP2,1
MS4A3,1
KRT10,2
AP000275.65,1
C21ORF59,1
ATP5J,1
ZNF529,1
LRMP,2
AC108142.1,1
LINC00290,1
GTF2F2,2
SPPL2B,2
SMIM23,1
ZNF720,2
CPT1C,2
TMEM171,1
PKN2,1
NOL10,2
CXCR5,1
MYD88,1
EFNB1,1
SMAGP,1
ALG12,2
LINC01141,1
STXBP6,2
TTLL8,1
IL17REL,1
SSBP1,2
PLIN1,1
ATP2B1,1
POC1B-GALNT4,1
THEMIS,2
RFFL,1
STAG1,3
AC009961.3,2
WDSUB1,2
KRT43P,1
RYK,1
KCNMB3,1
TYW1B,1
ZIC4,1
CAPN13,1
LCLAT1,1
METAP2,1
SLC39A7,2
TM2D1,1
CYP51A1,1
LRRD1,1
ABHD14B,2
MEIS2,2
C15ORF41,1
CSTA,1
SEC22A,1
GMPS,1
INSIG1,1
FAU,1
AC104534.3,2
INAFM2,1
ZFP28,1
POSTN,2
CCDC50,3
MAFK,3
TMEM8A,2
ADAM23,1
CMAS,2
CACNG2,1
FAM131A,2
NDUFB9,2
PHGDH,3
SF3A3,1
GNL2,1
PID1,1
LRRC37A4P,1
TAGLN3,1
RAB35,1
HOXD8,1
SLCO2B1,2
HOXD10,1
HK3,2
ARL6IP5,1
TSPAN7,1
NME6,1
ELMOD3,2
DLGAP5,1
ACAD10,2
GATM,1
CXCL5,1
TEAD3,1
GPS2,1
CYP2C19,2
GRK1,1
PDE6C,1
DDX59,1
ARTN,1
IPO13,1
FAM96A,2
SPIRE1,2
ZFAND4,1
MEGF11,1
SPATA3,1
UGT1A13P,1
PARK7,1
AMMECR1,1
ACVR2A,1
PCDHA1,1
PCDHA11,1
PCDHA12,1
PCDHA13,1
PCDHA2,1
PCDHA3,1
PCDHA4,1
PCDHA5,1
PCDHA6,1
PCDHA7,1
PCDHA8,1
PCDHA9,1
BRMS1,1
GADD45B,2
CLMN,1
RAB34,1
LGALS3,1
MAPK1IP1L,1
SEC23B,2
COX11,1
ARHGAP31,1
PRRT1,1
SAMD10,1
WDR55,1
GSTO1,1
RNF8,1
FER1L4,1
MYO7B,1
FDXR,1
ZNF100,1
PCBD2,1
MTPAP,1
KIAA1462,1
COX5A,1
ZFP91,1
CLPB,1
ZFP91-CNTF,1
SNRPB2,1
C2CD4D,2
WNT11,2
IL34,1
CCL17,1
C16ORF52,1
PALB2,1
DBF4B,2
PAFAH1B1,1
FUK,2
SLC6A2,1
PMFBP1,1
RADIL,1
NDUFAB1,1
BEND2,1
USP31,1
AC093627.9,1
ITGA8,1
SMDT1,1
GRAMD3,1
CD274,1
POLQ,1
PTOV1,2
CHCHD1,1
FCER2,1
SMCO4,2
MS4A12,1
THOC1,1
FRK,1
C16ORF96,1
RBM4B,1
NT5DC3,1
TTC41P,1
PLAUR,1
SPINT1,3
FYN,1
KRT18P65,1
WNT7A,3
UBP1,1
TRANK1,3
NEK10,1
CAPN7,1
SATB1-AS1,1
SCN10A,1
DNAJC16,1
MOBP,1
ZNF385D-AS2,1
CMTM6,1
GRM7,2
CDKL5,1
AP000442.4,1
AC007246.3,1
ASMTL-AS1,1
MS4A4E,1
MS4A6A,1
PRSS45,1
VPS26B,1
JAM3,2
WEE2,1
CCNC,1
SERPINA12,1
HEATR5A,1
VPS11,1
HMBS,1
HMOX2,1
SLC16A1,1
OR5B12,1
TMEM134,1
CABP4,1
KRT8P2,1
SMAD2,1
AP1S3,1
CALCB,1
FBXO7,1
INTS3,1
PIK3R4,1
FIRRE,1
EMB,1
SLC8A1-AS1,2
TTC38,1
GALK1,1
TUBGCP5,2
ZNF736,1
CACNA1G,1
DARS2,1
SNURF,1
H3F3A,1
FSTL3,2
KLF10,1
PDHA1,1
HCN3,1
PGD,2
PTHLH,1
SLC25A46,1
SGK1,2
BUD31,2
SKIV2L2,1
FAM159B,1
STUB1,1
BCL7C,4
TADA3,1
TEX261,1
C7ORF57,1
ZNF638,1
MYLK2,2
ZNF713,1
PRSS2,1
NDUFS7,1
PRICKLE4,1
TOMM6,1
C5ORF22,1
SLC12A7,1
C2ORF80,1
APOL6,2
NECAP1,2
CLEC4A,2
B3GNT7,2
SETD1A,2
PSMF1,2
C20ORF202,1
CYP3A7,1
CYP3A7-CYP3A51P,1
FOXN4,1
CALR4P,1
BSPRY,1
BARX2,1
ZC3HAV1L,1
KLRG2,1
TATDN2,1
IRAK2,2
FUZ,1
CCSAP,1
FGF22,2
CDC34,1
LINC00562,1
RBM34,1
CCDC63,1
DCAF4L2,1
UNC50,1
YIPF6,1
KCNN2,1
TRAF3IP2-AS1,1
FABP7,1
HSF5,1
CEP290,1
C12ORF50,1
MXD3,1
AC016700.5,1
MUC19,1
LRRK2,2
C12ORF73,1
TDG,1
LRRC53,1
PROK1,1
AC006159.5,1
PDE5A,1
NDNF,1
RDH10,1
RDH10-AS1,1
GNB2,1
AC002398.12,1
EXOSC5,1
HAS2,1
MRPL35,1
PEX11B,1
UTP15,1
IKBKAP,2
VPS33A,1
DTNB,3
PLCE1,2
TECPR1,1
OCM2,1
ZMAT4,2
FLJ42102,1
OR7E11P,1
PLEKHB1,1
LINC00993,1
VN1R53P,1
EFR3A,1
ATP8A2P1,1
TMEM161BP1,1
CYP4F3,2
FGFR1OP2,2
RASSF8-AS1,1
SLC38A11,2
KCNH7,1
TRHDE-AS1,1
APOA1BP,2
HAPLN2,1
ZNF341-AS1,1
TTLL9,1
CES1,1
FFAR2,1
HAP1,2
LMNTD1,1
LFNG,2
OTOA,1
C17ORF78,2
OCEL1,1
OR7E158P,1
CPB2-AS1,1
CDH18,2
PYROXD2,2
ZBTB26,1
PLCG2,1
AP000350.10,1
LINC00693,1
PSMA3-AS1,1
SIRT1,1
MYPN,1
USH1C,1
ZBED5,1
ALDH4A1,1
MRPL40,1
RANBP10,1
ACD,1
YME1L1,1
TAF1A-AS1,2
MIA3,2
LINC00868,1
BMX,1
C17ORF82,1
TBX4,1
TECTB,1
TRPV1,1
CHIC2,1
EVC2,1
EQTN,1
SRP72,2
PCSK2,1
TUT1,2
CATSPER1,1
GALNT9,1
MTA2,1
C12ORF76,1
RRAGD,1
LINC01422,1
LINC01234,1
STXBP5L,1
COX7A2L,1
MAP4K3,1
POLR1C,1
RSPH9,1
C7ORF55,1
CADM2,1
SEL1L2,1
ANKS4B,1
C4BPA,1
C4BPB,1
WTAPP1,2
C11ORF70,1
RPH3AL,3
TENM1,1
PIGQ,1
LA16C-407A10.3,1
TTF2,1
FAM76A,1
DDC,1
MEMO1,2
KCNB1,1
LINC01111,1
TNFRSF4,1
PAGR1,1
AC009133.23,1
LRIG3,1
QPCTL,1
CATSPERB,1
DNAH7,1
PAQR9-AS1,1
PRR14,1
U2SURP,2
CRYBB1,1
NSDHL,1
PODXL,1
OLMALINC,1
PP7080,1
DTYMK,1
AC008592.7,1
SPATA5L1,3
C15ORF48,2
AS3MT,1
BORCS7-ASMT,1
SLC5A10,1
DUSP10,1
FAM213A,2
PRKD1,1
HAT1,3
DLX2-AS1,1
GLYAT,1
LTA4H,1
MON1B,1
ACSL3,1
LINC01569,1
DLX2,1
BCL10,1
EPM2A,1
LINC00353,1
LINC01040,1
AVEN,1
NEIL2,1
TFEC,1
STAG2,2
GCM1,2
AKAP10,1
DPY19L3,1
SUPT7L,1
MED31,1
TTC28-AS1,1
UNC79,1
KIAA0753,1
SH3RF1,1
CBR4,1
MAL2,1
SLC38A9,2
EMD,1
ASB8,1
CPTP,1
SCRIB,1
FAM83E,1
C17ORF53,1
RABEP1,1
TGFA,1
ADD2,1
C2ORF48,1
GATA2,1
NECAB1,1
MED30,1
CA8,2
DDX55,1
DNAH10,1
IGLC7,1
TCTN2,1
SPESP1,1
AC107218.3,1
DUXAP9,1
NBEAP3,1
RIMS1,1
C14ORF37,1
MAPK11,1
MIRLET7BHG,1
MAPKAPK5,1
NT5M,1
DDI2,1
FAXDC2,1
BTNL9,1
SLCO1B3,1
ADGRA1,2
ASTN1,1
CADPS,1
PTPRG-AS1,1
PROX1,1
GRM4,1
RPS10-NUDT3,1
N6AMT2,1
ARID3B,1
MAPK10,1
HAPLN1,1
NFASC,2
SHOX2,1
SATB1,1
DCX,1
SCN8A,1
PM20D2,1
BTBD9,1
SRGAP2,1
KCNJ5,1
PLXNA2,2
C10ORF10,1
TMEM72-AS1,1
CDK18,1
LMX1B,1
ZEB1,1
RSU1,2
C1QL3,1
ZNF316,1
G0S2,1
EZH1,2
EVA1A,1
AMT,1
TRIM23,1
AC003002.6,1
MLPH,1
SYT16,1
HOOK2,1
ACTN3,1
INSRR,1
STRA13,2
NECAP2,1
ERC2,1
ADCY6,1
MTFMT,1
RASL12,1
IL1R1,1
LINC00861,1
NOS2,1
LYPD4,1
MTBP,2
CFAP52,1
XXBAC-B33L19.12,1
EXOSC1,1
WDR25,1
FAM71D,1
AC093818.1,1
HEATR9,1
ZNF175,1
AC018755.16,1
SLC26A9,1
LINC00926,1
LAS1L,1
RNF6,1
ATP8A2P3,1
RHBDD1,1
PRDX6,2
IGLV3-10,1
SLC34A1,1
AGR2,4
MREG,1
XXBAC-BPG308J9.3,1
SLC39A8,1
HMGN3,1
NDST3,1
USP53,1
LIMS2,1
ST5,1
FABP1,1
NUB1,1
DPP4,1
FLJ37453,2
UQCRHL,2
NABP1,1
MDGA1,1
TMEM107,1
SERINC1,2
HEIH,1
ISM2,1
NLRP2,1
NTNG1,1
NSRP1,1
ATP5F1,2
CDC123,1
DHTKD1,1
KIAA2012,1
TOPORS-AS1,1
AC010226.4,1
INPP5E,1
GABRE,2
RHOV,1
TMEM60,1
KLHL7,1
FKBP9P1,1
ANKRD30BP2,1
FAM69A,1
AP000439.3,1
HOTTIP,1
FZD4,1
GRK4,2
AC131056.3,2
CCL4L2,2
ISL1,1
PRC1-AS1,1
PON2,1
ANKRD13C,1
AC012531.25,1
CNIH4,1
LAT,1
METAP1,1
NINJ1,1
ID4,1
SLC6A8,1
FAM53C,2
ANGPTL4,1
GIT2,1
ORAI1,1
PTPN9,2
DDIT3,1
FAM101B,1
PPP1R21,1
STON1-GTF2A1L,1
SNAPC2,1
TM7SF2,1
B3GNT5,1
KLHL24,1
TDRKH,1
MRPL9,1
FAM160B2,2
MRPL38,2
TTBK1,1
CNIH2,1
TMEM151A,1
MAGOH,1
RTKN,1
C2ORF81,1
TRIAP1,1
CTDP1,1
XPO5,1
MTMR7,1
SDHAP2,1
MARCH9,1
LINC01006,1
C1ORF162,1
CORO6,1
GIT1,1
BCL2L10,1
PIANP,1
PLPP6,1
SRPK3,1
MATN3,1
C5ORF34,1
CRYL1,1
TPTE2,1
GNB3,1
HAUS3,1
FECH,1
UBE2I,1
BCL2L12,1
RASSF2,1
ZNF865,1
MFSD5,1
FMN1,1
EIF2B1,1
POTEA,1
MPHOSPH9,3
IGHV2-5,1
UNC13C,1
TIPIN,1
SH2B1,2
ATP2A1,1
IKBIP,1
ACAA2,2
ANO6,1
CD55,1
EML3,1
MOCS1,1
PMP22,1
COL5A3,1
FUCA2,1
ITIH5,1
SPEF1,1
AC139887.4,1
CS,1
TPH2,1
STK25,1
TRHDE,1
ADGRE5,1
KLC4,1
ZNF224,1
EPB41L4B,2
GORASP2,1
CDADC1,1
PTBP2,2
MYSM1,1
AC010883.5,1
TRAPPC8,1
DSC1,1
HHIPL1,1
LL22NC03-N95F10.1,1
SLC26A4-AS1,1
GPRC5B,1
ZRANB2-AS2,1
C5AR2,1
PUM2,2
KRT20,1
RCN2,1
DDX50,2
AGPAT5,1
MCPH1,1
GEMIN2,1
SEC22B,1
SCUBE2,1
KLK5,1
CDH23,2
LINC00483,1
FBLN5,2
TC2N,2
ZNF135,1
MED6,1
PPP1R2P3,2
SGCD,2
CAV3,1
MYRIP,1
SECTM1,1
ABCB5,1
JARID2,2
SMIM15,1
C11ORF58,1
UTAT33,1
MIR1539,1
C18ORF32,1
DPF2,1
CUL1,1
OPN1SW,1
ZMAT3,1
AF146191.4,1
PLS1,2
MBP,1
DERA,2
RCN1,1
MPV17L2,1
AK5,1
COQ7,1
GNGT1,1
RFXANK,2
GPM6A,1
ITGA4,1
AC068196.1,1
TP53RK,1
CDIPT,2
NUDCD3,2
PSMB8-AS1,1
TARS2,2
RFC3,1
PRIMPOL,1
SLC15A3,1
SLC16A2,1
DNAJB2,1
TFAM,2
NASP,1
C1ORF61,1
PIGV,1
AC091132.1,1
AP001469.5,1
C17ORF80,1
CLSPN,1
HINT2,1
LZIC,1
ZNF395,1
LAMA4,1
MRRF,1
AKR1C8P,1
GLI3,1
RHOH,1
PMS2CL,1
ARHGAP19,1
ARHGAP19-SLIT1,1
C12ORF10,1
ANKRD33B,1
WDR37,1
TKFC,1
RAB14,1
SLC33A1,1
PLCH1,1
SPG11,1
PAQR5,1
MYB,1
L3HYPDH,1
EXO5,1
NFYC-AS1,1
MCMDC2,1
C8ORF44,1
ZNF684,1
C16ORF91,1
WFDC3,1
SRRM4,1
HSPB8,1
CCR1,1
AAED1,1
ZFAND5,1
LURAP1L-AS1,1
ASIC1,1
MRPL22,1
KIF4B,1
BP-2189O9.2,1
TTLL6,1
LTN1,1
YAF2,1
ENSA,1
CDC14B,1
SLC20A1P1,1
NAA16,1
AIMP1,1
ANKRD10,1
ITPKB,1
WASL,1
SMC2,1
CCL13,1
ATP5O,1
ZMYND11,1
TRAT1,1
WTAP,1
TUBA3C,1
SMPD4P2,1
HSD17B11,1
SPARCL1,1
TSGA10,1
DSN1,1
RPLP1P6,1
CCDC137,1
TMEM69,1
ZWINT,1
TNIP2,2
HMGCLL1,1
OSTCP1,1
MAP1LC3B,2
AKR1C4,1
TOX3,1
GNAO1,1
PPP2R2C,1
C19ORF43,1
CCNI,1
ANXA9,1
PKD1L2,1
FSD1L,1
PIK3CG,1
AL592528.1,1
SUPV3L1,1
ATRX,1
LETM2,1
DOK6,1
FAM227B,1
REG1A,2
LINC00407,1
NEIL1,1
CNEP1R1,1
UBXN7,2
TMEM189,1
TMEM189-UBE2V1,1
ASH2L,1
KCNK12,1
BTG3,1
C21ORF91,1
ZC2HC1C,1
ING1,1
FNIP2,1
TOMM34,1
ZFP42,1
IL1RN,1
COL9A3,1
AP003900.6,1
CRBN,1
GALNT3,1
AC009495.3,1
RPL29,1
VSTM4,1
TMEM265,1
P2RX6P,1
OASL,1
TEX41,2
EPT1,1
DRC1,1
CCDC129,1
COG6,1
LRP11,1
FSD1,1
TMIGD2,1
BOC,1
DAPL1,1
OR7E28P,1
CPED1,1
CCNG1,1
COL19A1,1
CREB5,1
SPEG,1
GLI2,1
ITGB3BP,2
XRN2,1
KIZ,1
RPL23AP94,1
NEUROG2,1
C8ORF37-AS1,1
XPO7,1
PQLC2,1
C15ORF61,1
MAP2K5,1
RNF139-AS1,1
C5ORF66-AS2,1
PFDN1,1
NPSR1-AS1,1
DTX2P1,1
AARSD1,1
PTGES3L-AARSD1,1
STMN2,1
NMRK1,1
LIPK,1
TMEM39A,1
AGPAT2,1
TOP2B,1
TNFRSF1A,1
MOGS,1
LINC01232,1
LY75,1
MTX3,1
MYLIP,1
NMNAT1,1
UTP23,1
SFMBT2,1
SMYD5,1
CDC42BPG,1
ST3GAL5,1
STAG3L4,1
LINC01372,1
TNK2,2
ZCCHC9,1
ATP9B,1
ABHD3,1
PNPLA4,1
TRPA1,1
CFAP74,1
MYCBP2,1
INHA,1
STK11IP,1
COQ9,1
PPP6R2,1
PAPL,1
SMARCAD1,1
VWA8,2
TRIM4,1
P4HA2,1
HAPLN3,1
SLC25A10,1
ADPRM,1
ATG101,1
DCUN1D4,1
FKBP15,1
LGMN,1
SLC29A4,1
AC073133.1,1
C6ORF48,1
CARD17,1
FBXO22,1
COMMD4,1
UBE2M,1
BIRC2,1
DNAL1,1
RNF170,1
THBD,1
FGF3,1
DGAT2,1
TRAV1-2,1
STOM,1
POLR2B,1
PPEF1-AS1,1
RS1,1
CKS2,1
SECISBP2,1
FBXL16,1
OTX2,1
OTUD6B-AS1,1
TMEM55A,1
STRAP,1
AC079807.2,1
DPY30,1
CD8B,1
MYO18B,1
DUSP2,1
ASTL,1
KANK4,1
SEPT1,1
PLEKHD1,2
ZNF493,1
L2HGDH,1
ZNF132,1
C12ORF71,1
LINC00355,1
ACACB,1
KB-1562D12.1,1
MCHR1,1
MRPS36,1
PIP5K1A,1
SCNM1,1
TNFAIP8L2,1
SRR,1
GAS5,1
XX-CR54.1,1
VPS35,1
KRT86,1
C9ORF172,1
AC079135.1,1
DHX32,1
UROS,1
TIAM2,1
PALMD,1
BSN,2
FAM47E-STBD1,1
STBD1,1
C3ORF70,1
AMZ1,1
ECD,1
SH3BP5,1
MAFA,1
CROCC,1
ABCC12,1
LINC01511,1
GLIS3-AS1,1
EPS15L1,1
AC007228.5,1
ZIM2-AS1,2
PSMA6,1
FAM110C,1
CECR1,1
NSUN4,1
NCCRP1,1
PMS2P3,1
FAM110D,1
ZSCAN32,2
HAGH,1
MYO1F,1
GRWD1,1
SAFB2,1
AC004231.2,1
DEFB123,1
ANXA13,1
TPD52L3,1
GAPDHS,1
SEMA3E,1
STON2,1
SEL1L,1
MOV10L1,1
LINC00276,1
FSIP2-AS1,1
AC007966.1,1
PHC3,2
DCD,1
CENPT,2
DPEP3,1
RAG1,1
ZNF502,1
CCNL1,1
NMD3,1
CBX4,1
CCNG2,1
SPTSSB,1
PPDPF,1
TFF3,1
PCAT29,1
LINC00593,1
CXADR,1
AP000432.1,1
C11ORF24,1
EIF4A1,1
AC073094.4,1
ZNF423,1
ALDH9A1,1
NUDT7,1
C12ORF66,1
CHRNB1,1
TXNDC17,1
LUZP2,1
CENPL,1
RNF128,1
F11-AS1,1
LY6D,1
LYNX1,1
LINC00871,1
DOCK7,1
AC009478.1,1
KLRC3,1
PARK2,1
AC006946.15,1
KB-1572G7.2,1
SLC35E1,1
NOG,1
PODNL1,1
AP000304.12,1
NECAB3,1
KBTBD2,1
DPY19L1P1,1
C17ORF47,1
ZNF527,1
MRPS33,1
DPEP2,1
SF3B6,1
FSTL4,1
ZNF608,1
AC079117.1,1
AC073928.2,1
MKRN3,1
AC010745.2,1
C1ORF109,1
IST1,1
MACROD2-AS1,1
JOSD1,1
PLEKHM1P,1
ZNF597,1
ST6GALNAC1,1
DGKA,1
UBIAD1,1
TMEM63A,1
JRK,1
ZDHHC3,1
NDUFB4,1
GIMAP2,1
TMEM254,1
ANKRD12,1
RNASEH2C,1
MDC1-AS1,1
CD2AP,1
TMEM63B,1
